t = kBT/eps0,T [K],u/eps0,c/kB,s/kB,p_minus,p_zero,p_plus
0.001,0.23209036243100162,-1.0,1000000.0,1.3815510557964273e-297,1.0,0.0,0.0
0.004002002002002002,0.9288260950942386,-1.0,62437.484375003914,7.558161888588235e-107,1.0,3.0247779009585347e-109,9.149281350127119e-218
0.007004004004004004,1.6255618277574757,-1.0,20384.836319630565,1.4062177717886875e-60,1.0,9.849154904109557e-63,9.700585232514533e-125
0.010006006006006006,2.322297560420713,-1.0,9987.998800960962,3.947836396131574e-42,1.0,3.9502074690421637e-44,1.5604139048476497e-87
0.013008008008008009,3.0190332930839503,-1.0,5909.876545585872,3.155641031921479e-32,1.0,4.104860381363326e-34,1.6849878750486265e-67
0.016010010010010012,3.7157690257471874,-1.0,3901.366882782368,4.6684667490769737e-26,1.0,7.474219938412125e-28,5.586396368775735e-55
0.01901201201201201,4.412504758410424,-1.0,2766.5838663319523,7.547607573373747e-22,1.0,1.434952058469345e-23,2.0590874101054103e-46
0.022014014014014014,5.1092404910736615,-1.0,2063.485981409821,8.495898198951984e-19,1.0,1.870288220133654e-20,3.4979780263707116e-40
0.025016016016016017,5.805976223736899,-1.0,1597.9519182865974,1.7423063530870448e-16,1.0,4.358556363363197e-18,1.8997013572613818e-35
0.02801801801801802,6.502711956400136,-0.9999999999999998,1273.8702039887933,1.149453796254439e-14,0.9999999999999998,3.1583292200176745e-16,9.975043462017454e-32
0.031020020020020023,7.199447689063374,-0.99999999999999,1039.239995763883,3.3202480491673614e-13,0.99999999999999,9.989463831605162e-15,9.978938764294866e-29
0.03402202202202202,7.89618342172661,-0.9999999999998281,863.9323913714857,5.220111918878598e-12,0.9999999999998281,1.717516520779477e-13,2.949862999150946e-26
0.03702402402402402,8.592919154389845,-0.9999999999981382,729.512540379797,5.214748526982341e-11,0.9999999999981382,1.8617767899751376e-12,3.466212815696581e-24
0.04002602602602603,9.289654887053086,-0.9999999999858844,624.1874797904961,3.667748115907909e-10,0.9999999999858844,1.4115546877923756e-11,1.9924866366567559e-22
0.04302802802802803,9.986390619716321,-0.999999999919331,540.1285259224109,1.9554728939938484e-09,0.999999999919331,8.066911332231488e-11,6.507505844733433e-21
0.046030030030030034,10.683126352379558,-0.9999999996327389,471.97335760409624,8.345991487121519e-09,0.9999999996327389,3.672611985685775e-10,1.3488078802356458e-19
0.04903203203203203,11.379862085042795,-0.9999999986112073,415.94912695053534,2.9712989892373654e-08,0.9999999986112071,1.3887929323420884e-09,1.9287458116019647e-18
0.05203403403403403,12.076597817706032,-0.9999999954955088,369.3388652666271,9.107266184135384e-08,0.9999999954955088,4.5044910950344145e-09,2.0290440116642453e-17
0.05503603603603604,12.77333355036927,-0.999999987149887,330.1457557341212,2.4633555177319754e-07,0.9999999871498871,1.2850112694974637e-08,1.6512539839542832e-16
0.05803803803803804,13.470069283032506,-0.9999999671094122,296.8756535123536,5.995980247236385e-07,0.9999999671094133,3.289058564956003e-08,1.0817906599517738e-15
0.061040040040040044,14.166805015695743,-0.9999999232482035,268.39254408318203,1.3341526124883883e-06,0.9999999232482094,7.675178455361013e-08,5.890836884296066e-15
0.06404204204204204,14.863540748358982,-0.9999998345740877,243.82026612564314,2.748508932875722e-06,0.999999834574115,1.654258575430445e-07,2.7365718870849913e-14
0.06704404404404404,15.560276481022218,-0.9999996671479361,222.47431778369267,5.297529613110263e-06,0.9999996671480469,3.328518424067841e-07,1.1079038587038698e-13
0.07004604604604604,16.257012213685456,-0.9999993692288258,203.8136643944987,9.635864193544308e-06,0.9999993692292237,6.307703784770892e-07,3.9787152132985876e-13
0.07304804804804804,16.953747946348688,-0.9999988658403738,187.4061135222646,1.6660372983423877e-05,0.9999988658416601,1.13415705367487e-06,1.286313681283851e-12
0.07605005005005006,17.65048367901193,-0.9999980530243106,172.9030613145691,2.7548215191358064e-05,0.9999980530281012,1.946968108215454e-06,3.7906921947792434e-12
0.07905205205205205,18.347219411675166,-0.9999967920863759,160.02081959318312,4.378767257935014e-05,0.9999967920966666,3.2078930427193785e-06,1.029061078481203e-11
0.08205405405405405,19.0439551443384,-0.9999949041454306,148.52663429333472,6.719947105529294e-05,0.9999949041713979,5.095802634763747e-06,2.5967336817562827e-11
0.08505605605605605,19.74069087700164,-0.9999921652730867,138.22809493407826,9.994720739078789e-05,0.9999921653344681,7.83460415034152e-06,6.13815030960952e-11
0.08805805805805805,20.437426609664875,-0.9999883024652443,128.9650266635583,0.00014453635711378636,0.9999883026020717,1.169726110079367e-05,1.3682751778606386e-10
0.09106006006006007,21.134162342328114,-0.9999829906269474,120.60322133895967,0.0002038021323565832,0.9999829909162514,1.700879444463472e-05,2.89304009255959e-10
0.09406206206206207,21.830898074991353,-0.9999758506860446,113.0295458837578,0.000280887110268799,0.9999758512691916,2.4148147661171576e-05,5.831471177285138e-10
0.09706406406406407,22.52763380765459,-0.9999664488859816,106.14809263449288,0.0003792100323708276,0.9999664500115456,3.3548862890203136e-05,1.125563963883642e-09
0.10006606606606606,23.224369540317827,-0.9999542972487648,99.87712551041423,0.0005024274786881982,0.99995429933722,4.569857432483369e-05,2.0884551391063925e-09
0.10306806806806806,23.92110527298106,-0.9999388551489508,94.146639394958,0.0006543902623632094,0.9999388588869579,6.113737503498677e-05,3.738007172087684e-09
0.10607007007007008,24.6178410056443,-0.9999195319001366,88.89639594940593,0.0008390963965267175,0.9999195383736891,8.045515275830125e-05,6.4735524779219715e-09
0.10907207207207208,25.31457673830754,-0.9998956902271743,84.07433247539016,0.0010606423862261278,0.9998957011042996,0.00010428801857528365,1.0877125290514904e-08
0.11207407407407408,26.011312470970772,-0.9998666504796623,79.63526501723364,0.001323174425011807,0.999866668254647,0.0001333139703684235,1.7774984665121928e-08
0.11507607607607608,26.70804820363401,-0.9998316954340014,75.53982514491605,0.0016308408565078054,0.9998317237461356,0.0001682479417301196,2.831213415629644e-08
0.11807807807807807,27.40478393629725,-0.9997900755308625,71.75358352936725,0.001987747019706534,0.9997901195714155,0.00020983638803146238,4.4040552992227556e-08
0.12108008008008009,28.101519668960485,-0.9997410144007383,68.24632374675315,0.0023979133515253095,0.9997410814222195,0.0002588515562991489,6.702148130511172e-08
0.12408208208208209,28.798255401623724,-0.999683714540685,64.99143760687738,0.0028652373852394095,0.9996838144823765,0.00031608557593196056,9.994169142767542e-08
0.1270840840840841,29.49499113428696,-0.9996173630189612,61.96541932593702,0.0033934600681792795,0.9996175092622104,0.0003823444945406486,1.4624324919382499e-07
0.1300860860860861,30.191726866950198,-0.999541137099771,59.14744051553756,0.0039861366322544705,0.9995413473656153,0.0004584423685403492,2.1026584425627466e-07
0.13308808808808809,30.888462599613433,-0.9994542096966961,56.51899157490727,0.004646612089196288,0.9994545070970619,0.0005451955025724391,2.974003658140973e-07
0.1360900900900901,31.585198332276672,-0.9993557545797478,54.0635779003251,0.0053780012894416585,0.9993561688317844,0.0006434169161792589,4.142520363981574e-07
0.13909209209209208,32.281934064939904,-0.9992449512767907,51.76646154985133,0.006183173378156484,0.9992455200878955,0.0007539111009996845,5.688111047628822e-07
0.1420940940940941,32.978669797603146,-0.9991209896247795,49.614440761090364,0.007064740401987992,0.9991217602536285,0.0008774691175222873,7.706288490903134e-07
0.14509609609609608,33.675405530266374,-0.998983073939675,47.595661119466705,0.008025049762885329,0.9989841049361345,0.0010148640674058937,1.030996459525729e-06
0.1480980980980981,34.37214126292962,-0.9988304267857694,45.69945329371145,0.009066180177760326,0.9988317899100263,0.001166846965716834,1.3631242569133967e-06
0.1511001001001001,35.06887699559286,-0.9986622923354699,43.91619315459075,0.010189940781740821,0.9986640746541317,0.0013341430272067701,1.7823186617190491e-06
0.1541021021021021,35.765612728256094,-0.9984779393193358,42.237180818963125,0.01139787300532585,0.9984802454736859,0.00151744837196402,2.3061543500881806e-06
0.1571041041041041,36.46234846091933,-0.9982766635734025,40.65453575006333,0.012691254859121386,0.9982796182125198,0.0017174271483629733,2.9546391172600852e-06
0.1601061061061061,37.159084193582565,-0.9980577901966655,39.1611055244816,0.014071107271550629,0.9980615405657706,0.00193470906512448,3.7503691050483632e-06
0.1631081081081081,37.8558199262458,-0.9978206753361593,37.7503862685223,0.015538202142814072,0.997825394008391,0.0021698873193774027,4.7186722317023495e-06
0.16611011011011012,38.55255565890904,-0.9975647076204809,36.41645308866967,0.01709307180060198,0.9975705953583615,0.002423516903758208,5.8877378805375014e-06
0.1691121121121121,39.24929139157228,-0.9972893092650226,35.153899086321424,0.018736019568076738,0.9972965979961721,0.0026961132726784336,7.288731149507756e-06
0.17211411411411412,39.94602712423551,-0.9969939368737355,33.957781766525365,0.02046713118118765,0.9970028927639644,0.0029881513458067522,8.955890228856753e-06
0.1751161161161161,40.64276285689875,-0.9966780819630632,32.823575832730604,0.022286286819470504,0.9966890085688133,0.003300064825436589,1.0926605750094343e-05
0.17811811811811812,41.33949858956199,-0.9963412712339083,31.74713151138989,0.024193173541305603,0.9963545127151378,0.0036322458036327655,1.324148122946258e-05
0.18112012012012013,42.03623432222523,-0.995983066617216,30.7246376771233,0.02618729794060236,0.9959990109912223,0.003985044634771451,1.594437400627166e-05
0.18412212212212212,42.73297005488846,-0.9956030651180919,29.752589155507113,0.028267998866593907,0.9956221475344373,0.004358770049217344,1.908241634540077e-05
0.18712412412412413,43.4297057875517,-0.9952008984824015,28.827757669975174,0.03043446007157676,0.9952236044990307,0.004753689484340263,2.270601662919984e-05
0.19012612612612612,44.12644152021493,-0.9947762327086027,27.947165974726538,0.032685722672833095,0.994803101549406,0.005170029609790769,2.6868840803252964e-05
0.19312812812812813,44.823177252878175,-0.9943287674262096,27.108064779299518,0.03502069733451862,0.9943603952006697,0.005607977024870279,3.1627774460110273e-05
0.19613013013013014,45.51991298554142,-0.99385823516082,26.3079121245423,0.03743817609297479,0.9938952780269631,0.006067679106893687,3.7042866143122355e-05
0.19913213213213213,46.21664871820465,-0.9933644005041369,25.544354915677957,0.03993684376472544,0.9934075777567645,0.006549244990607972,4.3177252627627785e-05
0.20213413413413414,46.91338445086789,-0.9928470592058618,24.81521235734262,0.04251528889044056,0.9928971562729502,0.007052746659961523,5.009706708831023e-05
0.20513613613613613,47.610120183531116,-0.9923060372028348,24.11846106895219,0.04517201418044017,0.9923639085340243,0.00757822013478616,5.7871331189499154e-05
0.20813813813813814,48.30685591619436,-0.9917411895992887,23.452221687425176,0.04790544643802498,0.9918077614315285,0.00812566673623159,6.657183223995048e-05
0.21114014014014015,49.0035916488576,-0.9911523996106677,22.814746788903907,0.050713945946124106,0.9912286725973037,0.00869505441606041,7.627298663601765e-05
0.21414214214214214,49.700327381520836,-0.9905395774820881,22.204409982293452,0.053595815310617266,0.9906266291729664,0.009286319136155581,8.70516908782515e-05
0.21714414414414415,50.39706311418408,-0.9899026593912268,21.61969604569963,0.056549307760305687,0.9900016465527145,0.009899366285797764,9.898716148768684e-05
0.22014614614614614,51.09379884684731,-0.9892416063442288,21.059191992626243,0.059572634909023474,0.9893537671093997,0.010534072125429485,0.00011216076517094829
0.22314814814814815,51.79053457951054,-0.9885564030720925,20.521578968455056,0.06266397398991033,0.9886830589126819,0.011190285246728712,0.00012665584058947006
0.22615015015015016,52.487270312173784,-0.9878470569339793,20.005624889587175,0.06582147457550241,0.9879896144470586,0.011867828039862112,0.00014255751307928812
0.22915215215215215,53.18400604483702,-0.9871135968329338,19.51017774792882,0.0690432648001923,0.9872735493365795,0.012566498159774677,0.00015995250364575863
0.23215415415415416,53.88074177750026,-0.9863560721486552,19.034159512380928,0.07232745710380832,0.9865350010821791,0.013286069984296888,0.0001789289335239009
0.23515615615615615,54.5774775101635,-0.9855745516911851,18.576560566823634,0.07567215351669129,0.9857741278167368,0.014026296057711591,0.0001995761255515023
0.23815815815815816,55.27421324282673,-0.9847691226786774,18.13643463093302,0.079075450507781,0.9849911070822277,0.014786908514222173,0.0002219844035502779
0.24116016016016018,55.97094897548997,-0.9839398897417948,17.712894116163028,0.082535443417926,0.9841861346326465,0.015567620476501664,0.0002462448908517216
0.24416216216216216,56.6676847081532,-0.9830869739567373,17.305105874484386,0.08605023050097728,0.9833594232657775,0.016368127425182066,0.0002724493090402678
0.24716416416416417,57.364420440816446,-0.9822105119083983,16.91228730209349,0.08961791659528595,0.9825112016863164,0.017188108535765304,0.00030068977791824656
0.25016616616616616,58.06115617347968,-0.981310654784742,16.53370276437123,0.0932366164480141,0.981641713402368,0.018027227980005934,0.00033105861762610473
0.2531681681681682,58.757891906142916,-0.9803875675031101,16.168660311956867,0.0969044577142845,0.9807512156568886,0.01888513618933294,0.00036364815377850566
0.2561701701701702,59.45462763880616,-0.9794414278688477,15.816508660967504,0.10061958365263181,0.9798399783952508,0.019761471078345954,0.0003985505264031758
0.2591721721721722,60.151363371469394,-0.9784724257663635,15.476634413192468,0.10438015553754156,0.9789082832697591,0.020655859226845187,0.00043585750339561577
0.26217417417417416,60.84809910413262,-0.9774807623825065,15.148459494570892,0.10818435480908219,0.9779564226816362,0.021567917019233943,0.0004756602991297028
0.26517617617617617,61.544834836795864,-0.9764666494619405,14.831438792458805,0.11203038497879354,0.976984698860733,0.022497251740474393,0.0005180493987925037
0.2681781781781782,62.2415705694591,-0.9754303085940362,14.525057974144763,0.11591647331009922,0.975993422982978,0.023443462628080395,0.0005631143889417249
0.2711801801801802,62.93830630212234,-0.9743719705306642,14.228831470809233,0.1198408722905895,0.9749829143253809,0.024406141879902307,0.0006109437947167265
0.2741821821821822,63.635042034785585,-0.973291874534165,13.94230061266975,0.12380186091258073,0.9739534994582342,0.025384875617696596,0.0006616249240691398
0.27718418418418417,64.33177776744881,-0.9721902677546822,13.665031902433032,0.1277977457774264,0.9729055114739995,0.026379244806683327,0.0007152437193172647
0.2801861861861862,65.02851350011206,-0.9710674046359823,13.396615415406933,0.13182686203811672,0.971839289252252,0.027388826131478215,0.0007718846162697529
0.2831881881881882,65.7252492327753,-0.9699235463488372,13.13666331572668,0.13588757419379713,0.9707551767599459,0.028413192828945184,0.0008316304111087509
0.2861901901901902,66.42198496543854,-0.9687589602510057,12.884808479135598,0.1399782767489493,0.9696535223861765,0.02945191547865259,0.0008945621351708317
0.28919219219219217,67.11872069810175,-0.9675739193728344,12.640703213644734,0.14409739474911737,0.9685346783105502,0.03050456275173418,0.0009607589377157278
0.2921941941941942,67.815456430765,-0.9663687019274892,12.40401807018923,0.1482433842042357,0.9673989999042173,0.03157070211905472,0.001030297976728083
0.2951961961961962,68.51219216342822,-0.9651435908448246,12.17444073611205,0.1524147324098264,0.9662468451625807,0.03264990051966314,0.001103254317756175
0.2981981981981982,69.20892789609147,-0.9638988733279076,11.951675004947312,0.15660995817558462,0.9650785741686614,0.03374172499058481,0.0011797008407538076
0.3012002002002002,69.90566362875471,-0.9626348404312268,11.735439816553123,0.160827611970152,0.963894548586084,0.0348457432590589,0.0012597081548571575
0.3042022022022022,70.60239936141794,-0.9613517866596354,11.52546836216504,0.16506627599020743,0.9626951311806327,0.03596152429836998,0.001343344520997274
0.3072042042042042,71.29913509408118,-0.9600500095871018,11.321507249411521,0.16932456416136712,0.961480685369323,0.03708863884845602,0.0014306757822210644
0.3102062062062062,71.99587082674442,-0.9587298094943659,11.123315722757848,0.17360112207779393,0.9602515747959346,0.038226659902496817,0.0015217653015687032
0.3132082082082082,72.69260655940766,-0.9573914890246298,10.930664935229839,0.17789462688684976,0.9590081629319633,0.0393751631607031,0.0016166739073335539
0.31621021021021023,73.3893422920709,-0.9560353528564445,10.743337267616784,0.18220378712461116,0.957750812701956,0.04053372745253264,0.001715459845511487
0.3192122122122122,74.08607802473414,-0.9546617073929796,10.561125691669234,0.18652734250757672,0.9564798861322096,0.04170193512856043,0.0018181787392299452
0.3222142142142142,74.78281375739738,-0.9532708604669071,10.383833174093667,0.19086406368544376,0.9551957440218403,0.042879372423226536,0.0019248835549331349
0.3252162162162162,75.4795494900606,-0.9518631210601514,10.211272118406837,0.19521275195941226,0.9538987456352391,0.044065629789673016,0.002035624575087799
0.3282182182182182,76.17628522272383,-0.9504387990378013,10.043263841949223,0.1995722389700861,0.9525892484149658,0.04526030220786945,0.0021504493771646155
0.33122022022022024,76.87302095538708,-0.9489982048955077,9.879638085572886,0.2039413863586794,0.9512676077141502,0.046462989467207214,0.0022694028186425077
0.3342222222222222,77.5697566880503,-0.947541649519723,9.720232553715437,0.20831908540490615,0.9499341765475005,0.04767329642472216,0.0023925270277774663
0.3372242242242242,78.26649242071355,-0.9460694439601712,9.564892482751041,0.21270425664462583,0.9485893053600446,0.048890833240082,0.002519861399873409
0.3402262262262262,78.96322815337679,-0.944581899213972,9.413470235673104,0.2170958494700299,0.9472333418127619,0.05011521558844814,0.0026514425987900735
0.34322822822822824,79.65996388604003,-0.9430793260208615,9.265824921312669,0.2214928417149068,0.9458666305842834,0.05134606485229477,0.0027873045634218903
0.34623023023023025,80.35669961870327,-0.9415620346689977,9.121822036433425,0.2258942392272722,0.9444895131878797,0.052583008293238455,0.002927478518881945
0.3492322322322322,81.0534353513665,-0.9400303348108459,8.981333129169338,0.2302990754314432,0.9431023278029723,0.053825679204901195,0.0030719929921265137
0.3522342342342342,81.75017108402974,-0.9384845352886847,8.844235482385546,0.23470641088143204,0.9417054091204428,0.05507371704779918,0.0032208738317580535
0.35523623623623624,82.44690681669299,-0.9369249439692873,8.710411815648454,0.23911533280735045,0.9402990882010351,0.05632676756721687,0.0033741442317478383
0.35823823823823825,83.14364254935622,-0.9353518675873576,8.579750004587348,0.24352495465635413,0.9388836923461812,0.05758448289499523,0.003531824758823638
0.36124024024024026,83.84037828201946,-0.933765611597326,8.45214281651848,0.24793441562950105,0.9374595449805986,0.0588465216361288,0.0036939333832726015
0.3642422422422422,84.53711401468269,-0.9321664800331335,8.327487661284191,0.2523428802157579,0.9360269655460487,0.06011254894103596,0.003860485512915144
0.36724424424424423,85.23384974734591,-0.9305547753756445,8.205686356334429,0.25674953772426645,0.934586269405656,0.06138223656433229,0.004031494030011532
0.37024624624624625,85.93058548000916,-0.9289307984273543,8.086644905147075,0.2611536018158656,0.9331377677582238,0.06265526291090685,0.004206969330869484
0.37324824824824826,86.6273212126724,-0.9272948481940761,7.970273288147143,0.2655543100347565,0.931681767562004,0.0639313130700681,0.004386919367927904
0.3762502502502503,87.32405694533564,-0.9256472217733062,7.856485265343449,0.2699509233411074,0.9302185714674053,0.06521007883849582,0.0045713496940991164
0.37925225225225223,88.02079267799887,-0.9239882142489769,7.745198189955427,0.2743427256453115,0.9287484777581363,0.0664912587327042,0.004760263509159416
0.38225425425425424,88.71752841066211,-0.9223181185923374,7.636332832352825,0.2787290233445225,0.9272717803003228,0.06777455799169164,0.004953661707985416
0.38525625625625626,89.41426414332535,-0.9206372255686951,7.529813213677043,0.2831091448620354,0.9257887684991364,0.06905968857042226,0.005151542930441329
0.38825825825825827,90.11099987598858,-0.9189458236497817,7.425566448555565,0.2874824401900055,0.9242997272625122,0.07034636912475724,0.005353903612730522
0.3912602602602603,90.80773560865183,-0.9172441989315112,7.3235225963605615,0.29184828043594446,0.9228049369715434,0.07163432498842437,0.005560738040032223
0.39426226226226224,91.50447134131505,-0.9155326350569073,7.223614520499059,0.2962060573733819,0.9213046734571599,0.07292328814258757,0.005772038400252539
0.39726426426426426,92.2012070739783,-0.9138114131439945,7.125777755256157,0.30055518299703127,0.9197992079827212,0.07421299717855231,0.005987794838726667
0.40026626626626627,92.89794280664154,-0.9120808117184499,7.029950379744071,0.30489508908275537,0.918288807232167,0.07550319725411593,0.006207995513717123
0.4032682682682683,93.59467853930477,-0.9103411066508303,6.936072898538932,0.30922522675258957,0.916773733303391,0.07679364004404841,0.0064326266525606005
0.4062702702702703,94.29141427196801,-0.9085925710981883,6.844088128614286,0.31354506604504856,0.915254243706512,0.07808408368516419,0.006661672608323731
0.40927227227227225,94.98815000463124,-0.906835475449906,6.75394109220545,0.3178540954909055,0.9137305913667415,0.07937429271642285,0.006895115916835547
0.41227427427427427,95.68488573729448,-0.9050700872775815,6.665578915262044,0.3221518216946093,0.9122030246315534,0.0806640380144744,0.007132937353971915
0.4152762762762763,96.38162146995772,-0.9032966712888091,6.578950731167978,0.32643776892147675,0.9106717872818834,0.08195309672504238,0.0073751159930742745
0.4182782782782783,97.07835720262096,-0.9015154892846965,6.494007589428026,0.3307114786907781,0.9091371185470888,0.08324125219051878,0.007621629262392344
0.4212802802802803,97.77509293528419,-0.8997268001209823,6.410702369039314,0.33497250937480666,0.9075992531234293,0.08452829387412374,0.007872453002447032
0.42428228228228226,98.47182866794742,-0.8979308596726031,6.328989696283184,0.3392204358040142,0.9060584211958197,0.08581401728096374,0.008127561523216623
0.4272842842842843,99.16856440061066,-0.8961279208015833,6.248825866689462,0.3434548488782674,0.9045148484626391,0.08709822387630518,0.008386927661055772
0.4302862862862863,99.8653001332739,-0.894318233328114,6.170168770940304,0.3476753551842744,0.9029687561633769,0.08838072100136017,0.00865052283526294
0.4332882882882883,100.56203586593715,-0.8925020440046969,6.092977824494928,0.35188157661921,0.901420361108915,0.08966132178686695,0.008918317104218108
0.4362902902902903,101.25877159860039,-0.8906795964932336,6.017213900729833,0.35607315002056283,0.8998698757142519,0.09093984506472978,0.009190279221018354
0.4392922922922923,101.95550733126362,-0.8888511313449435,5.942839267401532,0.36024972680221024,0.8983175080334879,0.09221611527796775,0.009466376688544323
0.4422942942942943,102.65224306392685,-0.8870168859829994,5.869817526250242,0.3644109725967222,0.8967634617968958,0.09348996238920787,0.009746575813896255
0.4452962962962963,103.34897879659009,-0.8851770946877708,5.79811355557393,0.36855656690388566,0.8952079364499139,0.09476122178794309,0.010030841762143097
0.4482982982982983,104.04571452925333,-0.8833319885845707,5.72769345561207,0.3726862027454315,0.893651127193904,0.09602973419676261,0.010319138609333343
0.4513003003003003,104.74245026191657,-0.8814817956338086,5.658524496588062,0.37679958632594024,0.8920932250285295,0.09729534557674943,0.010611429394720892
0.4543023023023023,105.43918599457979,-0.8796267406234465,5.590575069267967,0.38089643669989703,0.89053441679561,0.09855790703222653,0.010907676172163516
0.4573043043043043,106.13592172724303,-0.8777670451636642,5.52381463790156,0.38497648544486274,0.8889748852243204,0.09981727471502336,0.011207840060656261
0.4603063063063063,106.83265745990627,-0.8759029276836475,5.458213695419508,0.38903947634071623,0.887414808977613,0.10107330972842134,0.011511881293965546
0.4633083083083083,107.52939319256951,-0.874034603430404,5.393743720767638,0.393085165054927,0.885854362699738,0.10232587803092776,0.011819759269334127
0.46631031031031034,108.22612892523276,-0.8721622844695227,5.33037713826615,0.39711331883380957,0.8842937170647531,0.10357485034001658,0.012131432595230442
0.4693123123123123,108.92286465789599,-0.8702861796877955,5.268087278887997,0.40112371619970577,0.8827330388259149,0.10482010203596559,0.012446859138119389
0.4723143143143143,109.61960039055923,-0.8684064947976192,5.206848343356673,0.40511614665404055,0.8811724908658543,0.10606151306591076,0.012765996068235025
0.4753163163163163,110.31633612322247,-0.8665234323430958,5.146635366969227,0.4090904103861954,0.8796122322474341,0.10729896784822764,0.013088799904338269
0.47831831831831834,111.01307185588571,-0.8646371917077621,5.087424186055677,0.4130463179881357,0.8780524182652084,0.10853235517734529,0.013415226557446367
0.48132032032032035,111.70980758854894,-0.862747969123867,5.029191405990871,0.4169836901747339,0.8764932004973899,0.1097615681290872,0.013745231373522933
0.4843223223223223,112.40654332121217,-0.8608559576831321,4.9719143706795865,0.4209023575097209,0.8749347268582524,0.11098650396662757,0.01407876917512027
0.4873243243243243,113.1032790538754,-0.8589613473489194,4.91557113344002,0.42480216013720223,0.8733771416508874,0.11220706404714459,0.014415794301968052
0.49032632632632633,113.80001478653864,-0.8570643249697453,4.860140429214905,0.4286829475186696,0.8718205856202499,0.11342315372924533,0.014756260650504652
0.49332832832832835,114.49675051920188,-0.85516507429407,4.805601648043397,0.432544578175442,0.8702651960064196,0.11463468228123073,0.015100121712349599
0.4963303303303303,115.19348625186511,-0.8532637759863018,4.751934809730546,0.4363869194364651,0.8687111065980192,0.1158415627902633,0.015447330611717441
0.4993323323323323,115.89022198452835,-0.8513606076439544,4.699120539654526,0.4402098471913991,0.8671584477857298,0.1170437120724947,0.01579784014177539
0.5023343343343344,116.58695771719161,-0.8494557438158981,4.647140045655128,0.4440132456489235,0.8656073466158466,0.11824105058420487,0.016151602799948497
0.5053363363363363,117.28369344985484,-0.847549356021645,4.595975095949968,0.44779700710018694,0.8640579268438229,0.11943350233399931,0.016508570822177857
0.5083383383383383,117.98042918251807,-0.8456416127716148,4.545607998027779,0.4515610316873312,0.8625103089877537,0.1206209947961074,0.01686869621613896
0.5113403403403404,118.67716491518132,-0.8437326795883247,4.496021578470863,0.45530522717701544,0.860964610381753,0.12180345882481876,0.017231930793428288
0.5143423423423423,119.37390064784455,-0.8418227190284537,4.447199163661328,0.45902950873886517,0.8594209452291812,0.12298082857009122,0.017598226200727495
0.5173443443443444,120.07063638050778,-0.839911890705726,4.399124561328056,0.4627337987287796,0.8578794246556823,0.12415304139436134,0.017967533949956357
0.5203463463463464,120.767372113171,-0.8380003513145681,4.351782042893756,0.4664180264770153,0.8563401567619935,0.12532003779058126,0.018339805447425386
0.5233483483483483,121.46410784583423,-0.8360882546544904,4.305156326583459,0.4700821280809797,0.8548032466764918,0.126481761301507,0.018714992022001355
0.5263503503503504,122.16084357849749,-0.8341757516551467,4.259232561257919,0.47372604620265724,0.8532687966074455,0.1276381584402558,0.019093044952298785
0.5293523523523523,122.85757931116072,-0.832262990402028,4.2139963109372225,0.477349729870594,0.8517369058949396,0.12878917861214903,0.019473915492911567
0.5323543543543544,123.55431504382398,-0.8303501161627448,4.169433539981728,0.4809531342863731,0.8502076710624448,0.1299347740378553,0.01985755489969993
0.5353563563563564,124.2510507764872,-0.8284372714138613,4.1255305988992355,0.48453622063549867,0.848681185868009,0.13107489967784314,0.02024391445414775
0.5383583583583583,124.94778650915043,-0.8265245958682342,4.082274210748682,0.4880989559026249,0.8471575413550408,0.1322095131581524,0.020632945486806612
0.5413603603603604,125.64452224181369,-0.8246122265028237,4.039651458112422,0.4916413126910508,0.8456368259026666,0.1333385746974906,0.021024599399842924
0.5443623623623624,126.34125797447692,-0.8227002975869336,3.9976497706104257,0.4951632690464115,0.8441191252756385,0.13446204703565662,0.021418827688704817
0.5473643643643644,127.03799370714016,-0.8207889407108506,3.9562569129310896,0.49866480828449233,0.8426045226737772,0.13557989536329632,0.021815581962926538
0.5503663663663664,127.73472943980339,-0.818878284814839,3.915460973354711,0.5021459188230971,0.8410930987809263,0.13669208725298657,0.022214813966087217
0.5533683683683683,128.43146517246663,-0.8169684562184661,3.8752503527468187,0.5056065940178959,0.8395849318134085,0.13779859259164914,0.022616475594942367
0.5563703703703704,129.1282009051299,-0.8150595786502197,3.835613753999718,0.509046832002184,0.8380800975679654,0.13889938351428888,0.0230205189177457
0.5593723723723724,129.82493663779312,-0.8131517732773892,3.7965401719017224,0.5124666355304808,0.8365786694691686,0.1399944343390519,0.02342689619177937
0.5623743743743744,130.52167237045637,-0.8112451587361792,3.7580188834144783,0.5158660118259001,0.8350807186162904,0.1410837215035984,0.02383555988011124
0.5653763763763764,131.21840810311957,-0.809339851162026,3.720039438339893,0.5192449724312209,0.8335863138296228,0.14216722350278052,0.024246462667596762
0.5683783783783783,131.9151438357828,-0.8074359642200918,3.682591650358977,0.5226035330635932,0.8320955216962364,0.143244920827619,0.02465955747614456
0.5713803803803804,132.61187956844606,-0.8055336091359067,3.6456655884258375,0.5259417134728068,0.83060840661517,0.14431679590556662,0.025074797479263295
0.5743823823823824,133.30861530110928,-0.8036328947261342,3.6092515685008832,0.5292595373030591,0.8291250308420427,0.14538283304204866,0.025492136115908514
0.5773843843843843,134.0053510337725,-0.8017339274294357,3.573340145608057,0.5325570319581557,0.8276454545330834,0.14644301836326898,0.025911527103647608
0.5803863863863864,134.70208676643574,-0.7998368113374107,3.53792210620168,0.5358342284700741,0.8261697357885714,0.14749733976026777,0.02633292445116072
0.5833883883883884,135.39882249909897,-0.7979416482255887,3.502988460829183,0.5390911613708284,0.8246979306956846,0.1485457868342194,0.02675628247009595
0.5863903903903904,136.09555823176223,-0.796048537584452,3.4685304370766397,0.5423278685675708,0.8232300933707485,0.14958835084295508,0.027181555786296427
0.5893923923923924,136.79229396442545,-0.7941575766504702,3.434539472784699,0.5455443912208627,0.8217662760008871,0.15062502464869598,0.027608699350416977
0.5923943943943943,137.48902969708868,-0.7922688604371216,3.4010072095230544,0.548740773626057,0.8203065288850696,0.1516558026669823,0.02803766844794802
0.5953963963963964,138.18576542975194,-0.7903824817658907,3.367925486312208,0.5519170630977234,0.8188509004745544,0.15268068081678185,0.028468418708663817
0.5983983983983984,138.88250116241517,-0.7884985312972136,3.335286333581769,0.5550733098570617,0.8173994374127258,0.15369965647176206,0.02890090611551219
0.6014004004004004,139.57923689507842,-0.7866170975613644,3.303081967355098,0.5582095669222362,0.8159521845743273,0.15471272841271,0.029335087012962786
0.6044024024024024,140.27597262774165,-0.784738266989258,3.271304783650541,0.5613258900015756,0.8145091851040881,0.15571989678108186,0.029770918114830097
0.6074044044044044,140.97270836040488,-0.7828621239431575,3.239947353089976,0.5644223373895751,0.8130704804547455,0.15672116303366662,0.030208356511588028
0.6104064064064064,141.66944409306814,-0.7809887507472711,3.2090024157058434,0.5674989698656473,0.811636110424463,0.15771652989834492,0.030647359677191864
0.6134084084084084,142.36617982573136,-0.7791182277182258,3.1784628759382416,0.5705558505955568,0.8102061131936494,0.15870600133092708,0.03108788547542355
0.6164104104104104,143.06291555839462,-0.7772506331953973,3.1483217978140132,0.5735930450354914,0.8087805253611732,0.15968958247305093,0.031529892165775855
0.6194124124124124,143.75965129105785,-0.7753860435710953,3.1185724003002404,0.5766106208387024,0.807359381979986,0.1606672796111234,0.03197333840889066
0.6224144144144144,144.45638702372108,-0.7735245333205809,3.0892080528247523,0.5796086477646695,0.8059427165921473,0.1616391001362862,0.03241818327156644
0.6254164164164164,145.15312275638433,-0.7716661750319117,3.0602222709567664,0.5825871975907274,0.8045305612632614,0.16260505250538904,0.03286438623134964
0.6284184184184184,145.84985848904756,-0.7698110394356011,3.031608712240963,0.5855463440261055,0.8031229466163252,0.16356514620295065,0.033311907180724055
0.6314204204204205,146.5465942217108,-0.7679591954340824,3.0033611721786775,0.5884861626283255,0.8017199018649953,0.16451939170409183,0.03376070643091289
0.6344224224224224,147.24332995437402,-0.7661107101309668,2.975473580350146,0.5914067307219059,0.8003214548462735,0.16546780043841985,0.03421074471530671
0.6374244244244244,147.94006568703725,-0.7642656488600895,2.947939996672051,0.594308127319321,0.7989276320526206,0.16641038475484832,0.03466198319253116
0.6404264264264264,148.6368014197005,-0.762424075214332,2.920754607784825,0.5971904330441657,0.7975384586634994,0.16734715788733331,0.03511438344916741
0.6434284284284284,149.33353715236373,-0.7605860510742152,2.893911723564494,0.6000537300564742,0.7961539585763535,0.1682781339215082,0.03556790750213837
0.6464304304304305,150.030272885027,-0.758751636636254,2.867405773753969,0.6028981019801458,0.7947741544370273,0.1692033277621995,0.03602251780077324
0.6494324324324324,150.72700861769022,-0.7569208904410689,2.841231304709058,0.6057236338324297,0.7933990676696314,0.17012275510180605,0.03647817722856251
0.6524344344344344,151.42374435035345,-0.7550938694012455,2.815382976254559,0.608530411955419,0.792028718505861,0.17103643238952335,0.03693484910461553
0.6554364364364365,152.12048008301667,-0.7532706288289384,2.7898555586460807,0.6113185239495124,0.7906631260137708,0.17194437680139685,0.03739249718483243
0.6584384384384384,152.8172158156799,-0.7514512224632123,2.7646439296333902,0.6140880586087922,0.7893023081260135,0.1728466062111852,0.037851085662801306
0.6614404404404405,153.51395154834316,-0.749635702497117,2.739743071621297,0.616839105858279,0.7879462816675493,0.1737431391620183,0.03831057917043238
0.6644424424424424,154.2106872810064,-0.7478241196044896,2.7151480689242447,0.619571756693016,0.7865950623828291,0.1746339948388314,0.03877094277833943
0.6674444444444444,154.90742301366961,-0.7460165229664819,2.6908541051109447,0.6222861031189406,0.785248664962461,0.17551919304155986,0.03923214199597918
0.6704464464464465,155.60415874633287,-0.7442129602978055,2.666856460435566,0.6249822380955019,0.7839071030693643,0.17639875415907677,0.0396941427715588
0.6734484484484484,156.3008944789961,-0.7424134778726985,2.643150509352141,0.6276602554799796,0.7825703893644199,0.17727269914385863,0.04015691149172146
0.6764504504504505,156.99763021165936,-0.7406181205505996,2.619731718108963,0.6303202499734686,0.7812385355316193,0.1781410494873611,0.04062041498101964
0.6794524524524524,157.69436594432258,-0.7388269318015388,2.5965956424199437,0.6329623170684827,0.7799115523027241,0.17900382719609045,0.04108462050118538
0.6824544544544544,158.3911016769858,-0.7370399537312325,2.573737925209986,0.635586552998144,0.7785894494814393,0.1798610547683541,0.04154949575020675
0.6854564564564565,159.08783740964907,-0.7352572271058864,2.551154294431563,0.6381930546869157,0.7772722359671057,0.1807127551716749,0.04201500886121933
0.6884584584584584,159.7845731423123,-0.7334787913767038,2.5288405609498477,0.6407819197028412,0.7759599197779249,0.1815589518208541,0.042481128401221056
0.6914604604604605,160.48130887497555,-0.731704684704094,2.506792616493775,0.6433532462112552,0.7746525080737131,0.18239966855666787,0.04294782336961913
0.6944624624624625,161.17804460763875,-0.7299349439815845,2.4850064316706373,0.6459071329299259,0.7733500071782011,0.18323492962518223,0.043415063196616574
0.6974644644644644,161.87478034030198,-0.7281696048594337,2.4634780540417975,0.648443679085596,0.7720524226008805,0.18406475965767283,0.043882817741446756
0.7004664664664665,162.57151607296524,-0.7264087017679409,2.4422036062573063,0.6509629843718867,0.7707597590584038,0.18488918365113352,0.04435105729046281
0.7034684684684684,163.26825180562847,-0.7246522679404586,2.4211792842472453,0.6534651489085301,0.7694720204955485,0.18570822694936154,0.04481975255508994
0.7064704704704705,163.96498753829172,-0.7229003354361013,2.400401355467711,0.6559502732018975,0.7681892101057485,0.18652191522460435,0.04528887466964716
0.7094724724724725,164.66172327095495,-0.7211529351621542,2.3798661571994804,0.6584184581067887,0.7669113303511998,0.18733027445975442,0.04575839518904562
0.7124744744744744,165.35845900361818,-0.7194100968961803,2.3595700948974305,0.6608698047894533,0.7656383829825504,0.18813333093107956,0.04622828608637006
0.7154764764764765,166.05519473628144,-0.7176718493078259,2.3395096405888993,0.6633044146918111,0.7643703690581757,0.18893111119147463,0.04669851975034976
0.7184784784784785,166.75193046894466,-0.7159382199803276,2.319681331319241,0.6657223894968375,0.7631072889630527,0.18972364205422215,0.047169068982725146
0.7214804804804805,167.44866620160792,-0.7142092354317172,2.300081767642882,0.668123831095091,0.7618491424272337,0.19051095057724993,0.04763990699551644
0.7244824824824825,168.14540193427115,-0.7124849211357297,2.280707612158283,0.6705088415523464,0.760595928543929,0.1912930640478718,0.0481110074081993
0.7274844844844844,168.84213766693438,-0.7107653015424112,2.261555588085252,0.6728775230783084,0.7593476457872053,0.1920700099680007,0.04858234424479399
0.7304864864864865,169.5388733995976,-0.7090504000984326,2.2426224778831334,0.6752299779963777,0.7581042920293054,0.19284181603982167,0.04905389193087286
0.7334884884884885,170.23560913226083,-0.7073402392671049,2.2239051219084502,0.6775663087144385,0.7568658645575962,0.19360851015191258,0.049525625290491294
0.7364904904904905,170.9323448649241,-0.705634840548102,2.205400417110616,0.6798866176966457,0.7556323600911498,0.19437012036580253,0.04999751954304775
0.7394924924924925,171.62908059758732,-0.7039342244968912,2.1871053157644447,0.6821910074361796,0.7544037747969682,0.19512667490295496,0.050469550300076896
0.7424944944944945,172.32581633025055,-0.7022384107438713,2.1690168242381467,0.6844795804289476,0.7531801043058525,0.19587820213216625,0.05094169356198121
0.7454964964964965,173.0225520629138,-0.7005474180132223,2.151132001795658,0.6867524391482043,0.7519613437279272,0.19662473055736768,0.051413925714705044
0.7484984984984985,173.71928779557703,-0.6988612641414677,2.1334479594320874,0.6890096860200653,0.7507474876678234,0.19736628880582083,0.051886223526355725
0.7515005005005005,174.4160235282403,-0.6971799660957515,2.1159618587412083,0.6912514233998936,0.7495385302395274,0.19810290561669663,0.0523585641437759
0.7545025025025025,175.11275926090352,-0.6955035399918318,2.0986709108139,0.6934777535495312,0.7483344650809025,0.1988346098300268,0.05283092508907073
0.7575045045045045,175.80949499356674,-0.6938320011117924,2.081572375166512,0.6956887786153556,0.7471352853678868,0.19956143037601895,0.05330328425609437
0.7605065065065065,176.50623072622997,-0.692165363921477,2.0646635586981645,0.6978846006071376,0.7459409838283759,0.2002833962647253,0.05377561990689893
0.7635085085085085,177.2029664588932,-0.6905036420876454,2.047941814676025,0.7000653213776784,0.7447515527557951,0.20100053657605524,0.05424791066814967
0.7665105105105106,177.89970219155646,-0.6888468484948564,2.0314045417476567,0.7022310426032053,0.7435669840223665,0.20171288045012345,0.05472013552751006
0.7695125125125125,178.59643792421969,-0.6871949952620782,2.0150491829795465,0.7043818657645037,0.7423872690920775,0.20242045707792314,0.055192273829999305
0.7725145145145145,179.2931736568829,-0.6855480937590295,1.9988732249209642,0.7065178921287666,0.7412123990333559,0.20312329569231757,0.055664305274326566
0.7755165165165165,179.98990938954617,-0.6839061546222536,1.982874196692354,0.7086392227321401,0.7400423645314572,0.2038214255593392,0.056136209909203594
0.7785185185185185,180.6866451222094,-0.6822691877709304,1.967049669097449,0.7107459583629464,0.7388771559005703,0.20451487596978973,0.056607968129639925
0.7815205205205206,181.38338085487266,-0.6806372024224232,1.9513972537583752,0.7128381995455653,0.7377167630956457,0.20520367623113184,0.05707956067322245
0.7845225225225225,182.08011658753588,-0.6790102071075701,1.9359146022730043,0.7149160465249533,0.7365611757239526,0.20588785565966494,0.057550968616382536
0.7875245245245245,182.7768523201991,-0.6773882096857167,1.9205994053938584,0.7169795992517882,0.7354103830563697,0.20656744357297716,0.058022173370653095
0.7905265265265266,183.47358805286237,-0.6757712173594977,1.9054493922278957,0.7190289573682119,0.7342643740384158,0.20724246928266607,0.05849315667891811
0.7935285285285285,184.1703237855256,-0.6741592366893665,1.890462329456525,0.7210642201941653,0.7331231373010231,0.20791296208732016,0.05896390061165664
0.7965305305305306,184.86705951818885,-0.6725522736078773,1.8756360205752247,0.7230854867142876,0.7319866611710614,0.20857895126575451,0.05943438756318412
0.7995325325325325,185.56379525085208,-0.670950333433723,1.8609683051521584,0.7250928555653732,0.7308549336816152,0.2092404660704926,0.05990460024789226
0.8025345345345345,186.2605309835153,-0.6693534208855298,1.8464570581052107,0.7270864250243636,0.7297279425820206,0.20989753572148886,0.060374521696490664
0.8055365365365366,186.95726671617857,-0.6677615400954151,1.8321001889968918,0.7290662929968601,0.728605675347666,0.21055018940008324,0.060844135252250804
0.8085385385385385,187.65400244884177,-0.6661746946223063,1.8178956413465481,0.7310325570061446,0.7274881191895617,0.211198456243183,0.06131342456725537
0.8115405405405406,188.35073818150502,-0.6645928874650278,1.8038413919593779,0.7329853141826913,0.7263752610636819,0.21184236533766398,0.06178237359865411
0.8145425425425425,189.04747391416825,-0.6630161210751586,1.7899354502717515,0.734924661254154,0.7252670876800864,0.21248194571498605,0.06225096660492775
0.8175445445445445,189.74420964683148,-0.6614443973696598,1.7761758577123268,0.7368506945358196,0.7241635855118221,0.21311722634601557,0.06271918814216232
0.8205465465465466,190.44094537949474,-0.6598777177432809,1.7625606870785295,0.7387635099215057,0.7230647408036153,0.21374823613605037,0.0631870230603344
0.8235485485485485,191.13768111215796,-0.6583160830807413,1.749088041927916,0.7406632028748993,0.7219705395803508,0.2143750039200397,0.06365445649960949
0.8265505505505506,191.8344168448212,-0.656759493768696,1.7357560559839988,0.7425498684213133,0.7208809676553506,0.2149975584579948,0.06412147388665462
0.8295525525525526,192.53115257748442,-0.6552079497074833,1.7225628925561136,0.7444236011398566,0.7197960106384497,0.2156159284305839,0.06458806093096632
0.8325545545545545,193.22788831014765,-0.6536614503226618,1.709506743972917,0.7462844951559994,0.7187156539438775,0.216230142434907,0.06505420362121565
0.8355565565565566,193.9246240428109,-0.6521199945763351,1.6965858310291273,0.7481326441345247,0.7176398827979458,0.21684022898044358,0.06551988822161069
0.8385585585585585,194.62135977547413,-0.6505835809782727,1.6837984024451393,0.749968141272853,0.7165686822465512,0.2174462164851703,0.06598510126827849
0.8415605605605606,195.3180955081374,-0.6490522075968242,1.6711427343391196,0.7517910792947303,0.7155020371624912,0.21804813327184197,0.06644982956566683
0.8445625625625626,196.01483124080062,-0.6475258720696344,1.658617129711268,0.753601550444264,0.7144399322526014,0.21864600756443156,0.06691406018296706
0.8475645645645645,196.71156697346385,-0.6460045716141571,1.6462199179398684,0.7553996464803038,0.7133823520647161,0.21923986748472502,0.06737778045055894
0.8505665665665666,197.4083027061271,-0.6444883030379785,1.6339494542888224,0.7571854586711471,0.7123292809944568,0.21982974104906491,0.06784097795647824
0.8535685685685686,198.10503843879033,-0.6429770627489436,1.6218041194263482,0.7589590777895661,0.7112807032918517,0.22041565616524034,0.06830364054290804
0.8565705705705706,198.8017741714536,-0.6414708467650945,1.6097823189545053,0.7607205941081444,0.7102366030677889,0.2209976406295168,0.06876575630269438
0.8595725725725726,199.49850990411682,-0.6399696507244231,1.597882482949298,0.7624700973949108,0.7091969643003101,0.2215757221238029,0.069227313575887
0.8625745745745745,200.19524563678004,-0.6384734698944379,1.5861030655110206,0.7642076769092649,0.7081617708407439,0.2221499282129499,0.06968830094630607
0.8655765765765766,200.8919813694433,-0.6369822991815509,1.5744425443245993,0.7659334213981825,0.7071310064196858,0.22272028634217916,0.07014870723813496
0.8685785785785786,201.58871710210653,-0.6354961331402851,1.5628994202296431,0.7676474190926923,0.7061046546528255,0.22328682383463413,0.0706085215125404
0.8715805805805806,202.28545283476979,-0.6340149659823068,1.551472216799948,0.7693497577046153,0.7050826990466267,0.22384956788905327,0.0710677330643199
0.8745825825825826,202.982188567433,-0.6325387915852855,1.5401594799322098,0.7710405244235587,0.7040651230038628,0.22440854557755976,0.07152633141857734
0.8775845845845845,203.67892430009624,-0.6310676035015818,1.528959777443683,0.7727198059141563,0.7030519098290087,0.22496378384356425,0.07198430632742693
0.8805865865865866,204.3756600327595,-0.6296013949667696,1.5178716986785705,0.774387688313545,0.7020430427334958,0.225515309499778,0.07244164776672626
0.8835885885885886,205.07239576542273,-0.6281401589079918,1.5068938541228956,0.7760442572290724,0.7010385048408302,0.22606314922633153,0.07289834593283838
0.8865905905905906,205.76913149808595,-0.626683887952155,1.4960248750276461,0.7776895977362273,0.7000382791915789,0.22660732956899718,0.07335439123942386
0.8895925925925926,206.46586723074915,-0.6252325744339641,1.4852634130399824,0.7793237943767827,0.6990423487482266,0.2271478769375109,0.07380977431426253
0.8925945945945946,207.16260296341238,-0.6237862104037978,1.474608139842269,0.7809469311571496,0.6980506963999036,0.2276848176039907,0.07426448599610577
0.8955965965965966,207.85933869607564,-0.6223447876354334,1.4640577467987743,0.7825590915469287,0.6970633049669924,0.22821817770144867,0.07471851733155899
0.8985985985985986,208.55607442873887,-0.6209082976336158,1.4536109446098031,0.7841603584776572,0.696080157205611,0.2287479832223937,0.07517185957199518
0.9016006006006007,209.25281016140212,-0.6194767316414794,1.443266462973094,0.785750814341742,0.6951012358119788,0.22927426001752188,0.07562450417049935
0.9046026026026026,209.94954589406535,-0.6180500806478213,1.4330230502522918,0.7873305409915741,0.6941265234266651,0.2297970337944911,0.07607644277884383
0.9076046046046046,210.64628162672858,-0.6166283353942307,1.4228794731523136,0.7888996197388174,0.693156002638726,0.23031633011677863,0.07652766724449533
0.9106066066066066,211.34301735939184,-0.6152114863820766,1.4128345164014453,0.7904581313538636,0.6921896559897296,0.23083217440261744,0.07697816960765302
0.9136086086086086,212.03975309205507,-0.6137995238793538,1.4028869824399848,0.7920061560654537,0.6912274659776722,0.23134459192400955,0.07742794209831834
0.9166106106106107,212.73648882471832,-0.6123924379273934,1.393035691115288,0.7935437735604512,0.6902694150607899,0.23185360780581368,0.07787697713339645
0.9196126126126126,213.43322455738155,-0.6109902183474375,1.383279479383048,0.7950710629837695,0.6893154856612665,0.2323592470249045,0.07832526731382902
0.9226146146146146,214.12996029004478,-0.6095928547470799,1.3736172010146546,0.7965881029384432,0.6883656601688393,0.2328615344094015,0.07877280542175934
0.9256166166166166,214.82669602270803,-0.6082003365265777,1.364047726310487,0.7980949714858403,0.6874199209443063,0.23336049463796513,0.07921958441772856
0.9286186186186186,215.52343175537126,-0.6068126528850348,1.3545699418190067,0.7995917461460078,0.6864782503229387,0.23385615223915726,0.07966559743790395
0.9316206206206207,216.22016748803452,-0.6054297928264573,1.345182750061485,0.8010785038981509,0.6855406306177962,0.23434853159086474,0.08011083779133901
0.9346226226226226,216.91690322069775,-0.6040517451656866,1.335885069262257,0.8025553211812323,0.6846070441229516,0.2348376569197833,0.08055529895726496
0.9376246246246246,217.61363895336098,-0.6026784985342117,1.3266758330843518,0.8040222738946958,0.6836774731166259,0.23532355230096005,0.08099897458241412
0.9406266266266267,218.31037468602423,-0.6013100413858583,1.3175539903703752,0.8054794373993052,0.6827518998642331,0.23580624165739217,0.08144185847837486
0.9436286286286286,219.00711041868746,-0.5999463620023637,1.3085185048885248,0.8069268865180927,0.6818303066213417,0.23628574875968023,0.08188394461897798
0.9466306306306307,219.70384615135072,-0.598587448498836,1.299568355083612,0.8083646955374162,0.6809126756365508,0.23676209722573438,0.0823252271377147
0.9496326326326326,220.40058188401395,-0.5972332888290981,1.2907025338329723,0.8097929382081182,0.6799989891542837,0.23723531052053068,0.08276570032518564
0.9526346346346346,221.09731761667715,-0.5958838707909203,1.2819200482071529,0.8112116877467853,0.6790892294175018,0.23770541195591677,0.08320535862658147
0.9556366366366367,221.7940533493404,-0.5945391820311464,1.273219919235263,0.8126210168371012,0.6781833786703407,0.23817242469046493,0.08364419663919435
0.9586386386386386,222.49078908200363,-0.5931992100507092,1.2646011816748859,0.8140209976312899,0.6772814191606695,0.23863637172937013,0.08408220910996034
0.9616406406406407,223.18752481466686,-0.5918639422095419,1.2560628837864347,0.8154117017516486,0.6763833331425747,0.23909727592439242,0.08451939093303282
0.9646426426426427,223.8842605473301,-0.5905333657313855,1.2476040871118659,0.8167932002921625,0.675489102878772,0.23955515997384158,0.08495573714738644
0.9676446446446446,224.58099627999331,-0.5892074677084949,1.239223866257634,0.8181655638202009,0.6745987106429464,0.24001004642260207,0.08539124293445152
0.9706466466466467,225.27773201265657,-0.5878862351062443,1.230921308681806,0.8195288623782887,0.6737121387220232,0.24046195766219788,0.08582590361577892
0.9736486486486486,225.9744677453198,-0.5865696547676358,1.2226955144852343,0.8208831654859526,0.6728293694183707,0.2409109159308945,0.08625971465073484
0.9766506506506506,226.67120347798303,-0.58525771341771,1.214545596206693,0.8222285421416382,0.671950385051936,0.24135694331383795,0.08669267163422596
0.9796526526526527,227.36793921064628,-0.583950397667864,1.2064706786218966,0.8235650608246919,0.6710751679623179,0.2418000617432282,0.08712477029445384
0.9826546546546546,228.0646749433095,-0.5826476940200751,1.19846989854631,0.8248927894974099,0.6702037005107743,0.24224029299852654,0.08755600649069922
0.9856566566566567,228.76141067597277,-0.5813495888710333,1.1905424046416655,0.8262117956071469,0.669335965082169,0.24267765870669536,0.08798637621113573
0.9886586586586587,229.458146408636,-0.5800560685161866,1.1826873572261045,0.8275221460884824,0.6684719440868588,0.24311218034246887,0.08841587557067226
0.9916606606606606,230.15488214129923,-0.5787671191536964,1.174903928087867,0.8288239073654456,0.6676116199625213,0.24354387922865384,0.0888445008088249
0.9946626626626627,230.85161787396248,-0.5774827268883066,1.1671913003024446,0.830117145353791,0.6667549751759237,0.24397277653645918,0.08927224828761712
0.9976646646646646,231.5483536066257,-0.5762028777351307,1.15954866805313,0.8314019254633244,0.665901992224639,0.24439889328585263,0.08969911448950833
1.0006666666666666,232.24508933928894,-0.5749275576233529,1.1519752364548794,0.8326783126002787,0.6650526536387042,0.24482225034594454,0.09012509601535124
1.0036686686686687,232.9418250719522,-0.5736567523998505,1.144470221381425,0.8339463711697346,0.664206941982227,0.24524286843539653,0.09055018958237651
1.0066706706706705,233.6385608046154,-0.5723904478327344,1.1370328492955617,0.8352061650780823,0.66336483985494,0.24566076812285453,0.09097439202220553
1.0096726726726726,234.33529653727865,-0.5711286296148127,1.1296623570825373,0.8364577577355292,0.6625263298937035,0.24607596982740562,0.09139770027889078
1.0126746746746746,235.0320322699419,-0.569871283366977,1.1223579918864919,0.8377012120586409,0.6616913947739602,0.2464884938190566,0.09182011140698315
1.0156766766766765,235.7287680026051,-0.5686183946415132,1.115119010949865,0.838936590472922,0.6608600172111395,0.24689836021923417,0.09224162256962633
1.0186786786786786,236.42550373526834,-0.5673699489253379,1.1079446814557163,0.8401639549154322,0.6600321799620161,0.2473055890013057,0.09266223103667824
1.0216806806806806,237.1222394679316,-0.5661259316431638,1.1008342803729052,0.8413833668374313,0.6592078658260222,0.24771019999111937,0.09308193418285841
1.0246826826826825,237.8189752005948,-0.5648863281605926,1.0937870943040517,0.8425948872070596,0.6583870576465147,0.24811221286756321,0.09350072948592214
1.0276846846846845,238.51571093325805,-0.5636511237871376,1.0868024193362307,0.8437985765120439,0.6575697383119979,0.2485116471631417,0.09391861452486036
1.0306866866866866,239.2124466659213,-0.5624203037791803,1.0798795608943492,0.8449944947624313,0.6567558907573053,0.2489085222645696,0.09433558697812502
1.0336886886886887,239.90918239858456,-0.5611938533428572,1.0730178335971325,0.8461827014933481,0.6559454979647376,0.2493028574133821,0.09475164462188032
1.0366906906906905,240.60591813124776,-0.5599717576368822,1.0662165611156822,0.8473632557677843,0.655138542965161,0.24969467170656018,0.09516678532827884
1.0396926926926926,241.30265386391102,-0.5587540017753037,1.0594750760345395,0.8485362161793963,0.6543350088390664,0.250083984097171,0.09558100706376271
1.0426946946946947,241.99938959657425,-0.5575405708301996,1.0527927197152176,0.849701640855334,0.6535348787175889,0.2504708133950218,0.09599430788738929
1.0456966966966965,242.69612532923745,-0.5563314498343089,1.0461688421621338,0.8508595874590831,0.6527381357834903,0.2508551782673283,0.09640668594918138
1.0486986986986986,243.3928610619007,-0.5551266237836028,1.0396028018909063,0.8520101131933275,0.6519447632721044,0.251237097239394,0.09681813948850157
1.0517007007007007,244.08959679456396,-0.5539260776397966,1.0330939657989644,0.8531532748028268,0.6511547444722467,0.251616588695303,0.09722866683245016
1.0547027027027025,244.78633252722716,-0.5527297963328026,1.0266417090384206,0.8542891285773069,0.6503680627270897,0.25199367087862334,0.09763826639428702
1.0577047047047046,245.48306825989042,-0.5515377647631257,1.0202454148911593,0.8554177303543672,0.6495847014350021,0.25236836189312134,0.0980469366718765
1.0607067067067066,246.1798039925537,-0.5503499678042025,1.0139044746461077,0.8565391355223952,0.6488046440503581,0.25274067970348624,0.09845467624615559
1.0637087087087087,246.87653972521693,-0.5491663903046866,1.0076182874786308,0.8576533990234962,0.6480278740843112,0.25311064213606416,0.09886148377962459
1.0667107107107106,247.57327545788016,-0.5479870170906777,1.001386260332016,0.8587605753564297,0.6472543751055382,0.2534782668796012,0.09926735801486056
1.0697127127127126,248.27001119054339,-0.5468118329678989,0.9952078078010019,0.8598607185795547,0.6464841307409519,0.25384357148599507,0.09967229777305299
1.0727147147147147,248.96674692320667,-0.5456408227238229,0.9890823520173175,0.8609538823137834,0.645717124676384,0.2542065733710547,0.1000763019525612
1.0757167167167165,249.66348265586984,-0.5444739711297455,0.9830093225371825,0.8620401197455385,0.6449533406572392,0.25456728981526716,0.10047936952749366
1.0787187187187186,250.36021838853313,-0.5433112629428104,0.9769881562307337,0.8631194836297191,0.6441927624891193,0.25492573796457196,0.10088149954630894
1.0817207207207207,251.05695412119633,-0.5421526829079842,0.9710182971733449,0.8641920262926679,0.6434353740384217,0.255281934831141,0.10128269113043739
1.0847227227227225,251.75368985385953,-0.5409982157599859,0.965099196538796,0.8652577996351417,0.64268115923291,0.2556358972941659,0.10168294347292416
1.0877247247247246,252.45042558652278,-0.5398478462251646,0.9592303124942537,0.866316855135286,0.6419301020622574,0.25598764210064995,0.1020822558370928
1.0907267267267267,253.147161319186,-0.5387015590233367,0.9534111100970386,0.8673692438516091,0.6411821865785657,0.25633718586620513,0.10248062755522906
1.0937287287287287,253.8438970518493,-0.5375593388695744,0.9476410611931346,0.8684150164259569,0.6404373968968597,0.256684545075855,0.10287805802728521
1.0967307307307306,254.54063278451247,-0.5364211704759514,0.9419196443174096,0.8694542230864879,0.6396957171955554,0.25702973608484075,0.10327454671960386
1.0997327327327326,255.23736851717575,-0.535287038553244,0.9362463445955119,0.8704869136506472,0.6389571317169059,0.2573727751194322,0.10367009316366188
1.1027347347347347,255.93410424983898,-0.5341569278125916,0.9306206536474223,0.871513137528137,0.6382216247674249,0.2577136782777418,0.1040646969548333
1.1057367367367366,256.6308399825022,-0.5330308229671149,0.9250420694926078,0.8725329437238855,0.6374891807182863,0.25805246153054223,0.10445835775117149
1.1087387387387386,257.32757571516544,-0.5319087087334918,0.9195100964567683,0.8735463808410127,0.6367597840057024,0.258389140722087,0.1048510752722106
1.1117407407407407,258.0243114478287,-0.5307905698334968,0.9140242450801324,0.8745534970837912,0.6360334191312818,0.25872373157093337,0.10524284929778492
1.1147427427427425,258.7210471804919,-0.5296763909954979,0.908584032027279,0.8755543402606019,0.6353100706623651,0.2590562496707676,0.10563367966686729
1.1177447447447446,259.4177829131552,-0.528566156955916,0.9031889799984505,0.8765489577868866,0.6345897232323415,0.2593867104912329,0.10602356627642548
1.1207467467467467,260.1145186458184,-0.5274598524606497,0.8978386176423367,0.8775373966880904,0.6338723615409461,0.2597151293787576,0.10641250908029637
1.1237487487487487,260.8112543784817,-0.5263574622664584,0.8925324794702955,0.8785197036026021,0.6331579703545361,0.2600415215573862,0.10680050808807774
1.1267507507507506,261.50799011114486,-0.5252589711423138,0.8872701057719832,0.8794959247846836,0.6324465345063518,0.2603659021296103,0.10718756336403798
1.1297527527527527,262.20472584380815,-0.5241643638707132,0.8820510425323724,0.8804661061073943,0.6317380388967557,0.2606882860772018,0.1075736750260425
1.1327547547547547,262.9014615764714,-0.5230736252489606,0.8768748413501334,0.8814302930655049,0.6310324684934578,0.261008688262045,0.10795884324449724
1.1357567567567566,263.5981973091346,-0.5219867400904117,0.8717410593573397,0.8823885307784045,0.6303298083317208,0.2613271234269702,0.10834306824130908
1.1387587587587586,264.29493304179783,-0.5209036932256873,0.8666492591404898,0.8833408639929976,0.62963004351455,0.2616436061965873,0.10872635028886271
1.1417607607607607,264.9916687744611,-0.5198244695038543,0.861599008662815,0.8842873370865905,0.6289331592128679,0.26195815107811865,0.1091086897090136
1.1447627627627626,265.6884045071243,-0.5187490537935733,0.8565898811878421,0.8852279940697694,0.6282391406656705,0.2622707724622322,0.10949008687209723
1.1477647647647646,266.3851402397876,-0.5176774309842179,0.8516214552041995,0.8861628785892668,0.6275479731801721,0.2625814846238737,0.10987054219595417
1.1507667667667667,267.0818759724508,-0.5166095859869605,0.8466933143516362,0.8870920339308168,0.6268596421319311,0.2628903017230982,0.11025005614497063
1.1537687687687685,267.77861170511403,-0.5155455037358304,0.8418050473482331,0.8880155030219998,0.6261741329649648,0.26319723780590065,0.11062862922913444
1.1567707707707706,268.47534743777726,-0.5144851691887414,0.8369562479187863,0.8889333284350756,0.6254914311918479,0.26350230680504544,0.11100626200310647
1.1597727727727727,269.1720831704405,-0.5134285673284927,0.8321465147243405,0.8898455523898029,0.6248115223937992,0.2638055225408943,0.11138295506530652
1.1627747747747748,269.8688189031038,-0.5123756831637385,0.8273754512928481,0.890752216756249,0.624134392220753,0.26410689872223264,0.11175870905701442
1.1657767767767766,270.56555463576694,-0.5113265017299341,0.8226426659509408,0.8916533630575845,0.6234600263914196,0.2644064489470948,0.11213352466148552
1.1687787787787787,271.26229036843023,-0.510281008090252,0.8179477717567859,0.8925490324728662,0.6227884106933325,0.2647041867035869,0.11250740260308051
1.1717807807807807,271.95902610109346,-0.5092391873364738,0.8132903864340123,0.8934392658398069,0.6221195309828831,0.2650001253707077,0.11288034364640928
1.1747827827827826,272.6557618337567,-0.508201024589855,0.8086701323066864,0.8943241036575309,0.6214533731853439,0.26529427821916735,0.1132523485954888
1.1777847847847847,273.3524975664199,-0.5071665050019658,0.8040866362353155,0.8952035860893164,0.6207899232948808,0.26558665841220425,0.11362341829291499
1.1807867867867867,274.04923329908314,-0.5061356137555061,0.7995395295538686,0.896077752965323,0.6201291673745536,0.26587727900639885,0.11399355361904749
1.1837887887887886,274.7459690317463,-0.5051083360650976,0.7950284480077843,0.8969466437853071,0.6194710915563061,0.26616615295248536,0.11436275549120845
1.1867907907907906,275.4427047644096,-0.5040846571780514,0.7905530316929592,0.8978102977213194,0.6188156820409454,0.26645329309616056,0.11473102486289402
1.1897927927927927,276.1394404970728,-0.5030645623751125,0.7861129249956939,0.8986687536203906,0.6181629250981115,0.26673871217888956,0.11509836272299896
1.1927947947947948,276.8361762297361,-0.5020480369711828,0.7817077765335814,0.899522050007202,0.6175128070662368,0.2670224228387092,0.11546477009505392
1.1957967967967966,277.5329119623993,-0.5010350663160209,0.777337239097318,0.9003702250867389,0.6168653143524964,0.2673044376110282,0.11583024803647549
1.1987987987987987,278.22964769506257,-0.5000256357949198,0.7730009695934249,0.9012133167469312,0.6162204334327481,0.2675847689294237,0.11619479763782836
1.2018008008008008,278.9263834277258,-0.49901973082936524,0.7686986289878626,0.9020513625612772,0.6155781508514652,0.267863429126435,0.11655842002209993
1.2048028028028026,279.623119160389,-0.49801733687767213,0.7644298822505227,0.9028843997914531,0.6149384532216589,0.26814043043435437,0.11692111634398675
1.2078048048048047,280.31985489305225,-0.49701843943560015,0.7601943983005776,0.9037124653899047,0.6143013272247932,0.2684157849860135,0.1172828877891931
1.2108068068068067,281.01659062571554,-0.49602302403695137,0.7559918499526821,0.9045355960024266,0.6136667596106922,0.268689504815567,0.1176437355737408
1.2138088088088086,281.7133263583787,-0.495031076254146,0.7518219138640025,0.9053538279707216,0.6130347371974368,0.26896160185927237,0.11800366094329087
1.2168108108108107,282.410062091042,-0.4940425816987811,0.7476842704820647,0.9061671973349477,0.6124052468712576,0.26923208795626585,0.11836266517247648
1.2198128128128127,283.1067978237052,-0.49305752602217107,0.7435786039934056,0.9069757398362464,0.611778275586418,0.2695009748493351,0.11872074956424689
1.2228148148148148,283.8035335563685,-0.49207589491586734,0.7395046022730133,0.907779490919256,0.6111538103650899,0.26976827418568766,0.11907791544922254
1.2258168168168166,284.5002692890317,-0.49109767411216304,0.7354619568345416,0.9085784857346086,0.6105318382972238,0.2700339975177155,0.11943416418506077
1.2288188188188187,285.19700502169496,-0.4901228493845787,0.7314503627812876,0.9093727591414105,0.6099123465404113,0.27029815630375614,0.11978949715583258
1.2318208208208208,285.8937407543582,-0.48915140654833233,0.7274695187579202,0.9101623457097052,0.6092953223197417,0.2705607619088488,0.1201439157714094
1.2348228228228226,286.5904764870214,-0.4881833314607911,0.7235191269029403,0.9109472797229221,0.6086807529276517,0.2708218256054878,0.12049742146686053
1.2378248248248247,287.28721221968465,-0.4872186100219082,0.7195988928018678,0.9117275951803062,0.608068625723769,0.2710813585743704,0.12085001570186076
1.2408268268268268,287.9839479523479,-0.486257228174643,0.7157085254411393,0.9125033257993336,0.6074589281347508,0.2713393719051415,0.12120169996010775
1.2438288288288286,288.6806836850111,-0.48529917190536664,0.7118477371627041,0.9132745050181073,0.6068516476541163,0.27159587659713413,0.12155247574874961
1.2468308308308307,289.37741941767433,-0.4843444272442511,0.7080162436193065,0.9140411659977399,0.6062467718420732,0.2718508835601048,0.12190234459782211
1.2498328328328328,290.0741551503376,-0.48339298026564437,0.7042137637304452,0.9148033416247165,0.6056442883253396,0.2721044036149653,0.1222513080596952
1.2528348348348348,290.77089088300085,-0.48244481708843084,0.7004400196389957,0.9155610645132426,0.6050441847969603,0.2723564474945103,0.12259936770852944
1.2558368368368367,291.4676266156641,-0.4814999238763775,0.6966947366684856,0.9163143670075742,0.6044464490161188,0.2726070258441399,0.12294652513974123
1.2588388388388387,292.1643623483273,-0.48055828683846635,0.6929776432810103,0.9170632811843327,0.603851068807944,0.27285614922257834,0.12329278196947771
1.2618408408408408,292.8610980809906,-0.4796198922292123,0.6892884710357824,0.9178078388548008,0.6032580320633123,0.2731038281025877,0.12363813983409996
1.2648428428428427,293.55783381365376,-0.4786847263489702,0.6856269545482985,0.918548071567203,0.602667326738646,0.27335007287167806,0.12398260038967579
1.2678448448448447,294.25456954631704,-0.4777527755442258,0.6819928314501167,0.9192840106089695,0.6020789408557067,0.2735948938328124,0.12432616531148086
1.2708468468468468,294.95130527898027,-0.47682402620787645,0.6783858423492348,0.9200156870089826,0.6014928625013848,0.2738383012051069,0.12466883629350832
1.2738488488488486,295.6480410116435,-0.4758984647794984,0.6748057307910571,0.9207431315398064,0.6009090798274855,0.2740803051245273,0.1250106150479872
1.2768508508508507,296.3447767443067,-0.4749760777456016,0.6712522432199397,0.9214663747199006,0.6003275810505105,0.2743209156445805,0.12535150330490893
1.2798528528528528,297.04151247697,-0.47405685163987454,0.6677251289413092,0.9221854468158156,0.5997483544514366,0.2745601427370012,0.12569150281156208
1.2828548548548548,297.73824820963324,-0.473140773043415,0.6642241400843393,0.9229003778443734,0.5991713883754902,0.2747979962924345,0.1260306153320752
1.2858568568568567,298.43498394229647,-0.4722278285849514,0.6607490315651791,0.9236111975748302,0.598596671231919,0.2750344861211135,0.1263688426469676
1.2888588588588588,299.1317196749597,-0.4713180049410516,0.6572995610507236,0.9243179355310225,0.5980241914937595,0.2752696219535324,0.12670618655270793
1.2918608608608608,299.828455407623,-0.47041128883632377,0.6538754889229209,0.9250206209934968,0.5974539376976042,0.2755034134411153,0.1270426488612805
1.2948628628628627,300.52519114028615,-0.46950766704360236,0.6504765782435967,0.9257192830016235,0.5968858984433614,0.27573587015687956,0.127378231399759
1.2978648648648647,301.22192687294944,-0.46860712638412816,0.6471025947198017,0.9264139503556922,0.5963200623940162,0.27596700159609566,0.1277129360098881
1.3008668668668668,301.91866260561267,-0.46770965372771506,0.6437533066696622,0.927104651618993,0.5957564182753868,0.2761968171769413,0.12804676454767178
1.3038688688688687,302.6153983382759,-0.4668152359929096,0.6404284849887321,0.9277914151198787,0.595194954875879,0.2764253262411515,0.12837971888296945
1.3068708708708707,303.3121340709391,-0.4659238601471384,0.6371279031168332,0.9284742689538141,0.5946356610462372,0.276652538054664,0.12871180089909884
1.3098728728728728,304.00886980360235,-0.4650355132068483,0.633851337005381,0.929153240985405,0.5940785256992943,0.2768784618082597,0.12904301249244599
1.3128748748748749,304.7056055362656,-0.4641501822376369,0.6305985650851853,0.929828358850413,0.593523537809719,0.2771031066181989,0.12937335557208213
1.3158768768768767,305.40234126892875,-0.4632678543543731,0.6273693682347146,0.9304996499577557,0.5929706864137604,0.2773264815268523,0.12970283205938726
1.3188788788788788,306.09907700159204,-0.46238851672131026,0.6241635297488256,0.9311671414914864,0.592419960608991,0.27754859550332817,0.1300314438876808
1.3218808808808808,306.79581273425526,-0.46151215655219024,0.6209808353079402,0.9318308604127616,0.5918713495540482,0.27776945744409387,0.13035919300185791
1.3248828828828827,307.4925484669185,-0.46063876111033963,0.6178210729476712,0.9324908334617915,0.591324842468373,0.27798907617359364,0.13068608135803336
1.3278848848848848,308.1892841995817,-0.45976831770875687,0.6146840330288819,0.9331470871597722,0.5907804286319478,0.2782074604448613,0.13101211092319093
1.3308868868868868,308.886019932245,-0.4589008137101928,0.6115695082081806,0.933799647810806,0.5902380973850323,0.2784246189401281,0.1313372836748395
1.3338888888888887,309.5827556649082,-0.4580362365272229,0.6084772934088362,0.9344485415038022,0.589697838127898,0.2786405602714269,0.1316616016006751
1.3368908908908907,310.27949139757146,-0.4571745736223111,0.6054071857921096,0.9350937941143644,0.5891596403205602,0.2788552929811905,0.1319850666982491
1.3398928928928928,310.9762271302347,-0.4563158125078688,0.6023589847290006,0.9357354313066616,0.5886234934825112,0.27906882554284634,0.1323076809746424
1.3428948948948949,311.672962862898,-0.4554599407463033,0.5993324917723923,0.9363734785352823,0.5880893871924486,0.27928116636140593,0.13262944644614533
1.3458968968968967,312.36969859556115,-0.45460694595006257,0.5963275106295973,0.9370079610470758,0.587557311088006,0.2794923237740504,0.13295036513794345
1.3488988988988988,313.06643432822443,-0.4537568157816706,0.5933438471352913,0.937638903882976,0.5870272548654798,0.27970230605071106,0.13327043908380917
1.3519009009009009,313.76317006088766,-0.4529095379537581,0.5903813092248367,0.9382663318798092,0.5864992082795565,0.279911121394645,0.13358967032579835
1.3549029029029027,314.4599057935509,-0.45206510022908564,0.5874397069079784,0.9388902696720893,0.5859731611430391,0.2801187779430075,0.13390806091395344
1.3579049049049048,315.1566415262141,-0.4512234904205601,0.5845188522429162,0.9395107416937958,0.585449103326571,0.28032528376741805,0.13422561290601084
1.3609069069069069,315.8533772588774,-0.4503846963912467,0.581618559310744,0.9401277721801368,0.5849270247583613,0.28053064687452395,0.13454232836711466
1.3639089089089087,316.5501129915406,-0.44954870605437314,0.5787386441902492,0.9407413851692968,0.5844069154239079,0.2807348752065574,0.13485820936953477
1.3669109109109108,317.24684872420386,-0.4487155073733287,0.5758789249330656,0.9413516045041719,0.5838887653657195,0.2809379766418897,0.1351732579923908
1.3699129129129128,317.9435844568671,-0.44788508836165847,0.5730392215391783,0.9419584538340865,0.5833725646830392,0.28113995899558003,0.13548747632138075
1.372914914914915,318.64032018953037,-0.4470574370830502,0.5702193559327737,0.9425619566164978,0.5828583035315648,0.2813408300199205,0.13580086644851458
1.3759169169169168,319.33705592219354,-0.4462325416513178,0.5674191519384252,0.943162136118684,0.5823459721231709,0.28154059740497617,0.13611343047185304
1.3789189189189188,320.0337916548568,-0.44541039023037726,0.5646384352576129,0.9437590154194212,0.5818355607256281,0.2817392687791209,0.1364251704952509
1.381920920920921,320.73052738752006,-0.44459097103422013,0.5618770334455753,0.94435261741064,0.5813270596623255,0.28193685170956917,0.13673608862810532
1.3849229229229227,321.4272631201833,-0.44377427232687977,0.5591347758884786,0.9449429647990736,0.5808204593119883,0.28213335370290304,0.13704618698510856
1.3879249249249248,322.1239988528465,-0.44296028242239405,0.5564114937809091,0.9455300801078879,0.5803157501083995,0.28232878220559504,0.13735546768600548
1.3909269269269269,322.82073458550974,-0.44214898968476213,0.553707020103675,0.946113985678299,0.5798129225401177,0.28252314460452665,0.1376639328553556
1.3939289289289287,323.51747031817297,-0.44134038252789853,0.5510211896019197,0.9466947036711758,0.5793119671501978,0.2827164482275027,0.1379715846222993
1.3969309309309308,324.2142060508362,-0.44053444941558073,0.5483538387635354,0.9472722560686292,0.5788128745359097,0.28290870034376137,0.13827842512032895
1.3999329329329329,324.9109417834995,-0.4397311788613931,0.5457048057978772,0.947846664675587,0.5783156353484568,0.28309990816447955,0.13858445648706363
1.402934934934935,325.6076775161627,-0.4389305594286677,0.543073930614774,0.9484179511213544,0.5778202402926964,0.283290078843275,0.1388896808640287
1.4059369369369368,326.30441324882594,-0.43813257973041886,0.5404610548038231,0.9489861368611624,0.577326680126858,0.283479219476703,0.13919410039643912
1.4089389389389388,327.00114898148917,-0.43733722842927525,0.5378660216139747,0.9495512431777008,0.5768349456622626,0.28366733710475006,0.13949771723298732
1.411940940940941,327.69788471415245,-0.4365444942374087,0.5352886759333976,0.9501132911826384,0.5763450277630431,0.2838544387113226,0.13980053352563443
1.4149429429429428,328.3946204468156,-0.4357543659164561,0.5327288642696171,0.95067230181813,0.5758569173458622,0.2840405312247319,0.14010255142940606
1.4179449449449448,329.0913561794789,-0.4349668322774414,0.5301864347299291,0.9512282958583097,0.5753706053796332,0.2842256215181749,0.14040377310219185
1.420946946946947,329.78809191214214,-0.434181882180692,0.5276612370020821,0.9517812939107706,0.5748860828852406,0.28440971641021096,0.14070420070454856
1.4239489489489487,330.48482764480536,-0.43339950453575127,0.5251531223352214,0.9523313164180323,0.5744033409352585,0.2845928226652344,0.14100383639950717
1.4269509509509508,331.1815633774686,-0.43261968830128916,0.5226619435210927,0.9528783836589938,0.573922370653673,0.28477494699394307,0.14130268235238388
1.4299529529529529,331.8782991101319,-0.43184242248500815,0.5201875548755068,0.953422515750376,0.5734431632156024,0.28495609605380323,0.14160074073059423
1.432954954954955,332.5750348427951,-0.4310676961435475,0.5177298122200499,0.9539637326481477,0.5729657098470188,0.28513627644951,0.14189801370347127
1.4359569569569568,333.2717705754583,-0.4302954983823821,0.515288572864047,0.9545020541489423,0.5724900018244691,0.28531549473344386,0.14219450344208698
1.4389589589589589,333.9685063081215,-0.429525818355721,0.5128636955867671,0.9550374998914597,0.5720160304747985,0.2854937574061239,0.14249021211907753
1.441960960960961,334.6652420407848,-0.4287586452664012,0.5104550406198715,0.9555700893578564,0.5715437871748724,0.2856710709166563,0.14278514190847125
1.4449629629629628,335.36197777344796,-0.42799396836577885,0.5080624696300975,0.9560998418751226,0.5710732633512998,0.28584744166317927,0.14307929498552094
1.4479649649649649,336.05871350611125,-0.4272317769536188,0.5056858457021772,0.9566267766164483,0.5706044504801571,0.28602287599330467,0.1433726735265383
1.450966966966967,336.7554492387745,-0.42647206037797947,0.503325033321985,0.9571509126025743,0.5701373400867124,0.28619738020455476,0.14366527970873288
1.4539689689689688,337.4521849714377,-0.42571480803509787,0.500979898359914,0.9576722687031347,0.5696719237451509,0.28637096054479605,0.14395711571005299
1.4569709709709708,338.14892070410093,-0.4249600093692691,0.4986503080544728,0.9581908636379836,0.5692081930783,0.2865436232126692,0.14424818370903086
1.459972972972973,338.8456564367642,-0.4242076538727257,0.49633613099610513,0.958706715978513,0.5687461397573557,0.28671537435801436,0.14453848588462997
1.462974974974975,339.54239216942744,-0.4234577310855139,0.4940372371112247,0.9592198441489563,0.5682857555016098,0.28688622008229436,0.14482802441609588
1.4659769769769768,340.2391279020907,-0.42271023059536716,0.4917534976464628,0.9597302664276817,0.5678270320781773,0.28705616643901266,0.14511680148281017
1.4689789789789789,340.9358636347539,-0.42196514203757796,0.48948478515312815,0.9602380009484728,0.5673699613017248,0.2872252194341285,0.1454048192641468
1.471980980980981,341.63259936741713,-0.4212224550948678,0.48723097347187216,0.9607430657017982,0.5669145350341998,0.2873933850264683,0.14569207993933195
1.4749829829829828,342.32933510008036,-0.4204821594972546,0.4849919377175599,0.9612454785360687,0.5664607451845607,0.28756066912813316,0.14597858568730615
1.4779849849849849,343.0260708327436,-0.4197442450219173,0.4827675542643392,0.9617452571588849,0.566008583708507,0.2877270776049033,0.14626433868658972
1.480986986986987,343.72280656540687,-0.4190087014930613,0.48055770073091214,0.962242419138271,0.5655580426082116,0.287892616276638,0.14654934111515033
1.4839889889889888,344.41954229807004,-0.4182755187817785,0.4783622559659974,0.9627369819038998,0.5651091139320525,0.28805729091767335,0.14683359515027405
1.4869909909909909,345.1162780307333,-0.4175446868059083,0.47618110003398795,0.9632289627483037,0.5646617897743466,0.2882211072572152,0.14711710296843822
1.489992992992993,345.81301376339655,-0.41681619552989524,0.474014114200796,0.9637183788280784,0.5642160622750828,0.2883840709797295,0.14739986674518757
1.492994994994995,346.50974949605984,-0.41609003496464614,0.47186118091988655,0.9642052471650718,0.5637719236196587,0.28854618772532875,0.14768188865501253
1.4959969969969968,347.206485228723,-0.4153661951673844,0.46972218381849334,0.9646895846475643,0.5633293660386146,0.2887074630901552,0.1479631708712302
1.498998998998999,347.9032209613863,-0.41464466624150353,0.46759700768401574,0.9651714080314377,0.5628883818073714,0.28886790262676054,0.1482437155658679
1.502001001001001,348.5999566940495,-0.41392543833642,0.46548553845059665,0.9656507339413343,0.5624489632459687,0.28902751184448255,0.14852352490954873
1.5050030030030028,349.29669242671275,-0.41320850164742196,0.46338766318587343,0.9661275788718028,0.5620111027188022,0.2891862962098177,0.14880260107138019
1.508005005005005,349.993428159376,-0.4124938464155197,0.4613032700779032,0.9666019591884368,0.5615747926343643,0.2893442611467911,0.14908094621884455
1.511007007007007,350.69016389203927,-0.41178146292729306,0.45923224842226,0.9670738911290013,0.5611400254449849,0.28950141203732316,0.1493585625176918
1.5140090090090088,351.38689962470244,-0.41107134151473756,0.4571744886092993,0.9675433908045485,0.5607067936465726,0.28965775422159235,0.14963545213183502
1.5170110110110109,352.0836353573657,-0.4103634725551096,0.4551298821115875,0.9680104742005247,0.5602750897783572,0.2898132929983953,0.14991161722324758
1.520013013013013,352.78037109002895,-0.4096578464707709,0.4530983214714974,0.9684751571778656,0.5598449064226337,0.2899680336255035,0.15018705995186288
1.523015015015015,353.47710682269224,-0.40895445372903105,0.45107970028896255,0.9689374554740828,0.5594162362045072,0.2901219813200167,0.15046178247547615
1.5260170170170169,354.1738425553554,-0.4082532848419899,0.44907391320939194,0.9693973847043389,0.5589890717916383,0.29027514125871345,0.15073578694964834
1.529019019019019,354.8705782880187,-0.40755433036637745,0.447080855911739,0.9698549603625144,0.5585634058939897,0.2904275185783981,0.1510090755276122
1.532021021021021,355.5673140206819,-0.4068575809033943,0.4451004250967283,0.9703101978222637,0.5581392312635746,0.2905791183762451,0.15128165036018026
1.5350230230230228,356.26404975334515,-0.40616302709855057,0.44313251847523105,0.9707631123380609,0.5577165406942054,0.2907299457101398,0.15155351359565483
1.538025025025025,356.9607854860084,-0.405470659641503,0.4411770347567913,0.9712137190462382,0.5572953270212433,0.2908800055990165,0.1518246673797403
1.541027027027027,357.6575212186716,-0.40478046926589306,0.4392338736383009,0.971662032966011,0.5568755831213499,0.29102930302319324,0.15209511385545685
1.5440290290290288,358.35425695133483,-0.40409244674918265,0.43730293579282,0.9721080690004981,0.5564573019122393,0.29117784292470406,0.15236485516305665
1.547031031031031,359.05099268399806,-0.4034065829124896,0.43538412285853817,0.9725518419377285,0.556040476352431,0.29132563020762736,0.15263389343994144
1.550033033033033,359.74772841666135,-0.4027228686204227,0.43347733742788136,0.9729933664516413,0.5556250994410051,0.2914726697384124,0.1529022308205824
1.5530350350350348,360.4444641493245,-0.40204129478091544,0.43158248303675506,0.9734326571030755,0.5552111642173568,0.29161896634620177,0.15316986943644137
1.5560370370370369,361.1411998819878,-0.4013618523450593,0.42969946415392507,0.9738697283407509,0.5547986637609537,0.29176452482315196,0.15343681141589438
1.559039039039039,361.83793561465103,-0.4006845323069369,0.4278281861705356,0.9743045945022399,0.5543875911910934,0.29190934992475026,0.15370305888415647
1.562041041041041,362.5346713473143,-0.4000093257034536,0.4259685553897594,0.9747372698149303,0.5539779396666622,0.29205344637012925,0.1539686139632086
1.5650430430430429,363.2314070799775,-0.39933622361416987,0.4241204790165802,0.9751677683969786,0.5535697023858958,0.29219681884237836,0.15423347877172588
1.568045045045045,363.9281428126407,-0.39866521716113157,0.42228386514770366,0.9755961042582566,0.5531628725861396,0.2923394719888524,0.154497655425008
1.571047047047047,364.62487854530394,-0.3979962975087009,0.4204586227615985,0.9760222913012864,0.5527574435436117,0.29248141042147763,0.1547611460349108
1.5740490490490489,365.32161427796717,-0.3973294558633864,0.4186446617086618,0.9764463433221683,0.5523534085731658,0.2926226387170547,0.1550239527097794
1.577051051051051,366.0183500106304,-0.3966646834736731,0.4168418927015096,0.976868274011501,0.5519507610280568,0.29276316141755937,0.1552860775543837
1.580053053053053,366.7150857432937,-0.3960019716298513,0.41505022730538954,0.9772880969552913,0.5515494942997057,0.29290298303043993,0.15554752266985436
1.5830550550550548,367.41182147595686,-0.39534131166384545,0.4132695779287148,0.9777058256358568,0.5511496018174666,0.2930421080289122,0.1558082901536212
1.586057057057057,368.10855720862014,-0.39468269494904334,0.4114998578137176,0.978121473432719,0.5507510770483958,0.29318054085225187,0.15606838209935242
1.589059059059059,368.80529294128337,-0.3940261129001237,0.40974098102721873,0.9785350536234911,0.5503539134970197,0.2933182859060844,0.15632780059689597
1.592061061061061,369.50202867394665,-0.39337155697288506,0.4079928624515149,0.9789465793847528,0.5499581047051068,0.2934553475626716,0.1565865477322217
1.595063063063063,370.1987644066098,-0.39271901866407294,0.406255417775379,0.9793560637929213,0.5495636442514382,0.2935917301611965,0.15684462558736528
1.598065065065065,370.8955001392731,-0.39206848951120715,0.4045285634851725,0.9797635198251126,0.549170525751581,0.2937274380080452,0.15710203624037383
1.601067067067067,371.59223587193634,-0.3914199610924102,0.40281221685607144,0.9801689603599943,0.5487787428576623,0.29386247537708565,0.1573587817652521
1.6040690690690689,372.28897160459957,-0.39077342502623336,0.4011062959433985,0.9805723981786314,0.5483882892581441,0.293996846509945,0.15761486423191076
1.607071071071071,372.9857073372628,-0.39012887297148435,0.399410719574066,0.9809738459653243,0.5479991586776002,0.2941305556162839,0.15787028570611586
1.610073073073073,373.6824430699261,-0.38948629662705436,0.3977254073381239,0.981373316308438,0.5476113448764934,0.29426360687406744,0.15812504824943904
1.6130750750750749,374.37917880258925,-0.38884568773174444,0.39605027958041295,0.9817708217012251,0.5472248416509544,0.29439600442983566,0.15837915391920998
1.616077077077077,375.07591453525254,-0.3882070380640923,0.3943852573923212,0.9821663745426399,0.5468396428325615,0.29452775239896933,0.15863260476846922
1.619079079079079,375.77265026791576,-0.3875703394421993,0.3927302626036443,0.9825599871381461,0.5464557422881221,0.29465885486595517,0.15888540284592276
1.622081081081081,376.469386000579,-0.3869355837235574,0.3910852177745444,0.982951671700516,0.546073133919455,0.29478931588464735,0.15913755019589762
1.625083083083083,377.1661217332422,-0.38630276280487497,0.3894500461876093,0.9833414403506231,0.5456918116631737,0.2949191394785275,0.15938904885829872
1.628085085085085,377.86285746590545,-0.3856718686219043,0.3878246718400093,0.9837293051182271,0.5453117694904712,0.29504832964096184,0.15963990086856694
1.631087087087087,378.55959319856873,-0.3850428931492674,0.3862090194357515,0.9841152779427512,0.5449330014069056,0.2951768903354561,0.15989010825763822
1.634089089089089,379.2563289312319,-0.384415828400284,0.38460301437802813,0.9844993706740535,0.5445555014521878,0.29530482549590836,0.16013967305190382
1.637091091091091,379.9530646638952,-0.38379066642679727,0.38300658276166033,0.9848815950731893,0.544179263699969,0.29543213902685916,0.16038859727317178
1.640093093093093,380.6498003965584,-0.3831673993190014,0.38141965136563244,0.9852619628131687,0.5438042822576308,0.2955588348037399,0.16063688293862938
1.6430950950950949,381.34653612922165,-0.38254601920526815,0.37984214764572083,0.9856404854797053,0.543430551266075,0.2956849166731181,0.16088453206080683
1.646097097097097,382.0432718618849,-0.381926518251975,0.3782739997272099,0.9860171745719581,0.5430580648995167,0.2958103884529416,0.16113154664754173
1.649099099099099,382.74000759454816,-0.3813088886633308,0.37671513639769866,0.986392041503269,0.5426868173652756,0.2959352539327797,0.16137792870194478
1.652101101101101,383.4367433272114,-0.3806931226812048,0.3751654870999948,0.9867650976018895,0.5423168029035714,0.29605951687406207,0.1616236802223666
1.655103103103103,384.1334790598746,-0.3800792125849537,0.37362498192509497,0.9871363541117042,0.5419480157873188,0.2961831810103162,0.1618688032023651
1.658105105105105,384.83021479253784,-0.3794671506912489,0.37209355160525065,0.9875058221929462,0.5415804503219234,0.2963062500474021,0.16211329963067447
1.661107107107107,385.52695052520113,-0.378856929353906,0.37057112750711946,0.987873512922905,0.5412141008450806,0.2964287276637448,0.16235717149117457
1.664109109109109,386.2236862578643,-0.3782485409637116,0.3690576416249958,0.9882394372966299,0.5408489617265732,0.29655061751056533,0.16260042076286157
1.667111111111111,386.9204219905276,-0.3776419779482524,0.36755302657412825,0.9886036062276253,0.5404850273680718,0.2966719232121088,0.16284304941981942
1.670113113113113,387.6171577231908,-0.3770372327717442,0.3660572155841148,0.9889660305485406,0.5401222922029365,0.29679264836587127,0.16308505943119228
1.673115115115115,388.31389345585404,-0.3764342979348606,0.36457014249237796,0.9893267210118524,0.5397607506960184,0.2969127965428238,0.16332645276115776
1.676117117117117,389.01062918851727,-0.3758331659745624,0.3630917417377206,0.9896856882905429,0.5394003973434637,0.2970323712876352,0.16356723136890125
1.679119119119119,389.70736492118056,-0.37523382946392714,0.36162194835395617,0.9900429429787683,0.5390412266725177,0.29715137611889164,0.16380739720859058
1.682121121121121,390.4041006538438,-0.37463628101197916,0.3601606979636185,0.9903984955925254,0.5386832332413316,0.2972698145293159,0.16404695222935245
1.685123123123123,391.100836386507,-0.3740405132635199,0.35870792677174607,0.990752356570308,0.5383264116387686,0.2973876899859828,0.1642858983752487
1.688125125125125,391.79757211917024,-0.37344651889895775,0.35726357155973926,0.9911045362737614,0.5379707564842117,0.2975050059305343,0.16452423758525397
1.691127127127127,392.49430785183347,-0.37285429063414,0.3558275696792949,0.9914550449883259,0.5376162624273743,0.29762176577939164,0.16476197179323424
1.694129129129129,393.1910435844967,-0.3722638212201834,0.3543998590464086,0.9918038929238794,0.537262924148109,0.2977379729239656,0.1649991029279255
1.697131131131131,393.88777931715987,-0.371675103443306,0.3529803781354527,0.9921510902153706,0.5369107363562202,0.2978536307308656,0.1652356329129142
1.700133133133133,394.58451504982315,-0.371088130124659,0.3515690659733231,0.992496646923448,0.5365596937912764,0.29796874254210615,0.16547156366661744
1.703135135135135,395.2812507824863,-0.3705028941201594,0.3501658621336557,0.9928405730350826,0.536209791222424,0.2980833116753116,0.16570689710226455
1.706137137137137,395.9779865151496,-0.36991938832032223,0.3487707067311116,0.9931828784641852,0.5358610234482015,0.2981973414239192,0.1659416351278793
1.709139139139139,396.67472224781284,-0.36933760565009466,0.347383540415731,0.9935235730522175,0.5355133852963572,0.29831083505738026,0.16617577964626254
1.7121411411411411,397.3714579804761,-0.36875753906868836,0.34600430436735347,0.9938626665687985,0.5351668716236644,0.2984237958213596,0.166409332554976
1.715143143143143,398.0681937131393,-0.36817918156941476,0.3446329402901041,0.9942001687123043,0.534821477315741,0.2985362269379327,0.16664229574632625
1.718145145145145,398.7649294458026,-0.3676025261795185,0.34326939040694515,0.9945360891104631,0.5344771972868684,0.2986481316057817,0.16687467110734988
1.7211471471471471,399.4616651784658,-0.3670275659600129,0.3419135974542918,0.9948704373209444,0.5341340264798117,0.29875951300038944,0.16710646051979886
1.724149149149149,400.15840091112904,-0.3664542940055151,0.34056550467669244,0.9952032228319427,0.5337919598656419,0.2988703742742312,0.16733766586012683
1.727151151151151,400.85513664379226,-0.3658827034440819,0.3392250558215695,0.9955344550627572,0.5334509924435581,0.2989807185569657,0.16756828899947618
1.730153153153153,401.55187237645555,-0.36531278743704587,0.3378921951340241,0.9958641433643638,0.5331111192407112,0.2990905489556235,0.1677983318036653
1.733155155155155,402.2486081091187,-0.36474453917885263,0.3365668673517012,0.9961922970199837,0.5327723353120293,0.29919986855479414,0.16802779613317667
1.736157157157157,402.945343841782,-0.3641779518968968,0.33524901769971427,0.9965189252456466,0.5324346357400427,0.29930868041681136,0.1682566838431459
1.739159159159159,403.64207957444523,-0.36361301885136155,0.33393859188563024,0.9968440371907474,0.5320980156347123,0.29941698758193697,0.16848499678335074
1.7421611611611612,404.3388153071085,-0.363049733335055,0.3326355360945125,0.9971676419386002,0.5317624701332562,0.2995247930685427,0.16871273679820115
1.745163163163163,405.0355510397717,-0.36248808867325016,0.3313397969840225,0.9974897485069854,0.5314279943999798,0.29963209987329054,0.1689399057267296
1.748165165165165,405.732286772435,-0.3619280782235236,0.3300513216795771,0.997810365848691,0.531094583626106,0.29973891097131167,0.1691665054025824
1.7511671671671671,406.4290225050982,-0.3613696953755948,0.32877005776956486,0.9981295028520527,0.5307622330296058,0.29984522931638324,0.16939253765401097
1.754169169169169,407.12575823776143,-0.3608129335511676,0.32749595330061465,0.9984471683414844,0.5304309378550317,0.2999510578411042,0.1696180043038641
1.757171171171171,407.82249397042466,-0.3602577862037697,0.3262289567729224,0.9987633710780073,0.5301006933733503,0.3000563994570692,0.16984290716958064
1.7601731731731731,408.51922970308794,-0.35970424681859403,0.3249690171356293,0.9990781197597727,0.5297714948817767,0.30016125705504065,0.1700672480631826
1.763175175175175,409.2159654357511,-0.35915230891234207,0.32371608378225664,0.9993914230225803,0.529443337703611,0.30026563350512014,0.1702910287912689
1.766177177177177,409.9127011684144,-0.3586019660330641,0.3224701065461891,0.9997032894403918,0.5291162171880736,0.30036953165691704,0.17051425115500946
1.769179179179179,410.60943690107763,-0.3580532117600034,0.3212310356962158,1.00001372752584,0.5287901287101433,0.30047295433971677,0.17073691695013993
1.7721811811811812,411.30617263374086,-0.35750603970343975,0.31999882193211737,1.0003227457307327,0.5284650676703965,0.30057590436264675,0.17095902796695675
1.775183183183183,412.0029083664041,-0.3569604435045326,0.3187734163803075,1.000630352446553,0.5281410294948455,0.3006783845148414,0.17118058599031297
1.778185185185185,412.6996440990673,-0.35641641683516667,0.3175547705895231,1.000936556004954,0.5278180096347808,0.30078039756560515,0.17140159279961412
1.7811871871871872,413.3963798317306,-0.35587395339779604,0.31634283652656414,1.0012413646782499,0.5274960035666109,0.3008819462645744,0.17162205016881485
1.784189189189189,414.09311556439377,-0.3553330469252909,0.3151375665720834,1.001544786679902,0.5271750067917066,0.30098303334187776,0.17184195986641573
1.787191191191191,414.78985129705706,-0.35479369118078274,0.31393891351642206,1.0018468301650008,0.5268550148362438,0.3010836615082952,0.17206132365546103
1.7901931931931931,415.4865870297203,-0.35425587995751223,0.3127468305554959,1.002147503230743,0.5265360232510484,0.3011838334554153,0.1722801432935362
1.793195195195195,416.1833227623835,-0.3537196070786761,0.31156127128672656,1.0024468139169054,0.5262180276114423,0.3012835518557914,0.1724984205327662
1.796197197197197,416.88005849504674,-0.35318486639727487,0.31038218970501963,1.0027447702063128,0.5259010235170892,0.30138281936309635,0.17271615711981433
1.7991991991991991,417.57679422771,-0.35265165179596203,0.30920954019878877,1.0030413800253037,0.5255850065918432,0.3014816386122756,0.17293335479588115
1.8022012012012012,418.27352996037325,-0.3521199571868929,0.3080432775460254,1.0033366512441904,0.5252699724835967,0.3015800122196993,0.17315001529670387
1.805203203203203,418.9702656930365,-0.35158977651157447,0.30688335691041263,1.0036305916777146,0.5249559168641308,0.3016779427833129,0.17336614035255632
1.8082052052052051,419.6670014256997,-0.3510611037407155,0.3057297338374822,1.0039232090855004,0.5246428354289647,0.30177543288278597,0.17358173168824925
1.8112072072072072,420.363737158363,-0.3505339328740779,0.30458236425081836,1.004214511172502,0.5243307238972086,0.3018724850796607,0.17379679102313067
1.814209209209209,421.06047289102617,-0.3500082579403283,0.3034412044483007,1.004504505589448,0.5240195780114152,0.30196910191749793,0.17401132007108688
1.817211211211211,421.75720862368945,-0.3494840729968892,0.30230621109839156,1.0047931999332813,0.5237093935374333,0.3020652859220226,0.17422532054054407
1.8202132132132132,422.4539443563527,-0.3489613721297934,0.30117734123646617,1.0050806017475953,0.5234001662642629,0.30216103960126767,0.17443879413446947
1.823215215215215,423.15068008901585,-0.34844014945353574,0.30005455226118194,1.0053667185230653,0.5230918920039095,0.30225636544571677,0.17465174255037372
1.826217217217217,423.8474158216791,-0.3479203991109282,0.2989378019308898,1.005651557697878,0.5227845665912413,0.3023512659284457,0.17486416748031308
1.8292192192192192,424.54415155434236,-0.3474021152729535,0.29782704836008667,1.0059351266581555,0.5224781858838455,0.3024457435052623,0.17507607061089206
1.8322212212212212,425.2408872870056,-0.3468852921386213,0.29672225001590613,1.0062174327383753,0.5221727457618878,0.30253980061484576,0.17528745362326645
1.835223223223223,425.9376230196688,-0.34636992393482335,0.29562336571465014,1.0064984832217878,0.5218682421279699,0.3026334396788836,0.1754983181931465
1.8382252252252251,426.63435875233205,-0.34585600491618973,0.2945303546183577,1.0067782853408291,0.5215646709069904,0.30272666310220886,0.1757086659908007
1.8412272272272272,427.33109448499533,-0.34534352936494617,0.2934431762314136,1.0070568462775307,0.5212620280460056,0.30281947327293474,0.17591849868105947
1.844229229229229,428.0278302176585,-0.3448324915907721,0.29236179039719473,1.0073341731639243,0.5209603095140917,0.30291187256258895,0.17612781792331955
1.8472312312312311,428.7245659503218,-0.34432288593065774,0.2912861572947523,1.0076102730824457,0.5206595113022058,0.303003863326246,0.17633662537154807
1.8502332332332332,429.421301682985,-0.34381470674876413,0.29021623743553343,1.0078851530663315,0.5203596294230521,0.30309544790265974,0.17654492267428804
1.853235235235235,430.11803741564825,-0.343307948436282,0.28915199166013744,1.0081588201000145,0.5200606599109445,0.3031866286143929,0.17675271147466257
1.856237237237237,430.8147731483115,-0.3428026054112917,0.28809338113510824,1.008431281119516,0.5197625988216724,0.30327740776794687,0.17695999341038074
1.8592392392392392,431.5115088809747,-0.34229867211862464,0.287040367349764,1.0087025430128325,0.5194654422323675,0.30336778765388983,0.17716677011374285
1.8622412412412412,432.208244613638,-0.3417961430297236,0.2859929121130592,1.0089726126203207,0.51916918624137,0.3034577705469837,0.1773730432116464
1.865243243243243,432.90498034630116,-0.34129501264250584,0.2849509775504847,1.0092414967350791,0.5188738269680979,0.30354735870631006,0.1775788143255921
1.8682452452452452,433.60171607896444,-0.34079527548122424,0.2839145261009985,1.0095092021033238,0.5185793605529146,0.303636554375395,0.17778408507169038
1.8712472472472472,434.2984518116277,-0.34029692609633244,0.28288352051399374,1.0097757354247654,0.5182857831569999,0.30372535978233256,0.1779888570606675
1.874249249249249,434.9951875442909,-0.33979995906434657,0.28185792384629804,1.0100411033529773,0.5179930909622193,0.3038137771399078,0.1781931318978728
1.8772512512512511,435.6919232769541,-0.33930436898771077,0.2808376994592057,1.010305312495765,0.5177012801709964,0.30390180864571786,0.17839691118328563
1.8802532532532532,436.3886590096174,-0.3388101504946626,0.27982281101554474,1.0105683694155299,0.517410347006185,0.3039894564822926,0.17860019651152242
1.883255255255255,437.0853947422806,-0.33831729823909773,0.2788132224767734,1.0108302806296305,0.517120287710942,0.3040767228172137,0.17880298947184423
1.8862572572572571,437.78213047494387,-0.3378258069004371,0.2778088981001102,1.0110910526107402,0.5168310985486018,0.30416360980323365,0.17900529164816464
1.8892592592592592,438.4788662076071,-0.33733567118349306,0.2768098024356953,1.0113506917872024,0.5165427758025505,0.30425011957839226,0.1792071046190574
1.8922612612612613,439.1756019402704,-0.33684688581833744,0.2758159003237817,1.0116092045433813,0.5162553157761021,0.3043362542661332,0.17940842995776465
1.895263263263263,439.87233767293355,-0.33635944556016995,0.2748271568919595,1.0118665972200112,0.5159687147923752,0.3044220159754196,0.17960926923220524
1.8982652652652652,440.56907340559684,-0.3358733451891859,0.2738435375524071,1.012122876114542,0.5156829691941691,0.30450740680084765,0.1798096240049832
1.9012672672672672,441.26580913826007,-0.33538857951044687,0.2728650079991758,1.0123780474814805,0.5153980753438434,0.3045924288227601,0.1800094958333965
1.904269269269269,441.9625448709233,-0.3349051433537501,0.27189153420550133,1.0126321175327306,0.5151140296231959,0.30467708410735855,0.18020888626944576
1.9072712712712712,442.6592806035865,-0.3344230315734985,0.2709230824211458,1.0128850924379293,0.514830828433342,0.3047613747068144,0.18040779685984354
1.9102732732732732,443.3560163362498,-0.33394223904857334,0.26995961916976907,1.0131369783247806,0.5145484681945969,0.30484530265937965,0.1806062291460235
1.913275275275275,444.052752068913,-0.33346276068220504,0.2690011112463269,1.0133877812793846,0.5142669453463549,0.30492886998949537,0.18080418466414983
1.9162772772772771,444.74948780157627,-0.332984591401846,0.2680475257144982,1.0136375073465667,0.5139862563469726,0.30501207870790087,0.18100166494512662
1.9192792792792792,445.4462235342395,-0.33250772615904345,0.2670988299041411,1.0138861625302005,0.5137063976736516,0.3050949308117404,0.1811986715146081
1.9222812812812813,446.1429592669028,-0.3320321599293137,0.266154991408774,1.014133752793531,0.5134273658223218,0.30517742828467004,0.1813952058930082
1.9252832832832831,446.83969499956595,-0.331557887712016,0.26521597808308695,1.0143802840594929,0.5131491573075265,0.30525957309696294,0.1815912695955105
1.9282852852852852,447.5364307322292,-0.3310849045302278,0.264281758040477,1.0146257622110262,0.5128717686623068,0.30534136720561433,0.181786864132079
1.9312872872872873,448.23316646489246,-0.33061320543061967,0.26335229965061074,1.014870193091391,0.5125951964380876,0.3054228125544445,0.18198199100746795
1.9342892892892891,448.92990219755563,-0.3301427854833327,0.26242757153701524,1.0151135825044766,0.5123194372045653,0.3055039110742021,0.18217665172123265
1.9372912912912912,449.6266379302189,-0.3296736397818536,0.2615075425746914,1.0153559362151094,0.5120444875495938,0.30558466468266604,0.18237084776774012
1.9402932932932933,450.32337366288215,-0.3292057634428941,0.2605921818877553,1.0155972599493601,0.511770344079074,0.30566507528474623,0.18256458063617984
1.943295295295295,451.0201093955454,-0.32873915160626704,0.25968145884710414,1.0158375593948437,0.5114970034168417,0.3057451447725837,0.18275785181057463
1.9462972972972972,451.7168451282086,-0.32827379943476587,0.25877534306810623,1.0160768402010203,0.511224462204558,0.3058248750256499,0.1829506627697921
1.9492992992992992,452.41358086087183,-0.3278097021140441,0.2578738044083173,1.016315107979493,0.5109527171015994,0.3059042679108454,0.18314301498755525
1.952301301301301,453.11031659353506,-0.3273468548524947,0.25697681296521974,1.016552368304302,0.510681764784949,0.30598332528259675,0.18333490993245427
1.9553033033033032,453.8070523261983,-0.32688525288113046,0.25608433907398664,1.0167886267122164,0.5104116019490884,0.30606204898295375,0.18352634906795792
1.9583053053053052,454.5037880588615,-0.3264248914534652,0.255196353305269,1.0170238887030236,0.5101422253058902,0.30614044084168496,0.18371733385242497
1.9613073073073073,455.2005237915248,-0.3259657658453952,0.25431282646300724,1.0172581597398171,0.5098736315845112,0.30621850267637285,0.18390786573911594
1.9643093093093091,455.897259524188,-0.3255078713550821,0.25343372958226545,1.0174914452492811,0.5096058175312871,0.3062962362925079,0.18409794617620504
1.9673113113113112,456.59399525685126,-0.32505120330283427,0.2525590339270881,1.017723750621971,0.5093387799096261,0.30637364348358215,0.1842875766067918
1.9703133133133133,457.2907309895145,-0.3245957570309918,0.25168871098838064,1.0179550812125941,0.5090725154999052,0.30645072603118134,0.18447675846891337
1.9733153153153151,457.9874667221777,-0.32414152790380957,0.2508227324818113,1.0181854423402874,0.508807021099366,0.3065274857050773,0.1846654931955565
1.9763173173173172,458.68420245484094,-0.32368851130734194,0.24996107034573556,1.0184148392888908,0.5085422935220117,0.30660392426331834,0.1848537822146698
1.9793193193193193,459.3809381875042,-0.3232367026493283,0.24910369673914262,1.0186432773072203,0.5082783295985043,0.30668004345231975,0.18504162694917597
1.982321321321321,460.0776739201674,-0.32278609735907826,0.24825058403962302,1.018870761609338,0.5080151261760626,0.3067558450069531,0.1852290288169843
1.9853233233233232,460.7744096528307,-0.3223366908873587,0.2474017048413582,1.0190972973748198,0.5077526801183619,0.3068313306506349,0.18541598923100325
1.9883253253253252,461.4711453854939,-0.3218884787062799,0.24655703195313025,1.0193228897490199,0.5074909883054327,0.3069065020954145,0.18560250959915284
1.9913273273273273,462.1678811181572,-0.3214414563091839,0.24571653839635405,1.0195475438433352,0.5072300476335614,0.30698136104206114,0.18578859132437747
1.9943293293293292,462.86461685082037,-0.3209956192105322,0.24488019740312808,1.019771264735465,0.5069698550151909,0.30705590918015035,0.1859742358046587
1.9973313313313312,463.56135258348365,-0.3205509629457944,0.2440479824143076,1.0199940574696704,0.5067104073788223,0.30713014818814977,0.18615944443302795
2.0003333333333333,464.2580883161469,-0.3201074830713371,0.24321986707759571,1.020215927057029,0.5064517016689167,0.3072040797335036,0.18634421859757969
2.0033353353353354,464.9548240488101,-0.3196651751643147,0.2423958252456571,1.0204368784756912,0.5061937348457988,0.30727770547271716,0.18652855968148405
2.0063373373373374,465.6515597814734,-0.31922403482255923,0.24157583097424842,1.02065691667113,0.5059365038855596,0.3073510270514401,0.18671246906300032
2.009339339339339,466.34829551413657,-0.31878405766447127,0.240759858520371,1.0208760465563922,0.505680005779961,0.3074240461045494,0.1868959481154897
2.012341341341341,467.0450312467998,-0.31834523932891146,0.2399478823404399,1.0210942730123453,0.5054242375363402,0.30749676425623096,0.18707899820742882
2.015343343343343,467.741766979463,-0.31790757547509285,0.23913987708847453,1.0213116008879228,0.5051691961775158,0.3075691831200614,0.18726162070242292
2.0183453453453453,468.4385027121263,-0.3174710617824738,0.23833581761430686,1.0215280350003684,0.5049148787416928,0.3076413042990881,0.18744381695921902
2.0213473473473473,469.13523844478954,-0.3170356939506508,0.23753567896180763,1.021743580135476,0.5046612822823704,0.30771312938591,0.18762558833171963
2.0243493493493494,469.8319741774528,-0.31660146769925235,0.2367394363671318,1.0219582410478294,0.5044084038682483,0.3077846599627558,0.18780693616899594
2.027351351351351,470.52870991011594,-0.31616837876783355,0.235947065256982,1.0221720224610404,0.504156240583135,0.3078558976015634,0.1879878618153015
2.030353353353353,471.2254456427792,-0.3157364229157709,0.23515854124688929,1.0223849290679823,0.5039047895258568,0.30792684386405744,0.1881683666100859
2.033355355355355,471.92218137544245,-0.3153055959221578,0.23437384013951237,1.0225969655310243,0.5036540478101658,0.3079975003018262,0.18834845188800797
2.0363573573573572,472.61891710810573,-0.3148758935857007,0.23359293792295419,1.0228081364822612,0.5034040125646507,0.3080678684563993,0.18852811897895003
2.0393593593593593,473.31565284076896,-0.3144473117246156,0.2328158107690949,1.0230184465237444,0.5031546809326468,0.3081379498593221,0.18870736920803122
2.0423613613613614,474.01238857343225,-0.3140198461765251,0.23204243503194327,1.0232279002277072,0.5029060500721464,0.3082077460322323,0.18888620389562127
2.0453633633633634,474.7091243060955,-0.31359349279835663,0.23127278724600403,1.0234365021367908,0.5026581171557114,0.3082772584869338,0.18906462435735477
2.048365365365365,475.40586003875865,-0.3131682474662399,0.23050684412466244,1.0236442567642687,0.5024108793703843,0.3083464887254712,0.18924263190414442
2.051367367367367,476.1025957714219,-0.31274410607540615,0.22974458255858488,1.0238511685942662,0.5021643339176016,0.3084154382402029,0.18942022784219548
2.054369369369369,476.79933150408516,-0.31232106454008746,0.2289859796141366,1.0240572420819811,0.5019184780131067,0.3084841085138739,0.1895974134730193
2.0573713713713713,477.4960672367484,-0.3118991187934166,0.22823101253181466,1.024262481653901,0.5016733088868642,0.3085525010196881,0.18977419009344765
2.0603733733733733,478.1928029694117,-0.31147826478732743,0.22747965872469728,1.0244668917080193,0.5014288237829738,0.30862061722137973,0.18995055899564642
2.0633753753753754,478.8895387020749,-0.3110584984924559,0.22673189577690908,1.0246704766140486,0.5011850199595859,0.30868845857328414,0.19012652146712997
2.0663773773773775,479.5862744347382,-0.3106398158980413,0.22598770144210178,1.0248732407136347,0.5009418946888163,0.30875602652040857,0.19030207879077504
2.069379379379379,480.2830101674013,-0.3102222130118286,0.2252470536419503,1.0250751883205642,0.5006994452566635,0.30882332249850153,0.19047723224483493
2.072381381381381,480.9797459000646,-0.3098056858599706,0.22450993046466375,1.0252763237209752,0.5004576689629242,0.30889034793412207,0.19065198310295364
2.0753833833833832,481.6764816327278,-0.3093902304869314,0.22377631016351238,1.0254766511735636,0.5002165631211115,0.3089571042447084,0.19082633263418017
2.0783853853853853,482.37321736539104,-0.3089758429553897,0.22304617115536854,1.0256761749097874,0.4999761250583721,0.3090235928386456,0.19100028210298234
2.0813873873873874,483.06995309805427,-0.308562519346143,0.22231949201926285,1.025874899134072,0.4997363521154046,0.30908981511533373,0.19117383276926161
2.0843893893893894,483.7666888307175,-0.30815025575801236,0.22159625149495496,1.026072828024009,0.49949724164637915,0.30915577246525394,0.19134698588836682
2.087391391391391,484.46342456338067,-0.30773904830774734,0.22087642848151806,1.0262699657305587,0.49925879101885606,0.3092214662700352,0.19151974271110872
2.090393393393393,485.1601602960439,-0.3073288931299316,0.22016000203593836,1.0264663163782473,0.49902099761370583,0.3092868979025199,0.19169210448377424
2.093395395395395,485.8568960287072,-0.3069197863768894,0.21944695137172876,1.0266618840653632,0.4987838588250301,0.3093520687268291,0.19186407244814074
2.0963973973973973,486.5536317613704,-0.3065117242185921,0.21873725585755555,1.0268566728641526,0.49854737206008254,0.3094169800984272,0.19203564784149044
2.0993993993993993,487.2503674940337,-0.30610470284256514,0.21803089501587952,1.027050686821012,0.4983115347391896,0.3094816333641859,0.19220683189662446
2.1024014014014014,487.9471032266969,-0.30569871845379626,0.21732784852161083,1.0272439299566811,0.49807634429567416,0.309546029862448,0.19237762584187787
2.1054034034034035,488.6438389593602,-0.30529376727464336,0.21662809620077664,1.0274364062664316,0.49784179817577656,0.30961017092309023,0.1925480309011332
2.108405405405405,489.3405746920233,-0.30488984554474297,0.2159316180292028,1.0276281197202564,0.4976078938385785,0.30967405786758595,0.19271804829383554
2.111407407407407,490.0373104246866,-0.30448694952092,0.21523839413120777,1.0278190742630562,0.49737462875592653,0.3097376920090669,0.19288767923500655
2.1144094094094092,490.73404615734984,-0.304085075477097,0.21454840477831097,1.0280092738148252,0.49714200041235596,0.3098010746523851,0.19305692493525894
2.1174114114114113,491.4307818900131,-0.30368421970420467,0.21386163038795242,1.0281987222708346,0.4969100063050158,0.3098642070941732,0.1932257866008111
2.1204134134134134,492.1275176226764,-0.3032843785100923,0.213178051522226,1.0283874235018147,0.4966786439435934,0.3099270906229055,0.19339426543350108
2.1234154154154155,492.8242533553396,-0.3028855482194393,0.21249764888662537,1.0285753813541358,0.49644791085024087,0.3099897265189576,0.19356236263080157
2.1264174174174175,493.52098908800286,-0.3024877251736664,0.21182040332880178,1.0287625996499876,0.4962178045595002,0.3100521160546661,0.19373007938583384
2.129419419419419,494.21772482066604,-0.3020909057308479,0.21114629583733416,1.0289490821875573,0.4959883226182304,0.3101142604943871,0.1938974168873825
2.132421421421421,494.9144605533293,-0.30169508626562486,0.2104753075405123,1.0291348327412044,0.49575946258553477,0.3101761610945553,0.19406437631990991
2.1354234234234233,495.6111962859925,-0.3013002631691174,0.20980741970513087,1.029319855061637,0.4955312220326879,0.3102378191037415,0.19423095886357053
2.1384254254254254,496.3079320186558,-0.300906432848839,0.20914261373529652,1.0295041528760847,0.4953035985430643,0.3102992357627104,0.19439716569422533
2.1414274274274274,497.00466775131906,-0.3005135917286101,0.20848087117124495,1.0296877298884701,0.49507658971206636,0.31036041230447736,0.19456299798345628
2.1444294294294295,497.70140348398235,-0.3001217362484728,0.20782217368817194,1.0298705897795801,0.49485019314705375,0.31042134995436527,0.19472845689858093
2.147431431431431,498.3981392166454,-0.2997308628646062,0.20716650309507434,1.0300527362072334,0.4946244064672729,0.31048204993006046,0.1948935436026667
2.150433433433433,499.0948749493087,-0.29934096804924104,0.20651384133360193,1.0302341728064506,0.4943992273037863,0.31054251344166844,0.19505825925454529
2.1534354354354353,499.791610681972,-0.29895204829057664,0.20586417047692276,1.030414903189618,0.4941746532994039,0.3106027416917688,0.19522260500882727
2.1564374374374373,500.48834641463526,-0.29856410009269696,0.2052174727285974,1.0305949309466538,0.4939506821086132,0.3106627358754705,0.1953865820159163
2.1594394394394394,501.18508214729843,-0.29817711997548685,0.204573730421465,1.0307742596451714,0.49372731139751064,0.31072249718046546,0.1955501914220238
2.1624414414414415,501.8818178799617,-0.2977911044745507,0.20393292601654103,1.0309528928306424,0.4935045388437339,0.310782026787083,0.19571343436918323
2.1654434434434435,502.578553612625,-0.2974060501411289,0.2032950421019237,1.0311308340265555,0.4932823621363932,0.3108413258683425,0.19587631199526429
2.168445445445445,503.27528934528806,-0.2970219535420172,0.20266006139171408,1.0313080867345783,0.493060778976005,0.3109003955900074,0.19603882543398776
2.171447447447447,503.97202507795134,-0.29663881125948444,0.20202796672494291,1.0314846544347134,0.49283978707442405,0.3109592371106365,0.1962009758149396
2.1744494494494493,504.66876081061463,-0.29625661989119245,0.20139874106451203,1.0316605405854569,0.49261938415477774,0.311017851581637,0.19636276426358526
2.1774514514514514,505.3654965432779,-0.29587537605011566,0.20077236749614286,1.031835748623954,0.4923995679514,0.3110762401473157,0.19652419190128434
2.1804534534534534,506.0622322759411,-0.2954950763644605,0.20014882922733618,1.0320102819661516,0.4921803362097651,0.3111344039449303,0.19668525984530463
2.1834554554554555,506.75896800860437,-0.29511571747758636,0.1995281095863424,1.0321841440069535,0.4919616866864231,0.31119234410474017,0.19684596920883674
2.1864574574574576,507.45570374126766,-0.29473729604792687,0.19891019202114144,1.0323573381203712,0.49174361714893494,0.31125006175005693,0.19700632110100805
2.189459459459459,508.1524394739308,-0.2943598087489108,0.19829506009843245,1.0325298676596746,0.49152612537580825,0.3113075579972942,0.19716631662689743
2.1924614614614613,508.849175206594,-0.2939832522688838,0.19768269750263265,1.0327017359575412,0.49130920915643317,0.3113648339560175,0.19732595688754942
2.1954634634634633,509.5459109392573,-0.2936076233110307,0.19707308803488727,1.032872946326205,0.4910928662910189,0.3114218907289928,0.1974852429799882
2.1984654654654654,510.24264667192057,-0.29323291859329914,0.1964662156120883,1.0330435020576019,0.49087709459053147,0.3114787294122362,0.19764417599723233
2.2014674674674675,510.93938240458385,-0.29285913484832116,0.19586206426590158,1.0332134064235172,0.4906618918766298,0.3115353510950615,0.19780275702830863
2.2044694694694695,511.636118137247,-0.29248626882333806,0.19526061814180565,1.0333826626757294,0.4904472559816047,0.3115917568601287,0.19796098715826665
2.207471471471471,512.3328538699102,-0.2921143172801235,0.19466186149813686,1.033551274046153,0.4902331847483162,0.3116479477834912,0.19811886746819266
2.2104734734734732,513.0295896025734,-0.2917432769949085,0.19406577870514677,1.0337192437469813,0.4900196760301326,0.3117039249346434,0.1982763990352241
2.2134754754754753,513.7263253352368,-0.2913731447583058,0.19347235424406573,1.0338865749708277,0.48980672769086925,0.3117596893765671,0.19843358293256344
2.2164774774774774,514.4230610678999,-0.2910039173752357,0.1928815727061777,1.0340532708908647,0.48959433760472854,0.3118152421657787,0.19859042022949283
2.2194794794794794,515.1197968005632,-0.290635591664851,0.19229341879190198,1.0342193346609638,0.48938250365623837,0.311870584352374,0.19874691199138741
2.2224814814814815,515.8165325332265,-0.29026816446046383,0.19170787730988562,1.034384769415832,0.4891712237401942,0.31192571698007543,0.1989030592797304
2.2254834834834836,516.5132682658898,-0.2899016326094713,0.19112493317610232,1.0345495782711494,0.48896049576159767,0.31198064108627593,0.19905886315212634
2.228485485485485,517.2100039985528,-0.2895359929732835,0.19054457141296222,1.0347137643237034,0.48875031763559923,0.3120353577020851,0.19921432466231576
2.2314874874874873,517.9067397312161,-0.28917124242724945,0.18996677714842794,1.0348773306515242,0.4885406872874382,0.31208986785237297,0.19936944486018876
2.2344894894894893,518.6034754638794,-0.28880737786058636,0.1893915356151411,1.0350402803140177,0.4883316026523858,0.3121441725558148,0.19952422479179943
2.2374914914914914,519.3002111965426,-0.28844439617630635,0.18881883214955522,1.0352026163520973,0.48812306167568587,0.3121982728249345,0.1996786654993795
2.2404934934934935,519.9969469292058,-0.2880822942911462,0.1882486521910784,1.0353643417883147,0.48791506231249876,0.31225216966614877,0.1998327680213526
2.2434954954954955,520.6936826618692,-0.2877210691354949,0.18768098128122254,1.0355254596269914,0.4877076025278428,0.3123058640798094,0.1999865333923479
2.2464974974974976,521.3904183945324,-0.2873607176533246,0.18711580506276254,1.0356859728543455,0.48750068029653887,0.3123593570602469,0.20013996264321426
2.2494994994994992,522.0871541271955,-0.28700123680211903,0.18655310927890179,1.0358458844386225,0.4872942936031531,0.31241264959581283,0.20029305680103404
2.2525015015015013,522.7838898598587,-0.28664262355280423,0.1859928797724459,1.0360051973302191,0.48708844044194133,0.3124657426689216,0.2004458168891371
2.2555035035035034,523.4806255925221,-0.286284874889679,0.18543510248498496,1.0361639144618116,0.48688311881679314,0.3125186372560926,0.20059824392711414
2.2585055055055054,524.1773613251853,-0.2859279878103456,0.18487976345608276,1.036322038748479,0.48667832674117695,0.31257133432799167,0.20075033893083133
2.2615075075075075,524.8740970578485,-0.2855719593256414,0.18432684882247358,1.0364795730878287,0.4864740622380847,0.31262383484947215,0.2009021029124433
2.2645095095095096,525.5708327905118,-0.28521678645957005,0.183776344817267,1.0366365203601176,0.4862703233399773,0.3126761397796155,0.20105353688040722
2.267511511511511,526.267568523175,-0.28486246624923417,0.18322823776916025,1.0367928834283753,0.4860671080887309,0.31272825007177246,0.20120464183949674
2.2705135135135133,526.9643042558382,-0.28450899574476707,0.18268251410165667,1.0369486651385245,0.4858644145355824,0.31278016667360237,0.20135541879081528
2.2735155155155153,527.6610399885014,-0.28415637200926647,0.18213916033229346,1.0371038683195006,0.4856622407410764,0.31283189052711363,0.20150586873180995
2.2765175175175174,528.3577757211647,-0.28380459211872666,0.18159816307187504,1.0372584957833721,0.4854605847750118,0.3128834225687032,0.20165599265628517
2.2795195195195195,529.0545114538279,-0.2834536531619728,0.18105950902371407,1.0374125503254572,0.48525944471638877,0.31293476372919515,0.20180579155441597
2.2825215215215215,529.7512471864912,-0.2831035522405949,0.18052318498288014,1.0375660347244415,0.4850588186533571,0.3129859149338808,0.20195526641276218
2.2855235235235236,530.4479829191544,-0.2827542864688817,0.17998917783545412,1.0377189517424938,0.4848587046831629,0.31303687710255584,0.20210441821428124
2.2885255255255252,531.1447186518176,-0.28240585297375553,0.17945747455779107,1.0378713041253829,0.4846591009120978,0.31308765114955994,0.20225324793834226
2.2915275275275273,531.8414543844808,-0.2820582488947075,0.17892806221578847,1.03802309460259,0.48446000545544676,0.31313823798381407,0.2024017565607393
2.2945295295295294,532.5381901171442,-0.28171147138373254,0.17840092796416213,1.038174325887423,0.4842614164374372,0.313188638508858,0.20254994505370472
2.2975315315315314,533.2349258498073,-0.28136551760526607,0.17787605904572923,1.0383250006771294,0.48406333199118884,0.31323885362288845,0.2026978143859228
2.3005335335335335,533.9316615824706,-0.2810203847361189,0.1773534427906963,1.0384751216530073,0.4838657502586618,0.3132888842187953,0.20284536552254293
2.3035355355355356,534.6283973151338,-0.2806760699654147,0.1768330666159557,1.0386246914805166,0.4836686693906078,0.31333873118419914,0.20299259942519307
2.306537537537537,535.3251330477971,-0.2803325704945267,0.1763149180243873,1.038773712809389,0.4834720875465197,0.3133883954014873,0.20313951705199307
2.3095395395395393,536.0218687804602,-0.27998988353701426,0.17579898460416726,1.0389221882737365,0.483276002894582,0.31343787774785015,0.20328611935756777
2.3125415415415413,536.7186045131235,-0.27964800631856124,0.17528525402808304,1.03907012049216,0.48308041361162185,0.3134871790953174,0.20343240729306064
2.3155435435435434,537.4153402457868,-0.2793069360769136,0.17477371405285436,1.0392175120678564,0.48288531788306016,0.31353630031079344,0.20357838180614654
2.3185455455455455,538.11207597845,-0.2789666700618175,0.17426435251846098,1.0393643655887257,0.48269071390286256,0.3135852422560923,0.20372404384104506
2.3215475475475476,538.8088117111132,-0.27862720553495823,0.17375715734747602,1.0395106836274755,0.4824965998734922,0.31363400578797385,0.20386939433853396
2.3245495495495496,539.5055474437765,-0.278288539769899,0.17325211654440634,1.0396564687417262,0.48230297400586075,0.31368259175817753,0.20401443423596177
2.3275515515515512,540.2022831764397,-0.2779506700520201,0.17274921819503763,1.0398017234741164,0.48210983451928136,0.31373100101345747,0.2041591644672612
2.3305535535535533,540.8990189091029,-0.27761359367845895,0.17224845046578646,1.0399464503524034,0.4819171796414211,0.31377923439561667,0.20430358596296214
2.3335555555555554,541.5957546417661,-0.2772773079580497,0.1717498016030583,1.0400906518895683,0.4817250076082543,0.31382729274154103,0.20444769965020462
2.3365575575575575,542.2924903744295,-0.27694181021126374,0.17125325993261103,1.0402343305839152,0.48153331666401533,0.31387517688323296,0.20459150645275162
2.3395595595595595,542.9892261070927,-0.27660709777015013,0.17075881385892386,1.040377488919174,0.48134210506115255,0.31392288764784504,0.2047350072910024
2.3425615615615616,543.6859618397559,-0.27627316797827717,0.17026645186457298,1.0405201293645985,0.48115137106028216,0.31397042585771295,0.20487820308200497
2.3455635635635637,544.3826975724191,-0.27594001819067293,0.16977616250961203,1.040662254375067,0.48096111293014204,0.3140177923303888,0.20502109473946914
2.3485655655655653,545.0794333050824,-0.27560764577376756,0.16928793443095896,1.04080386639118,0.480771328947547,0.3140649878786736,0.20516368317377942
2.3515675675675674,545.7761690377456,-0.2752760481053349,0.16880175634178757,1.040944967839358,0.4805820173973425,0.31411201331064986,0.20530596929200765
2.3545695695695694,546.4729047704088,-0.27494522257443477,0.1683176170309254,1.0410855611319387,0.48039317657236064,0.3141588694297136,0.20544795399792587
2.3575715715715715,547.1696405030721,-0.27461516658135604,0.1678355053622565,1.0412256486672726,0.4802048047733749,0.31420555703460623,0.20558963819201886
2.3605735735735736,547.8663762357354,-0.274285877537559,0.1673554102741299,1.0413652328298184,0.48001690030905614,0.3142520769194468,0.20573102277149713
2.3635755755755756,548.5631119683986,-0.27395735286561906,0.16687732077877326,1.0415043159902377,0.4798294614959282,0.3142984298737626,0.20587210863030914
2.3665775775775773,549.2598477010617,-0.2736295899991702,0.1664012259617122,1.0416429005054901,0.4796424866583245,0.3143446166825212,0.2060128966591543
2.3695795795795793,549.956583433725,-0.27330258638284866,0.16592711498119386,1.0417809887189244,0.47945597412834395,0.31439063812616086,0.20615338774549527
2.3725815815815814,550.6533191663883,-0.27297633947223765,0.16545497706761714,1.0419185829603719,0.47926992224580817,0.3144364949806214,0.2062935827735705
2.3755835835835835,551.3500548990515,-0.27265084673381146,0.16498480152296674,1.0420556855462388,0.47908432935821843,0.3144821880173747,0.20643348262440694
2.3785855855855855,552.0467906317148,-0.27232610564488047,0.16451657772025322,1.042192298779596,0.47889919382071267,0.3145277180034552,0.2065730881758322
2.3815875875875876,552.743526364378,-0.27200211369353633,0.1640502951029571,1.0423284249502704,0.4787145139960235,0.3145730857014894,0.20671240030248714
2.3845895895895897,553.4402620970413,-0.2716788683785975,0.16358594318447905,1.0424640663349343,0.4785302882544357,0.3146182918697261,0.20685141987583822
2.3875915915915913,554.1369978297045,-0.2713563672095548,0.1631235115475944,1.0425992251971934,0.4783465149737445,0.3146633372620658,0.2069901477641897
2.3905935935935934,554.8337335623677,-0.27103460770651744,0.16266298984391225,1.0427339037876768,0.4781631925392137,0.3147082226280899,0.20712858483269625
2.3935955955955954,555.5304692950309,-0.2707135874001601,0.1622043677933403,1.042868104344123,0.47798031934353497,0.3147529487130902,0.20726673194337486
2.3965975975975975,556.2272050276943,-0.27039330383166865,0.16174763518355337,1.0430018290914678,0.4777978937867858,0.3147975162580971,0.20740458995511712
2.3995995995995996,556.9239407603574,-0.27007375455268773,0.1612927818694676,1.0431350802419292,0.47761591427638933,0.314841925999909,0.2075421597237016
2.4026016016016016,557.6206764930206,-0.2697549371252677,0.16083979777271878,1.043267859995095,0.47743437922707366,0.31488617867112034,0.20767944210180597
2.4056036036036037,558.3174122256839,-0.26943684912181276,0.16038867288114558,1.0434001705380058,0.47725328706083153,0.31493027500014986,0.20781643793901877
2.4086056056056053,559.014147958347,-0.26911948812502806,0.1599393972482772,1.0435320140452398,0.4770726362068798,0.31497421571126843,0.20795314808185172
2.4116076076076074,559.7108836910103,-0.26880285172786844,0.15949196099282548,1.0436633926789973,0.47689242510162044,0.3150180015246275,0.20808957337375203
2.4146096096096095,560.4076194236735,-0.2684869375334866,0.159046354298182,1.0437943085891828,0.47671265218860037,0.31506163315628577,0.20822571465511377
2.4176116116116115,561.1043551563369,-0.2681717431551821,0.15860256741191925,1.0439247639134868,0.4765333159184724,0.3151051113182374,0.2083615727632903
2.4206136136136136,561.8010908890001,-0.26785726621635,0.15816059064529575,1.0440547607774686,0.47635441474895573,0.31514843671843834,0.20849714853260579
2.4236156156156157,562.4978266216633,-0.2675435043504305,0.157720414372767,1.0441843012946372,0.47617594714479816,0.3151916100608341,0.20863244279436763
2.4266176176176173,563.1945623543264,-0.26723045520085853,0.1572820290314989,1.0443133875665311,0.47599791157773624,0.31523463204538604,0.20876745637687774
2.4296196196196194,563.8912980869898,-0.26691811642101326,0.15684542512088673,1.0444420216827988,0.47582030652645774,0.31527750336809784,0.20890219010544447
2.4326216216216214,564.588033819653,-0.2666064856741687,0.15641059320207806,1.0445702057212776,0.47564313047656337,0.315320224721042,0.20903664480239464
2.4356236236236235,565.2847695523162,-0.2662955606334441,0.15597752389749991,1.0446979417480722,0.475466381920529,0.3153627967923861,0.20917082128708486
2.4386256256256256,565.9815052849794,-0.26598533898175436,0.15554620789038956,1.0448252318176334,0.4752900593576679,0.3154052202664186,0.20930472037591355
2.4416276276276276,566.6782410176428,-0.26567581841176113,0.1551166359243301,1.0449520779728343,0.47511416129409334,0.31544749582357445,0.20943834288233218
2.4446296296296297,567.374976750306,-0.2653669966258244,0.15468879880278988,1.0450784822450487,0.4749386862426818,0.31548962414046094,0.20957168961685738
2.4476316316316313,568.0717124829691,-0.26505887133595374,0.15426268738866586,1.045204446654226,0.47476363272303557,0.31553160588988277,0.2097047613870818
2.4506336336336334,568.7684482156324,-0.26475144026375985,0.15383829260383064,1.045329973208968,0.4745889992614462,0.31557344174086743,0.20983755899768639
2.4536356356356355,569.4651839482957,-0.2644447011404072,0.15341560542868476,1.0454550639066027,0.47441478439085855,0.3156151323586901,0.20997008325045136
2.4566376376376375,570.1619196809589,-0.26413865170656625,0.1529946169017111,1.0455797207332602,0.4742409866508339,0.31565667840489847,0.21010233494426767
2.4596396396396396,570.8586554136222,-0.26383328971236575,0.15257531811903446,1.0457039456639456,0.4740676045875144,0.31569808053733706,0.21023431487514863
2.4626416416416417,571.5553911462854,-0.26352861291734586,0.15215770023398434,1.0458277406626137,0.4738946367535869,0.31573933941017207,0.210366023836241
2.4656436436436437,572.2521268789487,-0.2632246190904114,0.15174175445666202,1.04595110768224,0.473722081708248,0.31578045567391544,0.2104974626178366
2.4686456456456454,572.9488626116118,-0.2629213060097847,0.15132747205351094,1.0460740486648952,0.473549938017168,0.31582142997544865,0.21062863200738327
2.4716476476476474,573.6455983442751,-0.26261867146296025,0.150914844346891,1.046196565541815,0.4733782042524566,0.31586226295804715,0.21075953278949636
2.4746496496496495,574.3423340769383,-0.2623167132466574,0.1505038627146565,1.0463186602334726,0.4732068789926271,0.3159029552614032,0.21089016574596967
2.4776516516516516,575.0390698096016,-0.2620154291667757,0.15009451858973805,1.046440334649649,0.47303596082256266,0.3159435075216504,0.21102053165578694
2.4806536536536536,575.7358055422648,-0.26171481703834865,0.14968680345972732,1.046561590689503,0.47286544833348126,0.3159839203713861,0.2111506312951326
2.4836556556556557,576.4325412749281,-0.2614148746854985,0.1492807088664666,1.046682430241641,0.4726953401229017,0.3160241944396952,0.2112804654374032
2.4866576576576573,577.1292770075912,-0.2611155999413912,0.14887622640564044,1.0468028551841868,0.4725256347946093,0.31606433035217263,0.21141003485321805
2.4896596596596594,577.8260127402546,-0.26081699064819186,0.14847334772637208,1.0469228673848483,0.47235633095862256,0.31610432873094685,0.21153934031043067
2.4926616616616615,578.5227484729177,-0.2605190446570198,0.14807206453082258,1.047042468700988,0.47218742723115914,0.3161441901947015,0.21166838257413936
2.4956636636636635,579.219484205581,-0.26022175982790435,0.14767236857379393,1.0471616609796888,0.47201892223460273,0.31618391535869894,0.21179716240669838
2.4986656656656656,579.9162199382442,-0.2599251340297411,0.1472742516623348,1.0472804460578213,0.4718508145974697,0.31622350483480177,0.2119256805677286
2.5016676676676677,580.6129556709076,-0.2596291651402477,0.1468777056553507,1.0473988257621119,0.4716831029543762,0.31626295923149533,0.2120539378141285
2.5046696696696698,581.3096914035707,-0.2593338510459204,0.14648272246321672,1.0475168019092065,0.4715157859460054,0.31630227915390957,0.21218193490008502
2.5076716716716714,582.0064271362339,-0.2590391896419909,0.14608929404739376,1.0476343763057379,0.471348862219075,0.316341465203841,0.21230967257708408
2.5106736736736734,582.7031628688972,-0.2587451788323828,0.14569741242004813,1.0477515507483903,0.4711823304263044,0.316380517979774,0.21243715159392162
2.5136756756756755,583.3998986015605,-0.2584518165296694,0.14530706964367457,1.047868327023964,0.47101618922638333,0.3164194380769027,0.21256437269671388
2.5166776776776776,584.0966343342236,-0.25815910065503056,0.1449182578307222,1.047984706909439,0.47085043728393916,0.31645822608715213,0.21269133662890857
2.5196796796796797,584.793370066887,-0.2578670291382107,0.14453096914322355,1.0481006921720395,0.47068507326950565,0.31649688259919945,0.21281804413129496
2.5226816816816817,585.4901057995502,-0.25757559991747614,0.14414519579242724,1.0482162845692962,0.4705200958594908,0.31653540819849474,0.21294449594201462
2.525683683683684,586.1868415322134,-0.2572848109395739,0.14376093003843335,1.04833148584911,0.470355503736146,0.316573803467282,0.21307069279657212
2.5286856856856854,586.8835772648765,-0.2569946601596892,0.14337816418983196,1.0484462977498135,0.47019129558753453,0.3166120689846201,0.2131966354278453
2.5316876876876875,587.5803129975399,-0.2567051455414051,0.14299689060334525,1.0485607220002333,0.470027470107501,0.31665020532640314,0.21332232456609593
2.5346896896896896,588.2770487302031,-0.25641626505666004,0.14261710168347175,1.0486747603197504,0.4698640259956397,0.31668821306538053,0.21344776093897969
2.5376916916916916,588.9737844628663,-0.25612801668570784,0.14223878988213448,1.0487884144183623,0.4697009619572651,0.3167260927711778,0.2135729452715572
2.5406936936936937,589.6705201955295,-0.2558403984170765,0.14186194769833116,1.0489016859967426,0.4695382767033801,0.31676384501031624,0.2136978782863036
2.5436956956956958,590.3672559281928,-0.25555340824752776,0.14148656767778867,1.0490145767463015,0.46937596895064726,0.31680147034623324,0.2138225607031195
2.5466976976976974,591.063991660856,-0.25526704418201684,0.14111264241261887,1.0491270883492447,0.4692140374213576,0.3168389693393017,0.21394699323934077
2.5496996996996995,591.7607273935191,-0.25498130423365195,0.14074016454097846,1.0492392224786333,0.46905248084340095,0.31687634254685,0.214071176609749
2.5527017017017015,592.4574631261825,-0.2546961864236553,0.1403691267467315,1.0493509807984418,0.468891297950237,0.3169135905231813,0.21419511152658163
2.5557037037037036,593.1541988588457,-0.2544116887813227,0.13999952175911434,1.0494623649636163,0.46873048748086477,0.3169507138195932,0.21431879869954207
2.5587057057057057,593.850934591509,-0.25412780934398427,0.13963134235240382,1.0495733766201334,0.46857004817979386,0.31698771298439654,0.2144422388358096
2.5617077077077077,594.5476703241721,-0.2538445461569655,0.13926458134558814,1.0496840174050561,0.46840997879701535,0.3170245885629349,0.21456543264004982
2.56470970970971,595.2444060568355,-0.253561897273548,0.13889923160204,1.0497942889465919,0.4682502780879723,0.3170613410976032,0.21468838081442432
2.5677117117117114,595.9411417894986,-0.25327986075493103,0.1385352860291939,1.0499041928641482,0.468090944813532,0.317097971127867,0.21481108405860094
2.5707137137137135,596.637877522162,-0.25299843467019256,0.1381727375782239,1.0500137307683903,0.46793197773995604,0.3171344791902805,0.2149335430697635
2.5737157157157156,597.3346132548251,-0.252717617096251,0.1378115792437264,1.0501229042612945,0.4677733756388727,0.3171708658185056,0.2150557585426217
2.5767177177177176,598.0313489874884,-0.2524374061178276,0.13745180406340388,1.0502317149362064,0.46761513728724874,0.3172071315433302,0.21517773116942115
2.5797197197197197,598.7280847201516,-0.2521577998274076,0.1370934051177522,1.050340164377893,0.4674572614673607,0.31724327689268617,0.2152994616399531
2.5827217217217218,599.424820452815,-0.2518787963252036,0.1367363755297504,1.050448254162599,0.4672997469667678,0.317279302391668,0.21542095064156416
2.585723723723724,600.1215561854781,-0.2516003937191169,0.13638070846455233,1.0505559858581008,0.46714259257828333,0.3173152085625504,0.2155421988591664
2.5887257257257255,600.8182919181413,-0.25132259012470115,0.13602639712918188,1.0506633610237595,0.46698579709994753,0.3173509959248062,0.21566320697524635
2.5917277277277275,601.5150276508045,-0.25104538366512474,0.1356734347722302,1.0507703812105742,0.46682935933500025,0.3173866649951243,0.21578397566987553
2.5947297297297296,602.2117633834679,-0.25076877247113405,0.13532181468355547,1.0508770479612362,0.4666732780918535,0.3174222162874271,0.21590450562071947
2.5977317317317317,602.908499116131,-0.25049275468101684,0.13497153019398536,1.0509833628101797,0.4665175521840644,0.3174576503128881,0.21602479750304754
2.6007337337337337,603.6052348487943,-0.25021732844056566,0.13462257467502145,1.0510893272836355,0.4663621804303083,0.31749296757994916,0.21614485198974265
2.603735735735736,604.3019705814576,-0.2499424919030416,0.1342749415385468,1.0511949428996823,0.46620716165435194,0.31752816859433775,0.21626466975131034
2.6067377377377374,604.9987063141208,-0.2496682432291382,0.13392862423653573,1.0513002111682976,0.466052494685027,0.31756325385908424,0.21638425145588883
2.6097397397397395,605.6954420467839,-0.24939458058694552,0.13358361626076498,1.0514051335914103,0.46589817835620345,0.3175982238745385,0.21650359776925793
2.6127417417417416,606.3921777794473,-0.2491215021519146,0.13323991114252953,1.051509711662949,0.46574421150676365,0.3176330791383873,0.21662270935484906
2.6157437437437436,607.0889135121105,-0.2488490061068217,0.13289750245235804,1.0516139468688945,0.4655905929805756,0.3176678201456704,0.2167415868737539
2.6187457457457457,607.7856492447737,-0.2485770906417334,0.1325563837997329,1.0517178406873287,0.4654373216264678,0.31770244738879794,0.2168602309847344
2.6217477477477478,608.4823849774369,-0.24830575395397095,0.1322165488328109,1.051821394588484,0.4652843962982025,0.31773696135756596,0.21697864234423156
2.62474974974975,609.1791207101003,-0.24803499424807587,0.13187799123814756,1.0519246100347934,0.46513181585445096,0.3177713625391738,0.21709682160637508
2.6277517517517515,609.8758564427634,-0.2477648097357751,0.13154070474042295,1.052027488480939,0.46497957915876764,0.3178056514182399,0.21721476942299253
2.6307537537537535,610.5725921754266,-0.24749519863594605,0.13120468310216943,1.0521300313739,0.46482768507956423,0.3178398284768175,0.2173324864436182
2.6337557557557556,611.2693279080898,-0.2472261591745829,0.13086992012350276,1.0522322401530015,0.46467613249008555,0.31787389419441175,0.21744997331550264
2.6367577577577577,611.9660636407532,-0.24695768958476214,0.1305364096418545,1.0523341162499624,0.4645249202683839,0.3179078490479945,0.21756723068362174
2.6397597597597597,612.6627993734164,-0.24668978810660827,0.13020414553170653,1.0524356610889427,0.46437404729729376,0.3179416935120208,0.21768425919068551
2.642761761761762,613.3595351060796,-0.24642245298726068,0.12987312170432877,1.0525368760865899,0.4642235124644082,0.3179754280584443,0.2178010594771475
2.645763763763764,614.0562708387429,-0.24615568248083963,0.12954333210751748,1.0526377626520875,0.4640733146620532,0.31800905315673317,0.21791763218121357
2.6487657657657655,614.7530065714061,-0.2458894748484129,0.12921477072533724,1.0527383221871998,0.46392345278726393,0.31804256927388497,0.21803397793885104
2.6517677677677676,615.4497423040693,-0.24562382835796254,0.12888743157786384,1.0528385560863194,0.46377392574175996,0.3180759768744426,0.21815009738379743
2.6547697697697696,616.1464780367326,-0.24535874128435184,0.12856130872093008,1.0529384657365117,0.46362473243192126,0.31810927642050923,0.21826599114756942
2.6577717717717717,616.8432137693958,-0.24509421190929254,0.1282363962458732,1.0530380525175618,0.4634758717687645,0.3181424683717635,0.21838165985947194
2.6607737737737738,617.539949502059,-0.2448302385213121,0.1279126882792843,1.0531373178020185,0.46332734266791875,0.3181755531854746,0.21849710414660664
2.663775775775776,618.2366852347224,-0.24456681941572117,0.12759017898276018,1.0532362629552396,0.46317914404960214,0.31820853131651694,0.21861232463388097
2.6667777777777775,618.9334209673855,-0.24430395289458112,0.12726886255265704,1.0533348893354368,0.4630312748385979,0.3182414032173855,0.21872732194401678
2.6697797797797795,619.6301567000487,-0.24404163726667197,0.12694873321984543,1.0534331982937193,0.46288373396423105,0.31827416933820984,0.21884209669755908
2.6727817817817816,620.3268924327119,-0.24377987084746064,0.12662978524946902,1.053531191174138,0.46273652036034557,0.3183068301267696,0.21895664951288493
2.6757837837837837,621.0236281653753,-0.24351865195906888,0.12631201294070296,1.0536288693137292,0.4625896329652805,0.31833938602850786,0.2190709810062116
2.6787857857857857,621.7203638980384,-0.2432579789302415,0.1259954106265162,1.0537262340425575,0.4624430707218473,0.3183718374865468,0.2191850917916058
2.681787787787788,622.4170996307017,-0.24299785009631542,0.12567997267343445,1.053823286683759,0.46229683257730725,0.318404184941701,0.21929898248099183
2.68478978978979,623.113835363365,-0.24273826379918767,0.12536569348130563,1.0539200285535841,0.4621509174833479,0.31843642883249196,0.21941265368416024
2.6877917917917915,623.8105710960282,-0.24247921838728478,0.12505256748306712,1.05401646096144,0.4620053243960611,0.31846856959516245,0.21952610600877634
2.6907937937937936,624.5073068286913,-0.24222071221553187,0.12474058914451486,1.0541125852099318,0.4618600522759208,0.3185006076636903,0.21963934006038893
2.6937957957957956,625.2040425613546,-0.24196274364532133,0.12442975296407395,1.0542084025949057,0.4617151000877596,0.3185325434698022,0.2197523564424383
2.6967977977977977,625.9007782940179,-0.24170531104448273,0.124120053472572,1.0543039144054893,0.4615704668007476,0.31856437744298755,0.21986515575626486
2.6997997997998,626.5975140266811,-0.24144841278725215,0.12381148523301316,1.0543991219241335,0.46142615138836984,0.3185961100105125,0.2199777386011177
2.702801801801802,627.2942497593443,-0.24119204725424195,0.12350404284035481,1.0544940264266531,0.4612821528284045,0.318627741597433,0.22009010557416256
2.7058038038038035,627.9909854920076,-0.24093621283241046,0.12319772092128559,1.0545886291822673,0.4611384701029009,0.3186592726266087,0.22020225727049042
2.7088058058058055,628.6877212246708,-0.24068090791503224,0.12289251413400541,1.0546829314536403,0.460995102198158,0.31869070351871637,0.2203141942831257
2.7118078078078076,629.384456957334,-0.24042613090166817,0.12258841716800707,1.0547769344969211,0.46085204810470265,0.3187220346922629,0.22042591720303445
2.7148098098098097,630.0811926899972,-0.2401718801981358,0.12228542474385985,1.0548706395617833,0.4607093068172684,0.318753266563599,0.22053742661913261
2.7178118118118118,630.7779284226606,-0.23991815421647997,0.12198353161299458,1.0549640478914653,0.4605668773347741,0.3187843995469319,0.22064872311829412
2.720813813813814,631.4746641553238,-0.23966495137494323,0.12168273255749025,1.0550571607228074,0.4604247586603023,0.3188154340543386,0.22075980728535907
2.723815815815816,632.171399887987,-0.23941227009793706,0.12138302238986307,1.055149979286294,0.46028294980107903,0.3188463704957789,0.22087067970314198
2.7268178178178175,632.8681356206502,-0.2391601088160127,0.12108439595285655,1.0552425048060885,0.4601414497684523,0.3188772092791083,0.22098134095243957
2.7298198198198196,633.5648713533135,-0.2389084659658318,0.12078684811923272,1.0553347385000758,0.4600002575778708,0.3189079508100901,0.22109179161203898
2.7328218218218217,634.2616070859767,-0.23865733999013874,0.12049037379156691,1.0554266815798963,0.45985937224886464,0.3189385954924095,0.2212020322587259
2.7358238238238237,634.95834281864,-0.23840672933773122,0.12019496790204194,1.0555183352509865,0.45971879280502337,0.3189691437276845,0.22131206346729215
2.738825825825826,635.6550785513032,-0.23815663246343224,0.11990062541224525,1.055609700712616,0.4595785182739763,0.31899959591547977,0.22142188581054403
2.741827827827828,636.3518142839665,-0.2379070478280618,0.1196073413129673,1.055700779157924,0.45943854768737175,0.31902995245331833,0.22153149985930995
2.74482982982983,637.0485500166297,-0.2376579738984088,0.11931511062400164,1.0557915717739577,0.45929888008085734,0.3190602137366942,0.22164090618244855
2.7478318318318316,637.7452857492929,-0.23740940914720315,0.11902392839394638,1.055882079741708,0.45915951449405934,0.31909038015908436,0.22175010534685619
2.7508338338338336,638.4420214819561,-0.23716135205308794,0.11873378970000713,1.055972304236146,0.4590204499705632,0.3191204521119615,0.22185909791747524
2.7538358358358357,639.1387572146194,-0.23691380110059201,0.11844468964780216,1.0560622464262603,0.4588816855578933,0.31915042998480536,0.2219678844573013
2.7568378378378378,639.8354929472827,-0.23666675478010196,0.11815662337116817,1.0561519074750927,0.4587432203074934,0.3191803141651151,0.22207646552739146
2.75983983983984,640.5322286799459,-0.23642021158783538,0.11786958603196813,1.0562412885397734,0.45860505327470696,0.3192101050384215,0.22218484168687158
2.762841841841842,641.2289644126091,-0.23617417002581326,0.11758357281990058,1.0563303907715567,0.4584671835187576,0.31923980298829807,0.22229301349294434
2.7658438438438435,641.9257001452723,-0.23592862860183325,0.11729857895231041,1.056419215315857,0.4583296101027298,0.3192694083963735,0.22240098150089657
2.7688458458458456,642.6224358779356,-0.23568358582944252,0.11701459967400098,1.0565077633122832,0.4581923320935497,0.31929892164234314,0.22250874626410716
2.7718478478478477,643.3191716105988,-0.23543904022791118,0.11673163025704772,1.0565960358946742,0.4580553485619655,0.3193283431039801,0.22261630833405432
2.7748498498498497,644.015907343262,-0.23519499032220537,0.11644966600061334,1.056684034191132,0.4579186585825289,0.3193576731571476,0.22272366826032353
2.777851851851852,644.7126430759254,-0.23495143464296125,0.11616870223076464,1.0567717593240582,0.45778226123357585,0.31938691217580967,0.2228308265906146
2.780853853853854,645.4093788085885,-0.2347083717264582,0.11588873430028994,1.0568592124101863,0.45764615559720767,0.31941606053204286,0.22293778387074947
2.783855855855856,646.1061145412518,-0.23446580011459306,0.11560975758851923,1.0569463945606163,0.4575103407592728,0.3194451185960476,0.22304454064467974
2.7868578578578576,646.8028502739149,-0.23422371835485362,0.11533176750114427,1.0570333068808486,0.45737481580934736,0.3194740867361589,0.22315109745449374
2.7898598598598596,647.4995860065782,-0.23398212500029314,0.11505475947004129,1.0571199504708166,0.45723957984071745,0.31950296531885825,0.2232574548404243
2.7928618618618617,648.1963217392414,-0.23374101860950436,0.11477872895309442,1.0572063264249207,0.45710463195036016,0.3195317547087839,0.2233636133408558
2.7958638638638638,648.8930574719046,-0.2335003977465938,0.11450367143402077,1.057292435832061,0.4569699712389257,0.3195604552687423,0.22346957349233187
2.798865865865866,649.589793204568,-0.23326026098115654,0.11422958242219645,1.05737827977567,0.4568355968107188,0.3195890673597189,0.22357533582956224
2.801867867867868,650.2865289372312,-0.23302060688825046,0.11395645745248452,1.057463859333744,0.45670150777368085,0.3196175913408887,0.22368090088543038
2.80486986986987,650.9832646698944,-0.23278143404837148,0.11368429208506399,1.057549175578878,0.45656770323937207,0.31964602756962734,0.22378626919100061
2.8078718718718716,651.6800004025575,-0.23254274104742773,0.11341308190525969,1.0576342295782952,0.45643418232295296,0.31967437640152174,0.22389144127552524
2.8108738738738737,652.3767361352209,-0.23230452647671573,0.11314282252337461,1.0577190223938804,0.45630094414316763,0.3197026381903804,0.2239964176664519
2.8138758758758757,653.0734718678841,-0.23206678893289437,0.11287350957452222,1.0578035550822105,0.456167987822325,0.31973081328824443,0.22410119888943061
2.816877877877878,653.7702076005473,-0.231829527017961,0.11260513871846094,1.0578878286945865,0.4560353124862819,0.3197589020453973,0.22420578546832087
2.81987987987988,654.4669433332106,-0.23159273933922653,0.11233770563942946,1.0579718442770651,0.45590291726442533,0.3197869048103759,0.2243101779251988
2.822881881881882,655.1636790658739,-0.23135642450929103,0.11207120604598377,1.058055602870489,0.45577080128965525,0.3198148219299806,0.22441437678036424
2.8258838838838836,655.860414798537,-0.23112058114601955,0.1118056356708349,1.058139105510518,0.4556389636983671,0.3198426537492853,0.22451838255234755
2.8288858858858856,656.5571505312003,-0.23088520787251784,0.11154099027068812,1.0582223532276593,0.45550740363043496,0.31987040061164795,0.22462219575791711
2.8318878878878877,657.2538862638635,-0.23065030331710829,0.11127726562608367,1.0583053470472983,0.455376120229194,0.31989806285872036,0.2247258169120857
2.8348898898898898,657.9506219965268,-0.23041586611330606,0.1110144575412382,1.0583880879897278,0.45524511264142387,0.3199256408304583,0.2248292465281178
2.837891891891892,658.64735772919,-0.23018189489979524,0.11075256184388788,1.0584705770701799,0.45511438001733173,0.31995313486513194,0.2249324851175365
2.840893893893894,659.3440934618533,-0.22994838832040507,0.11049157438513205,1.0585528152988533,0.4549839215105352,0.31998054529933473,0.22503553319013012
2.843895895895896,660.0408291945165,-0.22971534502408683,0.11023149103927936,1.058634803680944,0.45485373627804626,0.3200078724679943,0.22513839125395943
2.8468978978978976,660.7375649271797,-0.22948276366488998,0.10997230770369341,1.058716543216676,0.45472382348025425,0.3200351167043815,0.22524105981536427
2.8498998998998997,661.434300659843,-0.22925064290193878,0.1097140202986406,1.0587980349013277,0.4545941822809091,0.32006227834012063,0.2253435393789703
2.8529019019019017,662.1310363925062,-0.22901898139940963,0.10945662476713931,1.0588792797252626,0.4544648118471056,0.3200893577051986,0.22544583044769595
2.855903903903904,662.8277721251694,-0.2287877778265075,0.10920011707480932,1.0589602786739585,0.45433571134926637,0.32011635512797487,0.22554793352275887
2.858905905905906,663.5245078578328,-0.22855703085744336,0.10894449320972314,1.059041032728034,0.45420687996112635,0.32014327093519057,0.225649849103683
2.861907907907908,664.2212435904959,-0.22832673917141122,0.10868974918225853,1.059121542863279,0.45407831685971634,0.3201701054519786,0.22575157768830512
2.86490990990991,664.9179793231592,-0.22809690145256534,0.1084358810249511,1.059201810050682,0.4539500212253466,0.32019685900187217,0.22585311977278127
2.8679119119119116,665.6147150558223,-0.22786751638999786,0.10818288479234935,1.0592818352564572,0.45382199224159153,0.32022353190681474,0.22595447585159367
2.8709139139139137,666.3114507884857,-0.2276385826777162,0.10793075656087003,1.059361619442075,0.4536942290952735,0.3202501244871693,0.22605564641755732
2.8739159159159158,667.0081865211488,-0.22741009901462078,0.10767949242865472,1.0594411635642855,0.453566730976447,0.32027663706172665,0.22615663196182623
2.876917917917918,667.7049222538121,-0.22718206410448288,0.10742908851542773,1.0595204685751503,0.4534394970783834,0.32030306994771607,0.2262574329739005
2.87991991991992,668.4016579864754,-0.22695447665592242,0.1071795409623547,1.0595995354220666,0.4533125265975547,0.32032942346081295,0.2263580499416323
2.882921921921922,669.0983937191387,-0.22672733538238582,0.10693084593190239,1.0596783650477957,0.4531858187336186,0.3203556979151486,0.22645848335123275
2.8859239239239236,669.7951294518017,-0.2265006390021248,0.10668299960769986,1.0597569583904891,0.4530593726894029,0.320381893623319,0.22655873368727808
2.8889259259259257,670.491865184465,-0.2262743862381735,0.10643599819440022,1.0598353163837162,0.4529331876708899,0.32040801089639365,0.2266588014327164
2.8919279279279277,671.1886009171283,-0.22604857581832807,0.10618983791754366,1.0599134399564902,0.4528072628872018,0.3204340500439244,0.22675868706887373
2.89492992992993,671.8853366497916,-0.2258232064751243,0.10594451502342152,1.0599913300332946,0.452681597550585,0.32046001137395436,0.2268583910754607
2.897931931931932,672.5820723824547,-0.22559827694581627,0.10570002577894114,1.0600689875341083,0.452556190876395,0.3204858951930262,0.2269579139305787
2.900933933933934,673.2788081151181,-0.22537378597235577,0.10545636647149234,1.0601464133744338,0.45243104208308205,0.3205117018061917,0.22705725611072627
2.903935935935936,673.9755438477813,-0.22514973230136998,0.10521353340881398,1.0602236084653216,0.4523061503921754,0.32053743151701913,0.22715641809080545
2.9069379379379376,674.6722795804445,-0.22492611468414142,0.1049715229188622,1.0603005737133957,0.4521815150282693,0.32056308462760275,0.2272554003441279
2.9099399399399397,675.3690153131076,-0.2247029318765863,0.10473033134967952,1.0603773100208793,0.45205713521900764,0.320588661438571,0.22735420334242135
2.912941941941942,676.065751045771,-0.22448018263923405,0.10448995506926473,1.060453818285621,0.45193301019506965,0.3206141622490948,0.2274528275558356
2.915943943943944,676.7624867784342,-0.22425786573720632,0.10425039046544401,1.0605300994011184,0.45180913919015525,0.3206395873568959,0.22755127345294893
2.918945945945946,677.4592225110974,-0.22403597994019628,0.1040116339457426,1.0606061542565448,0.4516855214409704,0.32066493705825555,0.22764954150077413
2.921947947947948,678.1559582437607,-0.2238145240224486,0.10377368193725803,1.0606819837367722,0.4515621561872132,0.32069021164802236,0.22774763216476454
2.92494994994995,678.8526939764239,-0.22359349676273835,0.10353653088653363,1.0607575887223972,0.45143904267155877,0.3207154114196207,0.22784554590882042
2.9279519519519517,679.5494297090871,-0.2233728969443511,0.1033001772594337,1.0608329700897658,0.45131618013964603,0.320740536665059,0.22794328319529492
2.9309539539539538,680.2461654417502,-0.2231527233550625,0.10306461754101856,1.0609081287109965,0.45119356784006254,0.3207655876749375,0.22804084448500003
2.933955955955956,680.9429011744136,-0.22293297478711824,0.10282984823542185,1.0609830654540047,0.4510712050243309,0.32079056473845635,0.22813823023721266
2.936957957957958,681.6396369070768,-0.22271365003721408,0.10259586586572776,1.0610577811825277,0.450949090946895,0.32081546814342415,0.22823544090968093
2.93995995995996,682.3363726397401,-0.22249474790647578,0.10236266697384928,1.0611322767561475,0.4508272248651054,0.32084029817626497,0.22833247695862963
2.942961961961962,683.0331083724033,-0.2222762672004396,0.102130248120408,1.0612065530303156,0.45070560603920623,0.3208650551220271,0.22842933883876662
2.9459639639639636,683.7298441050665,-0.22205820672903226,0.1018986058846138,1.0612806108563753,0.4505842337323209,0.32088973926439046,0.22852602700328867
2.9489659659659657,684.4265798377297,-0.22184056530655158,0.10166773686414639,1.0613544510815853,0.45046310721043864,0.32091435088567427,0.22862254190388706
2.951967967967968,685.1233155703931,-0.22162334175164677,0.10143763767503713,1.0614280745491438,0.4503422257424008,0.32093889026684524,0.22871888399075402
2.95496996996997,685.8200513030562,-0.22140653488729922,0.10120830495155175,1.0615014820982114,0.45022158859988726,0.32096335768752465,0.22881505371258803
2.957971971971972,686.5167870357195,-0.22119014354080313,0.10097973534607434,1.0615746745639325,0.4501011950574032,0.3209877534259967,0.22891105151660007
2.960973973973974,687.2135227683827,-0.2209741665437464,0.10075192552899172,1.0616476527774605,0.4499810443922655,0.3210120777592155,0.22900687784851909
2.963975975975976,687.9102585010461,-0.22075860273199122,0.10052487218857886,1.0617204175659785,0.44986113588458926,0.3210363309628126,0.22910253315259804
2.9669779779779777,688.6069942337091,-0.22054345094565564,0.1002985720308853,1.0617929697527226,0.4497414688172752,0.3210605133111051,0.22919801787161959
2.9699799799799798,689.3037299663724,-0.22032871002909404,0.10007302177962206,1.061865310157004,0.4496220424759958,0.3210846250771025,0.22929333244690175
2.972981981981982,690.0004656990357,-0.2201143788308787,0.09984821817604944,1.0619374395942316,0.4495028561491823,0.3211086665325142,0.22938847731830359
2.975983983983984,690.697201431699,-0.21990045620378093,0.09962415797886623,1.0620093588759334,0.449383909128012,0.32113263794775687,0.22948345292423108
2.978985985985986,691.3939371643621,-0.21968694100475275,0.09940083796409882,1.0620810688097788,0.4492652007063954,0.321156539591962,0.22957825970164267
2.981987987987988,692.0906728970255,-0.2194738320949079,0.0991782549249916,1.0621525701996006,0.44914673018096263,0.3211803717329827,0.22967289808605473
2.98498998998999,692.7874086296887,-0.21926112833950367,0.09895640567189833,1.0622238638454162,0.44902849685105123,0.3212041346374012,0.22976736851154755
2.9879919919919917,693.4841443623519,-0.21904882860792296,0.09873528703217392,1.0622949505434485,0.4489105000186935,0.32122782857053594,0.22986167141077052
2.990993993993994,694.180880095015,-0.2188369317736551,0.0985148958500671,1.0623658310861488,0.4487927389886032,0.3212514537964486,0.22995580721494813
2.993995995995996,694.8776158276784,-0.21862543671427875,0.0982952289866142,1.0624365062622168,0.4486752130681637,0.3212750105779514,0.23004977635388496
2.996997997997998,695.5743515603416,-0.21841434231144313,0.09807628331953312,1.062506976856622,0.44855792156741486,0.3212984991766135,0.23014357925597173
3.0,696.2710872930049,-0.21820364745085027,0.09785805574311847,1.0625772436506247,0.4484408637990408,0.3213219198527688,0.23023721634819053
