case,phi,r,x,y
A,0.0,0.6909830056250527,0.6909830056250527,0.0
A,0.003143164235707647,0.6909840603863567,0.6909806471070763,0.002171872809883485
A,0.006286328471415294,0.6909872246791696,0.6909735715332465,0.004343744054460567
A,0.009429492707122941,0.6909924985301913,0.6909617788438585,0.006515612168261504
A,0.012572656942830588,0.690999881983923,0.6909452689394053,0.008687475585489872
A,0.015715821178538234,0.6910093751026667,0.6909240416805764,0.010859332739859215
A,0.018858985414245882,0.6910209779665243,0.690898096888257,0.013031182064429646
A,0.022002149649953527,0.6910346906733998,0.690867434343528,0.015203021991444483
A,0.025145313885661175,0.6910505133389981,0.6908320537876648,0.017374850952166773
A,0.028288478121368824,0.6910684460968267,0.6907919549221363,0.01954666737671586
A,0.03143164235707647,0.6910884890981948,0.6907471374086038,0.021718469693903827
A,0.03457480659278411,0.6911106425122152,0.6906976008689205,0.023890256331071984
A,0.037717970828491765,0.6911349065258042,0.6906433448851286,0.026062025713927184
A,0.04086113506419941,0.6911612813436823,0.6905843689994589,0.028233776266378154
A,0.044004299299907054,0.6911897671883753,0.6905206727143289,0.03040550641037177
A,0.047147463535614706,0.6912203643002149,0.6904522554923406,0.03257721456572918
A,0.05029062777132235,0.6912530729373395,0.6903791167562785,0.03474889914998189
A,0.053433792007029995,0.6912878933756954,0.6903012558891082,0.03692055857820776
A,0.05657695624273765,0.6913248259090379,0.6902186722339733,0.039092191262866935
A,0.05972012047844529,0.6913638708489318,0.6901313650941931,0.04126379561363758
A,0.06286328471415294,0.6914050285247533,0.6900393337332603,0.04343537003725158
A,0.06600644894986059,0.6914482992836907,0.6899425773748386,0.045606912937330185
A,0.06914961318556823,0.6914936834907457,0.6898410952027582,0.04777842271421929
A,0.07229277742127588,0.6915411815287354,0.6897348863610155,0.04994989776482498
A,0.07543594165698353,0.6915907937982928,0.6896239499537673,0.05212133648244853
A,0.07857910589269117,0.6916425207178686,0.689508285045329,0.054292737256621496
A,0.08172227012839882,0.691696362723733,0.6893878906601711,0.056464098472940705
A,0.08486543436410647,0.6917523202699772,0.6892627657829152,0.058635418512902895
A,0.08800859859981411,0.6918103938285146,0.6891329093583303,0.06080669575373929
A,0.09115176283552176,0.6918705838890832,0.6889983202913293,0.06297792856825017
A,0.09429492707122941,0.6919328909592466,0.6888589974469648,0.06514911532463889
A,0.09743809130693705,0.6919973155643968,0.6887149396504253,0.06732025438634617
A,0.1005812555426447,0.6920638582477553,0.6885661456870305,0.06949134411188382
A,0.10372441977835235,0.6921325195703752,0.688412614302227,0.07166238285466847
A,0.10686758401405999,0.6922033001111438,0.6882543442015845,0.07383336896285511
A,0.11001074824976764,0.6922762004667836,0.6880913340507899,0.07600430077917028
A,0.1131539124854753,0.6923512212518554,0.6879235824756439,0.07817517664074528
A,0.11629707672118293,0.6924283630987602,0.687751088062055,0.08034599487894883
A,0.11944024095689058,0.6925076266577411,0.687573849356035,0.08251675381921994
A,0.12258340519259824,0.6925890125968861,0.6873918648636943,0.08468745178090009
A,0.12572656942830587,0.69267252160213,0.6872051330512354,0.08685808707706548
A,0.12886973366401352,0.6927581543772574,0.6870136523449489,0.08902865801435905
A,0.13201289789972118,0.6928459116439043,0.6868174211312067,0.0911991628928219
A,0.13515606213542883,0.6929357941415615,0.6866164377564575,0.093369600005725
A,0.13829922637113645,0.6930278026275768,0.6864107005272208,0.09553996763940008
A,0.1414423906068441,0.6931219378771573,0.6862002077100798,0.09771026407307068
A,0.14458555484255176,0.6932182006833727,0.6859849575316775,0.09988048757868265
A,0.1477287190782594,0.6933165918571573,0.6857649481787087,0.10205063642073448
A,0.15087188331396706,0.6934171122273137,0.6855401777979154,0.10422070885610736
A,0.1540150475496747,0.693519762640515,0.6853106444960794,0.10639070313389498
A,0.15715821178538233,0.6936245439613071,0.6850763463400157,0.1085606174952327
A,0.16030137602109,0.6937314570721133,0.6848372813565672,0.11073045017312708
A,0.16344454025679764,0.6938405028732354,0.684593447532597,0.11290019939228425
A,0.1665877044925053,0.6939516822828583,0.6843448428149823,0.11506986336893874
A,0.16973086872821294,0.6940649962370515,0.6840914651106068,0.11723944031068134
A,0.1728740329639206,0.6941804456897738,0.6838333122863546,0.11940892841628714
A,0.17601719719962822,0.6942980316128752,0.6835703821691028,0.12157832587554297
A,0.17916036143533587,0.6944177549961007,0.6833026725457144,0.12374763086907443
A,0.18230352567104352,0.6945396168470933,0.6830301811630309,0.12591684156817268
A,0.18544668990675117,0.6946636181913975,0.6827529057278656,0.12808595613462098
A,0.18858985414245882,0.6947897600724622,0.6824708439069951,0.13025497272052047
A,0.19173301837816648,0.6949180435516445,0.6821839933271533,0.13242388946811617
A,0.1948761826138741,0.6950484697082129,0.6818923515750225,0.134592704509622
A,0.19801934684958175,0.6951810396393503,0.6815959161972265,0.13676141596704572
A,0.2011625110852894,0.6953157544601585,0.681294684700323,0.13893002195201357
A,0.20430567532099705,0.6954526153036603,0.6809886545507947,0.1410985205655942
A,0.2074488395567047,0.6955916233208045,0.6806778231750431,0.14326690989812246
A,0.21059200379241233,0.6957327796804679,0.680362187959379,0.14543518802902256
A,0.21373516802811998,0.6958760855694605,0.6800417462500157,0.14760335302663116
A,0.21687833226382763,0.6960215421925277,0.6797164953530601,0.1497714029480195
A,0.22002149649953529,0.6961691507723546,0.6793864325345047,0.15193933583881553
A,0.22316466073524294,0.69631891254957,0.6790515550202199,0.15410714973302544
A,0.2263078249709506,0.6964708287827495,0.6787118599959451,0.15627484265285488
A,0.2294509892066582,0.6966249007484191,0.6783673446072808,0.1584424126085293
A,0.23259415344236586,0.6967811297410597,0.6780180059596801,0.16060985759811447
A,0.23573731767807352,0.6969395170731102,0.6776638411184401,0.16277717560733593
A,0.23888048191378117,0.6971000640749716,0.677304847108694,0.16494436460939835
A,0.24202364614948882,0.6972627720950109,0.6769410209154019,0.1671114225648043
A,0.24516681038519647,0.6974276424995645,0.6765723594833424,0.16927834742117243
A,0.2483099746209041,0.6975946766729421,0.6761988597171045,0.17144513711305515
A,0.25145313885661175,0.6977638760174313,0.6758205184810784,0.1736117895617563
A,0.2545963030923194,0.6979352419533004,0.6754373325994472,0.1757783026751473
A,0.25773946732802705,0.698108775918803,0.675049298856178,0.17794467434748387
A,0.2608826315637347,0.698284479370182,0.6746564139950134,0.18011090245922162
A,0.26402579579944235,0.6984623537816725,0.6742586747194624,0.182276984876831
A,0.26716896003515,0.6986424006455073,0.6738560776927924,0.1844429194526123
A,0.27031212427085766,0.6988246214719191,0.6734486195380195,0.1866087040245095
A,0.2734552885065653,0.6990090177891458,0.6730362968379001,0.1887743364159238
A,0.2765984527422729,0.6991955911434335,0.6726191061349225,0.19093981443552688
A,0.27974161697798056,0.6993843430990413,0.6721970439312975,0.19310513587707312
A,0.2828847812136882,0.6995752752382444,0.6717701066889501,0.1952702985192114
A,0.28602794544939586,0.6997683891613383,0.6713382908295105,0.19743530012529645
A,0.2891711096851035,0.6999636864866431,0.6709015927343049,0.19960013844319957
A,0.29231427392081116,0.7001611688505069,0.6704600087443477,0.2017648112051188
A,0.2954574381565188,0.7003608379073104,0.6700135351603321,0.20392931612738824
A,0.29860060239222647,0.7005626953294696,0.669562168242621,0.20609365091028697
A,0.3017437666279341,0.7007667428074412,0.6691059042112394,0.2082578132378475
A,0.30488693086364177,0.7009729820497252,0.6686447392458643,0.21042180077766315
A,0.3080300950993494,0.7011814147828697,0.6681786694858172,0.21258561118069538
A,0.311173259335057,0.7013920427514742,0.667707691030055,0.21474924208107987
A,0.31431642357076467,0.7016048677181934,0.6672317999371614,0.2169126910959326
A,0.3174595878064723,0.7018198914637419,0.6667509922253384,0.21907595582515474
A,0.32060275204218,0.7020371157868968,0.6662652638723978,0.22123903385123705
A,0.3237459162778876,0.7022565425045022,0.6657746108157527,0.2234019227390639
A,0.3268890805135953,0.7024781734514727,0.6652790289524091,0.22556462003571606
A,0.3300322447493029,0.7027020104807973,0.6647785141389576,0.22772712327027342
A,0.3331754089850106,0.702928055463543,0.6642730621915651,0.22988942995361658
A,0.33631857322071823,0.7031563102888587,0.663762668885967,0.23205153757822813
A,0.3394617374564259,0.7033867768639782,0.663247329957458,0.23421344361799262
A,0.34260490169213353,0.7036194571142247,0.6627270411008854,0.23637514552799663
A,0.3457480659278412,0.7038543529830134,0.6622017979706398,0.23853664074432726
A,0.3488912301635488,0.7040914664318559,0.6616715961806485,0.24069792668387094
A,0.35203439439925643,0.7043307994403633,0.6611364313043665,0.2428590007441104
A,0.3551775586349641,0.7045723540062494,0.6605962988747699,0.24501986030292175
A,0.35832072287067174,0.7048161321453345,0.6600511943843472,0.2471805027183701
A,0.3614638871063794,0.7050621358915485,0.659501113285093,0.24934092532850546
A,0.36460705134208704,0.7053103672969345,0.6589460509884996,0.2515011254511567
A,0.3677502155777947,0.7055608284316517,0.6583860028655502,0.25366110038372547
A,0.37089337981350234,0.7058135213839788,0.6578209642467119,0.2558208474029794
A,0.37403654404921,0.7060684482603168,0.6572509304219283,0.2579803637648438
A,0.37717970828491765,0.7063256111851927,0.6566758966406132,0.2601396467041937
A,0.3803228725206253,0.7065850123012619,0.656095858111643,0.26229869343464385
A,0.38346603675633295,0.7068466537693117,0.6555108100033511,0.26445750114833905
A,0.38660920099204055,0.7071105377682634,0.6549207474435205,0.2666160670157429
A,0.3897523652277482,0.707376666495176,0.6543256655193784,0.268774388185426
A,0.39289552946345585,0.7076450421652484,0.6537255592775894,0.2709324617838534
A,0.3960386936991635,0.7079156670118222,0.6531204237242499,0.2730902849151712
A,0.39918185793487115,0.7081885432863841,0.6525102538248821,0.27524785466099194
A,0.4023250221705788,0.7084636732585692,0.6518950445044291,0.2774051680801801
A,0.40546818640628646,0.7087410592161619,0.651274790647248,0.27956222220863536
A,0.4086113506419941,0.7090207034650998,0.6506494870971059,0.2817190140590763
A,0.41175451487770176,0.7093026083294752,0.6500191286571748,0.28387554062082243
A,0.4148976791134094,0.7095867761515371,0.6493837100900259,0.28603179885957564
A,0.41804084334911706,0.709873209291694,0.6487432261176265,0.28818778571720083
A,0.42118400758482466,0.710161910128515,0.6480976714213339,0.2903434981115056
A,0.4243271718205323,0.7104528810587323,0.647447040641892,0.2924989329360187
A,0.42747033605623996,0.7107461244972424,0.6467913283794274,0.294654087059768
A,0.4306135002919476,0.7110416428771086,0.6461305291934459,0.2968089573270576
A,0.43375666452765527,0.7113394386495617,0.6454646376028287,0.2989635405572437
A,0.4368998287633629,0.7116395142840021,0.6447936480858286,0.3011178335445097
A,0.44004299299907057,0.7119418722680005,0.6441175550800683,0.3032718330576402
A,0.4431861572347782,0.7122465151072999,0.6434363529825365,0.30542553583979465
A,0.4463293214704859,0.7125534453258155,0.6427500361495864,0.30757893860827884
A,0.4494724857061935,0.7128626654656374,0.6420585988969327,0.309732038054317
A,0.4526156499419012,0.7131741780870297,0.6413620354996503,0.31188483084282176
A,0.45575881417760883,0.7134879857684323,0.6406603401921727,0.31403731361216347
A,0.4589019784133164,0.713804091106461,0.6399535071682898,0.31618948297393856
A,0.4620451426490241,0.7141224967159083,0.6392415305811485,0.31834133551273724
A,0.46518830688473173,0.7144432052297434,0.6385244045432505,0.32049286778590963
A,0.4683314711204394,0.7147662192991122,0.637802123126453,0.32264407632333103
A,0.47147463535614703,0.715091541593338,0.6370746803619679,0.3247949576271667
A,0.4746177995918547,0.7154191747999206,0.6363420702403627,0.32694550817163476
A,0.47776096382756233,0.7157491216245366,0.6356042867115611,0.3290957244027692
A,0.48090412806327,0.7160813847910387,0.6348613236848432,0.3312456027381802
A,0.48404729229897764,0.7164159670414548,0.634113175028848,0.33339513956681555
A,0.4871904565346853,0.7167528711359877,0.6333598345715743,0.3355443312487187
A,0.49033362077039294,0.7170920998530141,0.6326012961003833,0.3376931741147879
A,0.4934767850061006,0.7174336559890833,0.6318375533620005,0.3398416644665327
A,0.4966199492418082,0.7177775423589157,0.6310686000625195,0.34198979857583
A,0.49976311347751584,0.718123761795402,0.6302944298674044,0.34413757268467954
A,0.5029062777132235,0.7184723171496012,0.6295150364014936,0.34628498300495697
A,0.5060494419489312,0.7188232112907383,0.6287304132490046,0.34843202571816706
A,0.5091926061846388,0.7191764471062032,0.6279405539535377,0.35057869697519534
A,0.5123357704203464,0.7195320275015475,0.6271454520180811,0.35272499289605846
A,0.5154789346560541,0.7198899554004833,0.6263451009050174,0.35487090956965384
A,0.5186220988917617,0.720250233744879,0.6255394940361275,0.35701644305350755
A,0.5217652631274694,0.7206128654947579,0.6247286247925986,0.3591615893735221
A,0.524908427363177,0.7209778536282943,0.6239124865150303,0.3613063445237217
A,0.5280515915988847,0.7213452011418109,0.6230910725034419,0.36345070446599786
A,0.5311947558345923,0.7217149110497745,0.62226437601728,0.36559466512985245
A,0.5343379200703,0.7220869863847931,0.6214323902754275,0.3677382224121408
A,0.5374810843060076,0.7224614301976114,0.6205951084562112,0.3698813721768124
A,0.5406242485417153,0.7228382455571074,0.6197525236974125,0.37202411025465176
A,0.5437674127774229,0.7232174355502867,0.6189046290962755,0.3741664324430169
A,0.5469105770131306,0.7235990032822796,0.6180514177095193,0.3763083345055775
A,0.5500537412488382,0.7239829518763343,0.6171928825533473,0.3784498121720511
A,0.5531969054845458,0.7243692844738138,0.6163290166034593,0.38059086113793866
A,0.5563400697202535,0.7247580042341886,0.6154598127950636,0.3827314770642589
A,0.5594832339559611,0.7251491143350326,0.6145852640228897,0.3848716555772809
A,0.5626263981916688,0.7255426179720162,0.6137053631412009,0.38701139226825587
A,0.5657695624273764,0.7259385183589007,0.6128201029638088,0.38915068269314734
A,0.5689127266630841,0.7263368187275314,0.6119294762640874,0.39128952237236114
A,0.5720558908987917,0.7267375223278313,0.6110334757749879,0.3934279067904721
A,0.5751990551344994,0.7271406324277939,0.6101320941890547,0.39556583139595186
A,0.578342219370207,0.727546152313476,0.6092253241584417,0.39770329160089335
A,0.5814853836059147,0.7279540852889899,0.608313158294929,0.3998402827807356
A,0.5846285478416223,0.7283644346764955,0.6073955891699406,0.40197680027398536
A,0.5877717120773299,0.728777203816193,0.6064726093145633,0.4041128393819405
A,0.5909148763130376,0.7291923960663128,0.6055442112195641,0.40624839536840784
A,0.5940580405487452,0.7296100148031082,0.6046103873354121,0.40838346345942395
A,0.5972012047844529,0.7300300634208454,0.6036711300722968,0.4105180388429718
A,0.6003443690201605,0.7304525453317945,0.6027264318001506,0.4126521166686966
A,0.6034875332558682,0.7308774639662193,0.6017762848486702,0.41478569204762167
A,0.6066306974915758,0.731304822772368,0.6008206815073391,0.41691876005186085
A,0.6097738617272835,0.7317346252164613,0.5998596140254507,0.41905131571433146
A,0.6129170259629911,0.7321668747826833,0.5988930746121335,0.4211833540284646
A,0.6160601901986988,0.7326015749731692,0.5979210554363747,0.4233148699479147
A,0.6192033544344064,0.7330387293079944,0.5969435486270467,0.4254458583862673
A,0.622346518670114,0.7334783413251623,0.5959605462729336,0.4275763142167464
A,0.6254896829058217,0.7339204145805921,0.594972040422758,0.4297062322719187
A,0.6286328471415293,0.7343649526481063,0.5939780230852097,0.431835607343398
A,0.631776011377237,0.7348119591194179,0.5929784862289748,0.43396443418154745
A,0.6349191756129446,0.7352614376041167,0.5919734217827649,0.43609270749518053
A,0.6380623398486523,0.7357133917296556,0.5909628216353483,0.4382204219512608
A,0.64120550408436,0.7361678251413367,0.5899466776355823,0.4403475721745994
A,0.6443486683200677,0.7366247415022965,0.5889249815924442,0.4424741527475525
A,0.6474918325557752,0.7370841444934911,0.5878977252750662,0.4446001582097159
A,0.650634996791483,0.7375460378136808,0.5868649004127693,0.4467255830576192
A,0.6537781610271906,0.7380104251794138,0.585826498695098,0.4488504217444176
A,0.6569213252628983,0.7384773103250111,0.5847825117718577,0.45097466867958313
A,0.6600644894986059,0.7389466970025484,0.5837329312531512,0.4530983182285937
A,0.6632076537343135,0.7394185889818405,0.5826777487094172,0.4552213647126212
A,0.6663508179700212,0.7398929900504225,0.5816169556714695,0.45734380240821726
A,0.6694939822057288,0.7403699040135322,0.5805505436305373,0.4594656255469984
A,0.6726371464414365,0.7408493346940922,0.5794785040383064,0.4615868283153297
A,0.6757803106771441,0.7413312859326899,0.5784008283069614,0.46370740485400563
A,0.6789234749128518,0.7418157615875594,0.5773175078092297,0.4658273492579312
A,0.6820666391485594,0.74230276553456,0.5762285338784255,0.46794665557579973
A,0.6852098033842671,0.7427923016671575,0.5751338978084951,0.47006531780977096
A,0.6883529676199747,0.7432843738964022,0.5740335908540642,0.4721833299151458
A,0.6914961318556824,0.7437789861509079,0.5729276042304852,0.47430068580004064
A,0.69463929609139,0.7442761423768298,0.5718159291138863,0.4764173793250598
A,0.6977824603270976,0.7447758465378428,0.5706985566412219,0.47853340430296637
A,0.7009256245628053,0.7452781026151175,0.569575477910323,0.4806487544983516
A,0.7040687887985129,0.7457829146072978,0.5684466839799509,0.482763423627302
A,0.7072119530342206,0.7462902865304762,0.5673121658698494,0.48487740535706625
A,0.7103551172699282,0.7468002224181693,0.5661719145608008,0.4869906933057186
A,0.7134982815056359,0.7473127263212933,0.5650259209946815,0.48910328104182277
A,0.7166414457413435,0.7478278023081378,0.5638741760745195,0.4912151620840923
A,0.7197846099770512,0.7483454544643398,0.5627166706645528,0.49332632990105085
A,0.7229277742127588,0.7488656868928564,0.5615533955902895,0.495436777910689
A,0.7260709384484665,0.7493885037139386,0.5603843416385694,0.4975464994801218
A,0.7292141026841741,0.7499139090651021,0.5592094995576256,0.49965548792524256
A,0.7323572669198817,0.7504419071010995,0.5580288600571491,0.5017637365103759
A,0.7355004311555894,0.7509725019938907,0.5568424138083539,0.5038712384479294
A,0.738643595391297,0.7515056979326131,0.5556501514440437,0.5059779868980421
A,0.7417867596270047,0.7520414991235518,0.5544520635586795,0.5080839749682341
A,0.7449299238627123,0.7525799097901076,0.5532481407084496,0.5101891957130511
A,0.74807308809842,0.7531209341727663,0.5520383734113401,0.5122936421337102
A,0.7512162523341276,0.7536645765290652,0.5508227521472072,0.5143973071777412
A,0.7543594165698353,0.7542108411335616,0.5496012673578514,0.5165001837386295
A,0.7575025808055429,0.7547597322777976,0.5483739094470921,0.5186022646554536
A,0.7606457450412506,0.7553112542702668,0.5471406687808451,0.5207035427125238
A,0.7637889092769582,0.7558654114363786,0.5459015356872002,0.5228040106390179
A,0.7669320735126659,0.7564222081184234,0.5446565004565019,0.5249036611086153
A,0.7700752377483735,0.7569816486755349,0.54340555334143,0.5270024867391283
A,0.7732184019840811,0.7575437374836542,0.5421486845570834,0.5291004800921348
A,0.7763615662197888,0.7581084789354913,0.5408858842810641,0.5311976336726055
A,0.7795047304554964,0.758675877440486,0.5396171426535634,0.5332939399285305
A,0.7826478946912041,0.7592459374247705,0.5383424497774512,0.5353893912505469
A,0.7857910589269117,0.7598186633311269,0.5370617957183632,0.5374839799715593
A,0.7889342231626194,0.7603940596189479,0.5357751705047944,0.5395776983663637
A,0.792077387398327,0.7609721307641949,0.5344825641281911,0.5416705386512664
A,0.7952205516340347,0.7615528812593555,0.5331839665430455,0.5437624929837022
A,0.7983637158697423,0.7621363156134003,0.5318793676669924,0.54585355346185
A,0.80150688010545,0.7627224383517394,0.530568757380908,0.5479437121242491
A,0.8046500443411576,0.7633112540161767,0.5292521255290092,0.550032960949409
A,0.8077932085768652,0.7639027671648657,0.5279294619189558,0.5521212918554227
A,0.8109363728125729,0.7644969823722616,0.5266007563219541,0.5542086966995736
A,0.8140795370482805,0.7650939042290755,0.5252659984728631,0.5562951672779441
A,0.8172227012839882,0.7656935373422248,0.5239251780703011,0.5583806953250195
A,0.8203658655196958,0.766295886334786,0.5225782847767562,0.560465272513292
A,0.8235090297554035,0.766900955845943,0.5212253082186964,0.5625488904528618
A,0.8266521939911111,0.7675087505309383,0.5198662379866841,0.5646315406910372
A,0.8297953582268188,0.7681192750610197,0.5185010636354908,0.5667132147119311
A,0.8329385224625264,0.7687325341233894,0.5171297746842144,0.5687939039360581
A,0.8360816866982341,0.7693485324211494,0.5157523606163991,0.5708735997199278
A,0.8392248509339417,0.7699672746732475,0.5143688108801558,0.5729522933556359
A,0.8423680151696493,0.7705887656144231,0.5129791148882875,0.5750299760704564
A,0.845511179405357,0.771213009995149,0.511583262018412,0.5771066390264269
A,0.8486543436410646,0.7718400125815761,0.5101812416130925,0.5791822733199375
A,0.8517975078767723,0.7724697781554748,0.5087730429799663,0.5812568699813138
A,0.8549406721124799,0.773102311514175,0.5073586553918762,0.5833304199743983
A,0.8580838363481876,0.7737376174705074,0.5059380680870064,0.585402914196133
A,0.8612270005838952,0.7743757008527417,0.5045112702690174,0.5874743434761363
A,0.8643701648196029,0.7750165665045246,0.5030782511071864,0.5895446985762799
A,0.8675133290553105,0.7756602192848164,0.5016389997365471,0.5916139701902635
A,0.8706564932910182,0.7763066640678278,0.5001935052580334,0.5936821489431873
A,0.8737996575267258,0.7769559057429536,0.49874175673862614,0.5957492253911225
A,0.8769428217624335,0.7776079492147074,0.49728374321149976,0.5978151900206804
A,0.8800859859981411,0.7782627994026535,0.49581945367617386,0.5998800332485782
A,0.8832291502338487,0.778920461241339,0.4943488770986658,0.601943745421205
A,0.8863723144695564,0.7795809396802239,0.49287200241164597,0.604006316814183
A,0.889515478705264,0.7802442396836112,0.4913888185145963,0.6060677376319298
A,0.8926586429409717,0.7809103662305743,0.48989931427396954,0.6081279980072157
A,0.8958018071766793,0.7815793243148847,0.48840347852335353,0.6101870880007212
A,0.898944971412387,0.7822511189449376,0.48690130006363547,0.6122449976005917
A,0.9020881356480946,0.7829257551436775,0.48539276766317135,0.6143017167219901
A,0.9052312998838024,0.7836032379485205,0.4838778700579553,0.6163572352066471
A,0.90837446411951,0.784283572411278,0.48235659595179387,0.6184115428224106
A,0.9115176283552177,0.7849667635980772,0.4808289340164816,0.6204646292627918
A,0.9146607925909253,0.785652816589282,0.47929487289198075,0.6225164841465098
A,0.9178039568266328,0.7863417364794104,0.4777544011866016,0.624567097017035
A,0.9209471210623406,0.787033528377054,0.4762075074771876,0.6266164573421285
A,0.9240902852980482,0.7877281974047918,0.47465418030930184,0.6286645545133808
A,0.9272334495337559,0.788425748699108,0.473094408197418,0.6307113778457495
A,0.9303766137694635,0.7891261874103036,0.4715281796251123,0.6327569165770923
A,0.9335197780051712,0.7898295187024101,0.4699554830452595,0.6348011598677004
A,0.9366629422408788,0.7905357477530999,0.46837630688023174,0.6368440967998272
A,0.9398061064765865,0.7912448797535969,0.46679063952210015,0.6388857163772194
A,0.9429492707122941,0.7919569199085841,0.46519846933283926,0.64092600752464
A,0.9460924349480018,0.7926718734361115,0.4635997846445347,0.6429649590873951
A,0.9492355991837094,0.7933897455675012,0.4619945737595948,0.6450025598308542
A,0.952378763419417,0.7941105415472524,0.46038282495096267,0.6470387984399711
A,0.9555219276551247,0.7948342666329437,0.45876452646233506,0.6490736635188019
A,0.9586650918908323,0.7955609260951351,0.4571396665083812,0.65110714359002
A,0.96180825612654,0.7962905252172685,0.455508233274967,0.6531392270944316
A,0.9649514203622476,0.797023069295565,0.4538702149193809,0.6551699023904852
A,0.9680945845979553,0.7977585636389237,0.45222559957056424,0.6571991577537835
A,0.9712377488336629,0.7984970135688164,0.45057437532934436,0.6592269813765891
A,0.9743809130693706,0.799238424419182,0.4489165302686706,0.6612533613673311
A,0.9775240773050782,0.79998280153632,0.4472520524338552,0.6632782857501089
A,0.9806672415407859,0.8007301502787801,0.4455809298428151,0.665301742464192
A,0.9838104057764935,0.8014804760172538,0.4439031504863205,0.6673237193635206
A,0.9869535700122012,0.8022337841344608,0.4422187023282433,0.6693442042162023
A,0.9900967342479088,0.8029900800250365,0.44052757330581205,0.6713631847040072
A,0.9932398984836164,0.8037493690954168,0.4388297513298689,0.6733806484218611
A,0.9963830627193241,0.8045116567637213,0.43712522428513034,0.6753965828773361
A,0.9995262269550317,0.8052769484596347,0.4354139800304519,0.6774109754901395
A,1.0026693911907394,0.8060452496242875,0.4336960063990963,0.6794238135916012
A,1.005812555426447,0.8068165657101335,0.43197129119900535,0.6814350844241572
A,1.0089557196621546,0.8075909021808277,0.43023982221307583,0.6834447751408332
A,1.0120988838978624,0.8083682645111003,0.4285015871994384,0.6854528728047248
A,1.01524204813357,0.8091486581866306,0.42675657389174204,0.6874593643884757
A,1.0183852123692776,0.809932088703918,0.42500476999943937,0.6894642367737539
A,1.0215283766049852,0.8107185615701527,0.4232461632080797,0.691467476750727
A,1.0246715408406928,0.8115080823030829,0.42148074117960227,0.6934690710175331
A,1.0278147050764006,0.8123006564308817,0.4197084915526366,0.6954690061797518
A,1.0309578693121082,0.8130962894920111,0.41792940194280503,0.6974672687498716
A,1.0341010335478158,0.8138949870350851,0.4161434599430293,0.6994638451467564
A,1.0372441977835234,0.8146967546187304,0.4143506531238427,0.7014587216951093
A,1.0403873620192312,0.8155015978114453,0.41255096903370453,0.7034518846249341
A,1.0435305262549388,0.8163095221914564,0.41074439519932016,0.7054433200709952
A,1.0466736904906464,0.8171205333465748,0.40893091912596496,0.7074330140722754
A,1.049816854726354,0.8179346368740483,0.4071105282978116,0.7094209525714321
A,1.0529600189620618,0.8187518383804138,0.4052832101782632,0.7114071214142497
A,1.0561031831977694,0.8195721434813455,0.40344895221029003,0.7133915063490919
A,1.059246347433477,0.8203955578015034,0.4016077418167701,0.7153740930263511
A,1.0623895116691846,0.8212220869743783,0.39975956640083526,0.7173548669978963
A,1.0655326759048922,0.8220517366421349,0.39790441334622123,0.7193338137165175
A,1.0686758401406,0.8228845124554541,0.396042270017622,0.7213109185353702
A,1.0718190043763076,0.8237204200733711,0.39417312376104946,0.7232861667074155
A,1.0749621686120152,0.824559465163114,0.3922969619041971,0.7252595433848612
A,1.0781053328477228,0.8254016533999378,0.3904137717568084,0.7272310336185974
A,1.0812484970834306,0.8262469904669584,0.3885235406110502,0.7292006223576332
A,1.0843916613191382,0.8270954820549827,0.38662625574189113,0.7311682944485285
A,1.0875348255548458,0.8279471338623381,0.38472190440748366,0.7331340346348267
A,1.0906779897905534,0.8288019515946989,0.3828104738495526,0.7350978275564842
A,1.0938211540262612,0.8296599409649106,0.38089195129378717,0.7370596577492966
A,1.0969643182619688,0.8305211076928117,0.37896632395023927,0.7390195096443241
A,1.1001074824976764,0.8313854575050544,0.37703357901372525,0.7409773675673162
A,1.103250646733384,0.8322529961349222,0.37509370366423406,0.7429332157381325
A,1.1063938109690916,0.8331237293221445,0.3731466850673401,0.7448870382701616
A,1.1095369752047994,0.8339976628127106,0.3711925103746205,0.7468388191697396
A,1.112680139440507,0.8348748023586801,0.3692311667240793,0.748788542335565
A,1.1158233036762146,0.8357551537179914,0.3672626412405748,0.7507361915581133
A,1.1189664679119222,0.8366387226542679,0.36528692103625365,0.7526817505190482
A,1.12210963214763,0.837525514936621,0.36330399321098955,0.7546252027906313
A,1.1252527963833376,0.8384155363394524,0.36131384485282875,0.7565665318351307
A,1.1283959606190452,0.8393087926422522,0.35931646303843834,0.7585057210042266
A,1.1315391248547528,0.8402052896293954,0.35731183483356266,0.7604427535384166
A,1.1346822890904604,0.8411050330899356,0.35529994729348385,0.7623776125664166
A,1.1378254533261682,0.8420080288173968,0.35328078746348845,0.7643102811045627
A,1.1409686175618758,0.8429142826095621,0.3512543423793402,0.7662407420562092
A,1.1441117817975834,0.8438238002682594,0.3492205990677567,0.7681689782111254
A,1.147254946033291,0.8447365875991457,0.34717954454689404,0.7700949722448917
A,1.1503981102689989,0.8456526504114885,0.34513116582683595,0.7720187067182921
A,1.1535412745047064,0.8465719945179431,0.34307544991008954,0.7739401640767055
A,1.156684438740414,0.8474946257343295,0.3410123837920861,0.7758593266494966
A,1.1598276029761216,0.8484205498794052,0.3389419544616886,0.7777761766494027
A,1.1629707672118295,0.8493497727746354,0.33686414890170485,0.779690696171921
A,1.166113931447537,0.8502823002439609,0.33477895408940744,0.7816028671946922
A,1.1692570956832447,0.851218138113563,0.33268635699705856,0.7835126715768842
A,1.1724002599189522,0.852157292211626,0.3305863445924422,0.7854200910585732
A,1.1755434241546598,0.853099768368096,0.3284789038394021,0.7873251072601228
A,1.1786865883903677,0.8540455724144386,0.32636402169838596,0.7892277016815626
A,1.1818297526260753,0.8549947101833907,0.3242416851269966,0.7911278557019629
A,1.1849729168617829,0.8559471875087132,0.3221118810805483,0.7930255505788114
A,1.1881160810974905,0.856903010224938,0.31997459651263094,0.7949207674473848
A,1.1912592453331983,0.8578621841671135,0.3178298183756802,0.796813487320121
A,1.1944024095689059,0.8588247151705458,0.3156775336215544,0.7987036910859882
A,1.1975455738046135,0.8597906090705391,0.31351772920211735,0.800591359509854
A,1.200688738040321,0.8607598717021302,0.311350392069829,0.8024764732318521
A,1.2038319022760289,0.8617325088998232,0.30917550917834247,0.8043590127667475
A,1.2069750665117365,0.8627085264973182,0.3069930674831077,0.8062389585033001
A,1.210118230747444,0.8636879303272387,0.3048030539419817,0.808116290703628
A,1.2132613949831517,0.8646707262208555,0.30260545551584683,0.8099909895025675
A,1.2164045592188593,0.8656569200078071,0.30040025916923513,0.8118630349070337
A,1.219547723454567,0.8666465175158173,0.2981874518709598,0.8137324067953776
A,1.2226908876902747,0.8676395245704095,0.29596702059475505,0.8155990849167439
A,1.2258340519259823,0.8686359469946174,0.2937389523199209,0.817463048890426
A,1.2289772161616899,0.8696357906086938,0.29150323403197753,0.8193242782052208
A,1.2321203803973977,0.8706390612298135,0.28925985272332505,0.8211827522187807
A,1.2352635446331053,0.8716457646717765,0.287008795393913,0.8230384501569662
A,1.2384067088688129,0.872655906744704,0.2847500490519142,0.8248913511131959
A,1.2415498731045205,0.8736694932547348,0.2824836007144091,0.8267414340477967
A,1.244693037340228,0.8746865300037142,0.2802094374080754,0.8285886777873496
A,1.2478362015759359,0.8757070227888841,0.2779275461698872,0.8304330610240397
A,1.2509793658116435,0.8767309774025658,0.2756379140478208,0.8322745623149997
A,1.254122530047351,0.8777583996318407,0.27334052810156767,0.8341131600816559
A,1.2572656942830587,0.8787892952582285,0.2710353754032572,0.8359488326090714
A,1.2604088585187665,0.8798236700573605,0.2687224430381851,0.8377815580452894
A,1.263552022754474,0.8808615297986497,0.2664017181055523,0.8396113144006739
A,1.2666951869901817,0.8819028802449573,0.2640731877192087,0.8414380795472518
A,1.2698383512258893,0.8829477271522561,0.26173683900840816,0.8432618312180515
A,1.272981515461597,0.8839960762692896,0.2593926591185695,0.8450825470064431
A,1.2761246796973047,0.8850479333372273,0.25704063521204745,0.8469002043654755
A,1.2792678439330123,0.886103304089317,0.2546807544689096,0.8487147806072142
A,1.28241100816872,0.8871621942505333,0.25231300408772417,0.8505262529020777
A,1.2855541724044275,0.8882246095372214,0.24993737128635485,0.8523345982781739
A,1.2886973366401353,0.8892905556567376,0.24755384330276414,0.8541397936206343
A,1.291840500875843,0.890360038307087,0.2451624073958264,0.8559418156709486
A,1.2949836651115505,0.8914330631765554,0.2427630508461476,0.8577406410262995
A,1.298126829347258,0.8925096359433384,0.24035576095689545,0.8595362461388946
A,1.301269993582966,0.8935897622751676,0.23794052505463764,0.8613286073152998
A,1.3044131578186735,0.8946734478289304,0.2355173304901898,0.8631177007157719
A,1.307556322054381,0.8957606982502875,0.23308616463947007,0.8649035023535888
A,1.3106994862900887,0.8968515191732863,0.23064701490436545,0.866685988094383
A,1.3138426505257965,0.8979459162199702,0.22819986871360542,0.868465133655471
A,1.3169858147615041,0.8990438949999823,0.22574471352364586,0.8702409146051835
A,1.3201289789972117,0.9001454611101681,0.2232815368195606,0.8720133063621979
A,1.3232721432329193,0.9012506201341705,0.22081032611594378,0.8737822841948659
A,1.326415307468627,0.9023593776420237,0.21833106895782117,0.8755478232205454
A,1.3295584717043347,0.9034717391897402,0.2158437529215698,0.8773098984049287
A,1.3327016359400423,0.9045877103188963,0.21334836561584952,0.8790684845613732
A,1.33584480017575,0.905707296556211,0.21084489468254103,0.8808235563502309
A,1.3389879644114575,0.9068305034131211,0.2083333277976957,0.8825750882781773
A,1.3421311286471653,0.9079573363853541,0.20581365267249468,0.8843230546975426
A,1.345274292882873,0.9090878009524928,0.2032858570542177,0.8860674298056391
A,1.3484174571185805,0.9102219025775393,0.20074992872722094,0.8878081876440942
A,1.3515606213542881,0.9113596467064721,0.19820585551392597,0.8895453020981777
A,1.3547037855899957,0.9125010387677999,0.19565362527581825,0.8912787468961344
A,1.3578469498257035,0.9136460841721108,0.19309322591445535,0.8930084956085138
A,1.3609901140614111,0.9147947883116159,0.19052464537248637,0.894734521647501
A,1.3641332782971187,0.9159471565596904,0.18794787163467977,0.8964567982662499
A,1.3672764425328263,0.9171031942704073,0.18536289272896317,0.8981752985582131
A,1.3704196067685341,0.9182629067780699,0.18276969672747276,0.8998899954564767
A,1.3735627710042417,0.919426299396736,0.18016827174761388,0.9016008617330922
A,1.3767059352399493,0.9205933774197403,0.17755860595313033,0.9033078699984106
A,1.379849099475657,0.9217641461192104,0.17494068755518638,0.9050109927004178
A,1.3829922637113647,0.9229386107455786,0.17231450481345806,0.9067102021240697
A,1.3861354279470723,0.9241167765270891,0.16968004603723646,0.9084054703906287
A,1.38927859218278,0.9252986486692999,0.16703729958653982,0.9100967694570006
A,1.3924217564184875,0.9264842323545802,0.16438625387323863,0.9117840711150743
A,1.3955649206541951,0.9276735327416021,0.16172689736219037,0.9134673469910591
A,1.398708084889903,0.9288665549648296,0.1590592185723859,0.9151465685448276
A,1.4018512491256105,0.930063304133999,0.15638320607810713,0.9168217070692555
A,1.4049944133613181,0.9312637853335973,0.15369884851009463,0.9184927336895656
A,1.4081375775970257,0.9324680036223352,0.1510061345567281,0.9201596193626725
A,1.4112807418327336,0.9336759640326134,0.1483050529652172,0.9218223348765282
A,1.4144239060684412,0.9348876715699854,0.14559559254280474,0.9234808508494686
A,1.4175670703041487,0.9361031312126139,0.14287774215797958,0.9251351377295634
A,1.4207102345398563,0.9373223479107239,0.1401514907417031,0.9267851657939667
A,1.4238533987755642,0.9385453265860481,0.13741682728864593,0.928430905148269
A,1.4269965630112718,0.9397720721312686,0.13467374085843778,0.9300723257258505
A,1.4301397272469794,0.9410025894094539,0.13192222057692712,0.9317093972872388
A,1.433282891482687,0.9422368832534893,0.12916225563745443,0.9333420894194661
A,1.4364260557183945,0.9434749584655019,0.12639383530213671,0.9349703715354283
A,1.4395692199541024,0.9447168198162814,0.12361694890316405,0.936594212873249
A,1.44271238418981,0.9459624720446943,0.12083158584410879,0.9382135824956419
A,1.4458555484255176,0.9472119198570936,0.11803773560124554,0.9398284492892794
A,1.4489987126612252,0.9484651679267225,0.11523538772488506,0.9414387819641601
A,1.452141876896933,0.9497222208931124,0.11242453184071931,0.9430445490529814
A,1.4552850411326406,0.950983083361476,0.10960515765118015,0.944645718910513
A,1.4584282053683482,0.9522477599020941,0.10677725493680858,0.9462422597129744
A,1.4615713696040558,0.9535162550496977,0.10394081355763841,0.9478341394574139
A,1.4647145338397634,0.9547885733028431,0.10109582345459166,0.9494213259610912
A,1.4678576980754712,0.9560647191232826,0.09824227465088661,0.9510037868608626
A,1.4710008623111788,0.9573446969353289,0.0953801572534597,0.9525814896125696
A,1.4741440265468864,0.9586285111252139,0.09250946145439819,0.9541544014904304
A,1.477287190782594,0.9599161660404414,0.08963017753238783,0.9557224895864348
A,1.4804303550183018,0.9612076659891345,0.08674229585417237,0.9572857208097417
A,1.4835735192540094,0.9625030152393769,0.0838458068760272,0.9588440618860817
A,1.486716683489717,0.9638022180185478,0.08094070114524432,0.960397479357161
A,1.4898598477254246,0.965105278512652,0.07802696930163236,0.9619459395800711
A,1.4930030119611324,0.9664122008656438,0.07510460207902898,0.9634894087267012
A,1.49614617619684,0.9677229891787428,0.07217359030682752,0.9650278527831532
A,1.4992893404325476,0.9690376475097471,0.06923392491151521,0.966561237549164
A,1.5024325046682552,0.9703561798723387,0.06628559691822719,0.968089528637529
A,1.5055756689039628,0.9716785902353817,0.06332859745231255,0.9696126914735295
A,1.5087188331396706,0.9730048825222173,0.06036291774091464,0.9711306912943682
A,1.5118619973753782,0.9743350606099491,0.0573885491145657,0.972643493148604
A,1.5150051616110858,0.9756691283287257,0.054405483008793505,0.974151061895595
A,1.5181483258467934,0.977007089461014,0.051413710965743764,0.9756533622049446
A,1.5212914900825012,0.9783489477408699,0.04841322463581545,0.977150358555954
A,1.5244346543182088,0.9796947068531975,0.04540401577931112,0.9786420152370756
A,1.5275778185539164,0.9810443704330077,0.04238607626809957,0.9801282963453771
A,1.530720982789624,0.9823979420646669,0.039359398087294425,0.981609165786006
A,1.5338641470253318,0.9837554252811399,0.03632397333694595,0.9830845872716617
A,1.5370073112610394,0.9851168235632267,0.03327979423374826,0.9845545243220717
A,1.540150475496747,0.9864821403387941,0.030226853112758884,0.9860189402634759
A,1.5432936397324546,0.9878513789819983,0.027165142429134828,0.9874777982281122
A,1.5464368039681622,0.9892245428125028,0.024094654759882112,0.9889310611537123
A,1.54957996820387,0.9906016350946907,0.021015382805619848,0.9903786917830008
A,1.5527231324395776,0.9919826590368664,0.01792731939236003,0.9918206526632002
A,1.5558662966752852,0.9933676177904562,0.01483045747329989,0.9932569061455443
A,1.5590094609109928,0.9947565144491981,0.01172479013063116,0.9946874143847957
A,1.5621526251467006,0.9961493520483263,0.008610310577362838,0.9961121393387703
A,1.5652957893824082,0.9975461335637499,0.005487012159160219,0.997531042767869
A,1.5684389536181158,0.9989468619112243,0.0023548883561966224,0.9989440862346162
A,1.5715821178538234,1.0003515399455147,-0.0007860672149776462,1.0003512311032043
A,1.574725282089531,1.0017601704595551,-0.003935860799552355,1.001752438539045
A,1.5778684463252388,1.0031727561835986,-0.007094498502559273,1.0031476695083306
A,1.5810116105609464,1.0045892997843617,-0.0102619862869578,1.0045368847775977
A,1.584154774796654,1.006009803864162,-0.013438329971707555,1.005920044913303
A,1.5872979390323616,1.0074342709600497,-0.01662353522982346,1.0072971102814052
A,1.5904411032680694,1.0088627035429285,-0.019817607586416725,1.008668041046953
A,1.593584267503777,1.0102951040166763,-0.02302055241671918,1.0100327971736838
A,1.5967274317394846,1.0117314747172514,-0.026232374944094236,1.0113913384236275
A,1.5998705959751922,1.0131718179117981,-0.02945308023803019,1.0127436243567223
A,1.6030137602109,1.014616135797742,-0.032682673212119234,1.0140896143304357
A,1.6061569244466076,1.0160644305018776,-0.035921158622019465,1.0154292674993943
A,1.6093000886823152,1.0175167040794524,-0.039168541063403534,1.0167625428150253
A,1.6124432529180228,1.0189729585132405,-0.04242482496988919,1.0180893990252038
A,1.6155864171537304,1.020433195712611,-0.045690014610955294,1.0194097946739096
A,1.6187295813894382,1.0218974175125883,-0.048964114089841894,1.0207236881008954
A,1.6218727456251458,1.0233656256729067,-0.052247127341433365,1.0220310374413626
A,1.6250159098608534,1.0248378218770555,-0.05553905813012783,1.0233318006256453
A,1.628159074096561,1.0263140077313209,-0.05883991004768845,1.0246259353789098
A,1.6313022383322688,1.0277941847638152,-0.06214968651107988,1.0259133992208553
A,1.6344454025679764,1.0292783544235045,-0.06546839076028754,1.0271941494654335
A,1.637588566803684,1.0307665180792247,-0.06879602585612282,1.0284681432205727
A,1.6407317310393916,1.0322586770186941,-0.07213259467801021,1.0297353373879148
A,1.6438748952750994,1.033754832447515,-0.0754780999217592,1.0309956886625622
A,1.647018059510807,1.035254985488171,-0.07883254409731899,1.0322491535328364
A,1.6501612237465146,1.0367591371790157,-0.08219592952651908,1.0334956882800472
A,1.6533043879822222,1.0382672884732544,-0.08556825834079129,1.0347352489782726
A,1.6564475522179298,1.0397794402379188,-0.08894953247887666,1.0359677914941512
A,1.6595907164536376,1.041295593252833,-0.09233975368451602,1.037193271486685
A,1.6627338806893452,1.0428157482095743,-0.09573892350412305,1.038411644407056
A,1.6658770449250528,1.044339905710426,-0.09914704328444324,1.0396228654984527
A,1.6690202091607604,1.0458680662673208,-0.10256411417019418,1.0408268897959105
A,1.6721633733964683,1.0474002303007806,-0.10599013710169068,1.0420236721261629
A,1.6753065376321759,1.0489363981388453,-0.10942511281245233,1.0432131671075076
A,1.6784497018678834,1.0504765700159968,-0.11286904182679643,1.0443953291496828
A,1.681592866103591,1.0520207460720739,-0.1163219244574126,1.0455701124537593
A,1.6847360303392986,1.0535689263511816,-0.11978376080292183,1.0467374710120443
A,1.6878791945750065,1.055121110800591,-0.12325455074541887,1.0478973586079974
A,1.691022358810714,1.0566772992696323,-0.1267342939479971,1.0490497288161638
A,1.6941655230464217,1.0582374915085835,-0.13022298985225933,1.0501945350021193
A,1.6973086872821292,1.0598016871675457,-0.13372063767580925,1.0513317303224283
A,1.700451851517837,1.0613698857953173,-0.13722723640972823,1.0524612677246197
A,1.7035950157535447,1.0629420868382553,-0.1407427848160338,1.053583099947172
A,1.7067381799892523,1.064518289639134,-0.14426728142512416,1.0546971795195204
A,1.7098813442249599,1.0660984934359927,-0.1478007245332035,1.0558034587620715
A,1.7130245084606677,1.067682697360978,-0.15134311219969251,1.05690188978624
A,1.7161676726963753,1.0692709004391774,-0.15489444224462068,1.0579924244944938
A,1.7193108369320829,1.0708631015874468,-0.1584547122460043,1.0590750145804226
A,1.7224540011677905,1.0724592996132298,-0.16202391953720616,1.0601496115288165
A,1.725597165403498,1.0740594932133696,-0.16560206120427892,1.061216166615763
A,1.7287403296392059,1.0756636809729139,-0.1691891340832932,1.062274630908761
A,1.7318834938749135,1.0772718613639118,-0.17278513475764662,1.0633249552668504
A,1.735026658110621,1.0788840327442042,-0.17639005955535997,1.064367090340759
A,1.7381698223463287,1.0805001933562062,-0.18000390454635382,1.0654009865730678
A,1.7413129865820365,1.0821203413256821,-0.1836266655397103,1.0664265941983904
A,1.744456150817744,1.0837444746605136,-0.18725833808091719,1.0674438632435739
A,1.7475993150534517,1.0853725912494607,-0.19089891744909793,1.0684527435279163
A,1.7507424792891593,1.0870046888609142,-0.19454839865422283,1.069453184663401
A,1.753885643524867,1.088640765141642,-0.19820677643430545,1.0704451360549505
A,1.7570288077605747,1.090280817615528,-0.20187404525258146,1.0714285469006988
A,1.7601719719962823,1.0919248436823037,-0.20555019929467339,1.0724033661922847
A,1.7633151362319899,1.093572840616272,-0.2092352324657371,1.0733695427151597
A,1.7664583004676975,1.0952248055650236,-0.2129291383875931,1.0743270250489192
A,1.7696014647034053,1.0968807355481491,-0.2166319103958418,1.0752757615676534
A,1.7727446289391129,1.098540627455939,-0.22034354153696176,1.0762157004403148
A,1.7758877931748205,1.1002044780480809,-0.22406402456539412,1.0771467896311109
A,1.779030957410528,1.101872283952347,-0.22779335194060893,1.078068976899912
A,1.782174121646236,1.1035440416632767,-0.23153151582415704,1.0789822098026862
A,1.7853172858819435,1.105219747540849,-0.2352785080767044,1.079886435691947
A,1.788460450117651,1.106899397809151,-0.23903432025505367,1.080781601717232
A,1.7916036143533587,1.1085829885550385,-0.24279894360914764,1.081667654825595
A,1.7947467785890663,1.1102705157267883,-0.24657236907905786,1.0825445417621251
A,1.797889942824774,1.1119619751327448,-0.25035458729195825,1.083412209070485
A,1.8010331070604817,1.1136573624399602,-0.25414558855908215,1.0842706030934743
A,1.8041762712961893,1.1153566731728264,-0.2579453628726661,1.0851196699736134
A,1.807319435531897,1.1170599027117014,-0.26175389990287634,1.0859593556537515
A,1.8104625997676047,1.1187670462915282,-0.26557118899472165,1.0867896058776971
A,1.8136057640033123,1.1204780990004473,-0.2693972191649494,1.0876103661908745
A,1.81674892823902,1.1221930557784017,-0.2732319790989296,1.088421581941
A,1.8198920924747275,1.1239119114157377,-0.27707545714752135,1.0892231982787866
A,1.8230352567104353,1.1256346605517957,-0.2809276413239262,1.0900151601586705
A,1.826178420946143,1.1273612976734972,-0.28478851930052557,1.0907974123395625
A,1.8293215851818505,1.1290918171139246,-0.2886580784057062,1.0915698993856275
A,1.832464749417558,1.1308262130508935,-0.2925363056206682,1.0923325656670846
A,1.8356079136532657,1.1325644795055205,-0.2964231875762214,1.0930853553610362
A,1.8387510778889735,1.1343066103407826,-0.30031871054956605,1.093828212452322
A,1.8418942421246811,1.1360525992600727,-0.3042228604610601,1.0945610807344
A,1.8450374063603887,1.1378024398057471,-0.3081356228709735,1.095283903810253
A,1.8481805705960963,1.139556125357668,-0.31205698297622775,1.0959966250933237
A,1.8513237348318041,1.1413136491317388,-0.3159869256071223,1.0966991878084733
A,1.8544668990675117,1.143075004178435,-0.31992543522404737,1.0973915349929728
A,1.8576100633032193,1.144840183381328,-0.323872495914185,1.0980736094975185
A,1.860753227538927,1.1466091794556035,-0.32782809138819496,1.0987453539872765
A,1.8638963917746347,1.148381984946574,-0.3317922049768897,1.0994067109429553
A,1.8670395560103423,1.1501585922281856,-0.3357648196278947,1.100057622661908
A,1.87018272024605,1.1519389935015205,-0.3397459179022989,1.1006980312592645
A,1.8733258844817575,1.153723180793292,-0.3437354819712908,1.101327878669089
A,1.8764690487174651,1.1555111459543341,-0.34773349361278266,1.1019471066455717
A,1.879612212953173,1.1573028806580894,-0.35173993420802446,1.10255565676425
A,1.8827553771888805,1.1590983763990852,-0.3557547847382026,1.1031534704232546
A,1.8858985414245881,1.160897624491412,-0.35977802578103224,1.1037404888445952
A,1.8890417056602957,1.162700616067191,-0.3638096375073338,1.10431665307547
A,1.8921848698960035,1.1645073420750398,-0.36784959967760056,1.1048819039896087
A,1.8953280341317111,1.1663177932785316,-0.37189789163855413,1.1054361822886483
A,1.8984711983674187,1.1681319602546507,-0.37595449231969186,1.1059794285035394
A,1.9016143626031263,1.1699498333922436,-0.38001938022982057,1.1065115829959853
A,1.904757526838834,1.1717714028904647,-0.3840925334535827,1.1070325859599148
A,1.9079006910745417,1.1735966587572166,-0.3881739296479706,1.1075423774229838
A,1.9110438553102493,1.1754255908075895,-0.3922635460388324,1.1080408972481168
A,1.914187019545957,1.1772581886622924,-0.3963613594173686,1.1085280851350754
A,1.9173301837816645,1.1790944417460836,-0.40046734613661905,1.1090038806220661
A,1.9204733480173724,1.180934339286194,-0.4045814821079404,1.109468223087377
A,1.92361651225308,1.1827778703107492,-0.40870374279747584,1.109921051751054
A,1.9267596764887875,1.1846250236471871,-0.4128341032226167,1.1103623056766094
A,1.9299028407244951,1.1864757879206715,-0.41697253794845573,1.110791923772766
A,1.933046004960203,1.188330151552502,-0.42111902108423194,1.111209844795235
A,1.9361891691959106,1.190188102758521,-0.4252735262797685,1.1116160073485353
A,1.9393323334316181,1.192049629547519,-0.42943602672190434,1.1120103498878422
A,1.9424754976673257,1.1939147197196327,-0.43360649513091765,1.112392810720876
A,1.9456186619030333,1.1957833608647457,-0.4377849037569435,1.112763328009829
A,1.9487618261387412,1.197655540360882,-0.44197122437638536,1.1131218397733265
A,1.9519049903744488,1.199531245372598,-0.4461654282883193,1.113468283888426
A,1.9550481546101564,1.2014104628493738,-0.4503674863108959,1.1138025980926565
A,1.958191318845864,1.2032931795240007,-0.4545773687777339,1.1141247199860935
A,1.9613344830815718,1.2051793819109657,-0.4587950455343101,1.114434587033473
A,1.9644776473172794,1.2070690563048359,-0.46302048593434436,1.114732136566346
A,1.967620811552987,1.2089621887786397,-0.46725365883618236,1.1150173057852688
A,1.9707639757886946,1.210858765182248,-0.4714945325991723,1.1152900317620373
A,1.9739071400244024,1.2127587711407508,-0.47574307508003927,1.1155502514419564
A,1.97705030426011,1.2146621920528358,-0.47999925362925583,1.1157979016461528
A,1.9801934684958176,1.216569013089164,-0.48426303508741225,1.1160329190739269
A,1.9833366327315252,1.2184792191907448,-0.48853438578158187,1.116255240305146
A,1.9864797969672328,1.2203927950673106,-0.4928132715216866,1.1164648018026788
A,1.9896229612029406,1.2223097251956896,-0.4970996575968599,1.1166615399148692
A,1.9927661254386482,1.2242299938181802,-0.5013935087718088,1.1168453908780551
A,1.9959092896743558,1.2261535849409233,-0.5056947892831771,1.1170162908191272
A,1.9990524539100634,1.2280804823322748,-0.5100034628359064,1.11717417575813
A,2.002195618145771,1.2300106695211803,-0.5143194925995983,1.1173189816109068
A,2.005338782381479,1.2319441297955476,-0.5186428412048788,1.117450644191787
A,2.0084819466171866,1.2338808462006203,-0.5229734707397606,1.1175690992163159
A,2.011625110852894,1.235820801537354,-0.5273113427460101,1.1176742823040298
A,2.014768275088602,1.2377639783607912,-0.531656418215518,1.1177661289812728
A,2.017911439324309,1.2397103589784386,-0.536008657586666,1.117844574684061
A,2.021054603560017,1.241659925448647,-0.540368020740706,1.1179095547609885
A,2.024197767795725,1.2436126595789885,-0.5447344669981337,1.1179610044761776
A,2.027340932031432,1.245568542924641,-0.5491079551150725,1.1179988590122785
A,2.03048409626714,1.2475275567867725,-0.5534884432796628,1.1180230534735092
A,2.0336272605028474,1.2494896822109254,-0.5578758891084494,1.1180335228887444
A,2.036770424738555,1.2514548999854085,-0.5622702496427844,1.1180302022146495
A,2.039913588974263,1.2534231906396862,-0.5666714813452267,1.1180130263388603
A,2.0430567532099704,1.2553945344427748,-0.571079540095956,1.1179819300832115
A,2.046199917445678,1.2573689114016418,-0.5754943811891918,1.117936848207008
A,2.0493430816813856,1.2593463012596053,-0.5799159593296168,1.1178777154103479
A,2.0524862459170934,1.2613266834947419,-0.5843442286288154,1.1178044663374893
A,2.055629410152801,1.2633100373182955,-0.588779142601715,1.1177170355802681
A,2.0587725743885086,1.2652963416730902,-0.59322065416304,1.1176153576815595
A,2.0619157386242164,1.267285575231952,-0.597668715623779,1.1174993671387927
A,2.065058902859924,1.2692777163961297,-0.6021232786876557,1.1173689984075097
A,2.0682020670956316,1.2712727432937239,-0.6065842944476169,1.1172241859049765
A,2.0713452313313394,1.273270633778123,-0.6110517133823333,1.1170648640138396
A,2.074488395567047,1.2752713654264405,-0.6155254853527065,1.1168909670858356
A,2.0776315598027546,1.2772749155379632,-0.6200055595983986,1.1167024294455474
A,2.0807747240384624,1.2792812611326014,-0.6244918847343667,1.1164991853942114
A,2.08391788827417,1.281290378949348,-0.6289844087474181,1.1162811692135743
A,2.0870610525098776,1.2833022454447456,-0.6334830789927816,1.1160483151698009
A,2.090204216745585,1.2853168367913568,-0.6379878421906869,1.1158005575174312
A,2.093347380981293,1.2873341288762465,-0.6424986444229724,1.1155378305033887
A,2.0964905452170006,1.2893540972994681,-0.6470154311296991,1.1152600683710399
A,2.099633709452708,1.2913767173725603,-0.6515381471057888,1.1149672053643036
A,2.102776873688416,1.2934019641170527,-0.656066736497684,1.1146591757318145
A,2.1059200379241236,1.2954298122629766,-0.6606011428000169,1.1143359137311346
A,2.109063202159831,1.2974602362473888,-0.6651413088523086,1.1139973536330183
A,2.112206366395539,1.2994932102129035,-0.6696871768356865,1.1136434297257294
A,2.115349530631246,1.3015287080062314,-0.6742386882696186,1.1132740763194093
A,2.118492694866954,1.3035667031767342,-0.678795784008679,1.1128892277504991
A,2.121635859102662,1.3056071689749833,-0.6833584042393275,1.112488818386212
A,2.124779023338369,1.3076500783513338,-0.6879264884767187,1.1120727826290602
A,2.127922187574077,1.3096954039545077,-0.6924999755615365,1.1116410549214313
A,2.1310653518097844,1.3117431181301886,-0.6970788036568489,1.1111935697502242
A,2.134208516045492,1.3137931929196285,-0.701662910244995,1.11073026165153
A,2.1373516802812,1.3158456000582661,-0.7062522321244946,1.1102510652153716
A,2.1404948445169074,1.3179003109743581,-0.710846705406987,1.1097559150904952
A,2.1436380087526152,1.3199572967876239,-0.7154462655142022,1.1092447459892127
A,2.146781172988323,1.322016528307902,-0.7200508471749544,1.1087174926923036
A,2.1499243372240304,1.324077976033821,-0.7246603844221716,1.1081740900539636
A,2.1530675014597382,1.3261416101514854,-0.7292748105899568,1.1076144730068116
A,2.1562106656954456,1.328207400533172,-0.7338940583106737,1.1070385765669486
A,2.1593538299311534,1.330275316736048,-0.7385180595120775,1.106446335839072
A,2.1624969941668613,1.3323453280008957,-0.7431467454144668,1.1058376860216421
A,2.1656401584025686,1.334417403250858,-0.7477800465278777,1.1052125624121036
A,2.1687833226382764,1.3364915110902016,-0.7524178926493152,1.1045709004121618
A,2.171926486873984,1.3385676198030891,-0.7570602128600115,1.1039126355331121
A,2.1750696511096916,1.3406456973523762,-0.7617069355227332,1.1032377034012235
A,2.1782128153453995,1.3427257113784181,-0.766357988279116,1.102546039763177
A,2.181355979581107,1.3448076291979003,-0.7710132980470469,1.1018375804915592
A,2.1844991438168146,1.3468914178026847,-0.7756727910180838,1.1011122615904076
A,2.1876423080525225,1.3489770438586697,-0.7803363926549112,1.1003700192008121
A,2.19078547228823,1.3510644737046769,-0.7850040276888448,1.0996107896065712
A,2.1939286365239377,1.3531536733513512,-0.7896756201173769,1.0988345092399
A,2.197071800759645,1.3552446084800815,-0.7943510932017606,1.098041114687195
A,2.200214964995353,1.3573372444419451,-0.7990303694646481,1.0972305426948525
A,2.2033581292310607,1.3594315462566655,-0.8037133706877644,1.0964027301751398
A,2.206501293466768,1.361527478611598,-0.8084000179096347,1.0955576142121226
A,2.209644457702476,1.3636250058607329,-0.8130902314233582,1.0946951320676426
A,2.2127876219381832,1.3657240920237201,-0.8177839307744267,1.093815221187355
A,2.215930786173891,1.367824700784919,-0.8224810347585991,1.0929178192068134
A,2.219073950409599,1.3699267954924672,-0.8271814614198195,1.0920028639576143
A,2.2222171146453062,1.3720303391573747,-0.8318851280481918,1.0910702934735892
A,2.225360278881014,1.3741352944526415,-0.8365919511780068,1.0901200459970557
A,2.228503443116722,1.3762416237123982,-0.8413018465858195,1.0891520599851192
A,2.2316466073524293,1.3783492889310704,-0.8460147292885821,1.0881662741160263
A,2.234789771588137,1.3804582517625705,-0.8507305135418372,1.0871626272955737
A,2.2379329358238444,1.3825684735195132,-0.85544911283796,1.0861410586635716
A,2.2410761000595523,1.3846799151724567,-0.860170439904466,1.0851015076003532
A,2.24421926429526,1.3867925373491692,-0.8648944067023687,1.0840439137333433
A,2.2473624285309675,1.3889063003339253,-0.869620924424606,1.0829682169436763
A,2.2505055927666753,1.391021164066827,-0.8743499034945232,1.0818743573728646
A,2.2536487570023827,1.3931370881431517,-0.8790812535644141,1.080762275429522
A,2.2567919212380905,1.3952540318127329,-0.8838148835141355,1.079631911796137
A,2.2599350854737983,1.3973719539793625,-0.888550701449773,1.078483207435896
A,2.2630782497095057,1.3994908132002284,-0.8932886147023811,1.0773161035995598
A,2.2662214139452135,1.4016105676853785,-0.8980285298267869,1.0761305418323879
A,2.269364578180921,1.4037311752972161,-0.9027703526004589,1.0749264639811167
A,2.2725077424166287,1.4058525935500246,-0.9075139880224479,1.0737038122009828
A,2.2756509066523365,1.407974779609525,-0.9122593403123929,1.0724625289628016
A,2.278794070888044,1.4100976902924616,-0.9170063129095998,1.0712025570600903
A,2.2819372351237517,1.412221282066226,-0.9217548084721965,1.069923839616241
A,2.2850803993594595,1.4143455110485053,-0.926504728876348,1.0686263200917439
A,2.288223563595167,1.4164703330069695,-0.9312559752155585,1.0673099422914574
A,2.2913667278308747,1.418595703358992,-0.9360084478000434,1.0659746503719245
A,2.294509892066582,1.420721577171399,-0.9407620461561722,1.0646203888487387
A,2.29765305630229,1.4228479091602604,-0.9455166690259985,1.063247102603955
A,2.3007962205379977,1.4249746536907093,-0.9502722143668579,1.0618547368935476
A,2.303939384773705,1.4271017647768014,-0.9550285793510532,1.0604432373549137
A,2.307082549009413,1.429229196081409,-0.959785660365617,1.0590125500144212
A,2.3102257132451203,1.4313569009161498,-0.9645433530121525,1.0575626212950033
A,2.313368877480828,1.4334848322413558,-0.9693015521067645,1.0560933980237948
A,2.316512041716536,1.4356129426660764,-0.9740601516800653,1.0546048274398139
A,2.3196552059522433,1.4377411844481203,-0.978819044977271,1.0530968572016852
A,2.322798370187951,1.43986950949414,-0.9835781244583865,1.0515694353954084
A,2.325941534423659,1.4419978693597477,-0.9883372817984672,1.0500225105421641
A,2.3290846986593663,1.444126215249675,-0.9930964078879775,1.0484560316061644
A,2.332227862895074,1.4462544980179766,-0.9978553928332408,1.0468699480025434
A,2.3353710271307815,1.4483826681682628,-1.0026141259569665,1.0452642096052862
A,2.3385141913664893,1.4505106758539863,-1.0073724957988863,1.0436387667551983
A,2.341657355602197,1.45263847087876,-1.0121303901164667,1.0419935702679126
A,2.3448005198379045,1.454766002696723,-1.0168876958857258,1.0403285714419372
A,2.3479436840736123,1.456893220412947,-1.0216442993021442,1.038643722066734
A,2.3510868483093197,1.4590200727838822,-1.026400085781662,1.03693897443084
A,2.3542300125450275,1.461146508217854,-1.0311549399617872,1.0352142813300205
A,2.3573731767807353,1.463272474775596,-1.0359087457027896,1.033469596075458
A,2.3605163410164427,1.465397920170832,-1.040661386089001,1.0317048725019762
A,2.3636595052521505,1.4675227917709015,-1.045412743430215,1.0299200649762932
A,2.3668026694878583,1.469647036597429,-1.0501626992631832,1.0281151284053114
A,2.3699458337235657,1.4717706013270422,-1.054911134353219,1.0262900182444377
A,2.3730889979592735,1.4738934322921333,-1.0596579286959045,1.0244446905059301
A,2.376232162194981,1.476015475481669,-1.0644029615188966,1.0225791017672812
A,2.3793753264306887,1.4781366765420472,-1.0691461112838467,1.0206932091796224
A,2.3825184906663965,1.4802569807780006,-1.0738872556884191,1.0187869704761627
A,2.385661654902104,1.4823763331535484,-1.0786262716684198,1.0168603439806494
A,2.3888048191378117,1.4844946782929997,-1.0833630354000394,1.014913288615855
A,2.391947983373519,1.4866119604820012,-1.088097422302196,1.012945763912094
A,2.395091147609227,1.4887281236686367,-1.0928293070389958,1.010957730015755
A,2.3982343118449347,1.4908431114645777,-1.097558563522302,1.008949147697863
A,2.401377476080642,1.4929568671462812,-1.1022850649144176,1.0069199783626586
A,2.40452064031635,1.4950693336562428,-1.1070086836308837,1.0048701840561995
A,2.4076638045520578,1.497180453604296,-1.1117292913433867,1.0027997274749814
A,2.410806968787765,1.4992901692689675,-1.116446758982788,1.0007085719745774
A,2.413950133023473,1.5013984225988817,-1.121160956742266,0.9985966815782922
A,2.4170932972591803,1.5035051552142178,-1.1258717540805743,0.9964640209858359
A,2.420236461494888,1.5056103084082255,-1.130579019725426,0.9943105555820106
A,2.423379625730596,1.5077138231487834,-1.1352826216769865,0.9921362514454097
A,2.4265227899663033,1.509815640080021,-1.1399824272114936,0.9899410753571322
A,2.429665954202011,1.5119156995239906,-1.1446783028849998,0.9877249948095039
A,2.4328091184377185,1.5140139414823928,-1.1493701145372293,0.9854879780148141
A,2.4359522826734263,1.5161103056383607,-1.1540577272955677,0.9832299939140552
A,2.439095446909134,1.5182047313582956,-1.1587410055791658,0.9809510121856738
A,2.4422386111448415,1.5202971576937596,-1.163419813103174,0.9786510032543264
A,2.4453817753805493,1.522387523383427,-1.1680940128831037,0.9763299382996364
A,2.448524939616257,1.5244757668550872,-1.1727634672393064,0.9739877892649613
A,2.4516681038519645,1.5265618262277085,-1.1774280378015882,0.9716245288661552
A,2.4548112680876724,1.528645639313558,-1.182087585513951,0.9692401306003346
A,2.4579544323233797,1.5307271436203764,-1.1867419706394555,0.9668345687546439
A,2.4610975965590876,1.5328062763536157,-1.1913910527652234,0.9644078184150153
A,2.4642407607947954,1.53488297441873,-1.1960346908075614,0.9619598554749302
A,2.4673839250305027,1.5369571744235273,-1.2006727430172188,0.9594906566441702
A,2.4705270892662106,1.5390288126805811,-1.2053050669847805,0.9570001994575619
A,2.473670253501918,1.5410978252096978,-1.209931519646184,0.9544884622837178
A,2.4768134177376258,1.5431641477404467,-1.2145519572883778,0.9519554243337606
A,2.4799565819733336,1.5452277157147463,-1.2191662355551032,0.9494010656700418
A,2.483099746209041,1.5472884642895148,-1.2237742094528214,0.9468253672148456
A,2.4862429104447488,1.5493463283393776,-1.2283757333567678,0.9442283107590734
A,2.489386074680456,1.5514012424594346,-1.2329706610171394,0.9416098789709225
A,2.492529238916164,1.5534531409680925,-1.2375588455654287,0.9389700554045349
A,2.4956724031518718,1.5555019579099516,-1.2421401395208789,0.9363088245086364
A,2.498815567387579,1.5575476270587594,-1.2467143947970876,0.9336261716351487
A,2.501958731623287,1.559590081920424,-1.2512814627087443,0.9309220830477811
A,2.505101895858995,1.561629255736086,-1.2558411939785021,0.9281965459305976
A,2.508245060094702,1.5636650814852553,-1.2603934387439895,0.925449548396557
A,2.51138822433041,1.5656974918890114,-1.2649380465649656,0.922681079496025
A,2.5145313885661174,1.5677264194132585,-1.2694748664306024,0.9198911292252581
A,2.517674552801825,1.5697517962720524,-1.2740037467669205,0.9170796885348531
A,2.520817717037533,1.5717735544309819,-1.2785245354443513,0.9142467493381687
A,2.5239608812732404,1.573791625610616,-1.2830370797854462,0.9113923045197054
A,2.527104045508948,1.5758059412900152,-1.2875412265727273,0.908516347943452
A,2.5302472097446556,1.5778164327103028,-1.2920368220566703,0.9056188744611974
A,2.5333903739803634,1.5798230308782986,-1.2965237119638353,0.9026998799207913
A,2.536533538216071,1.5818256665702186,-1.3010017415051358,0.8997593611743753
A,2.5396767024517786,1.5838242703354344,-1.3054707553842457,0.8967973160865603
A,2.5428198666874864,1.5858187725002992,-1.309930597806154,0.8938137435425615
A,2.545963030923194,1.587809103172032,-1.314381112485851,0.8908086434562864
A,2.5491061951589016,1.5897951922426679,-1.3188221426571622,0.8877820167783714
A,2.5522493593946094,1.591776969393074,-1.3232535310817257,0.8847338655041657
A,2.5553925236303168,1.5937543640970206,-1.3276751200580987,0.8816641926816648
A,2.5585356878660246,1.5957273056253252,-1.3320867514310202,0.8785730024193843
A,2.5616788521017324,1.5976957230500508,-1.3364882666008018,0.8754602998941806
A,2.56482201633744,1.5996595452487725,-1.3408795065328667,0.8723260913590087
A,2.5679651805731476,1.6016187009089056,-1.345260311767428,0.8691703841506179
A,2.571108344808855,1.6035731185320958,-1.3496305224293046,0.8659931866971895
A,2.574251509044563,1.6055227264386729,-1.353989978237882,0.8627945085259
A,2.5773946732802706,1.6074674527721664,-1.3583385185172074,0.8595743602704278
A,2.580537837515978,1.6094072255038847,-1.3626759822062298,0.8563327536783811
A,2.583681001751686,1.611341972437556,-1.3670022078691781,0.8530697016186576
A,2.5868241659873936,1.613271621214031,-1.3713170337060758,0.849785218088734
A,2.589967330223101,1.6151960993160481,-1.375620297563396,0.8464793182218753
A,2.593110494458809,1.617115334073062,-1.3799118369448586,0.8431520182942673
A,2.596253658694516,1.619029252666128,-1.3841914890223554,0.8398033357320726
A,2.599396822930224,1.6209377821328577,-1.3884590906470244,0.8364332891184004
A,2.602539987165932,1.6228408493724262,-1.3927144783604524,0.8330418982001988
A,2.605683151401639,1.6247383811506453,-1.396957488406016,0.829629183895055
A,2.608826315637347,1.6266303041050965,-1.4011879567403613,0.826195168297909
A,2.6119694798730544,1.6285165447503236,-1.4054057190450124,0.8227398746876831
A,2.615112644108762,1.6303970294830876,-1.4096106107381232,0.8192633275338105
A,2.61825580834447,1.6322716845876764,-1.4138024669863505,0.8157655525026783
A,2.6213989725801774,1.634140436241279,-1.417981122716871,0.8122465764639699
A,2.624542136815885,1.636003210519417,-1.422146412629526,0.8087064274969068
A,2.627685301051593,1.637859933401434,-1.4262981712090956,0.8051451348963986
A,2.6308284652873004,1.639710530776043,-1.4304362327377032,0.8015627291790829
A,2.6339716295230082,1.6415549284469326,-1.434560431307355,0.7979592420892622
A,2.6371147937587156,1.6433930521384312,-1.438670600832599,0.7943347066047397
A,2.6402579579944234,1.6452248275012262,-1.442766575063318,0.7906891569425386
A,2.6434011222301312,1.6470501801181416,-1.4468481875976478,0.7870226285645189
A,2.6465442864658386,1.6488690355099684,-1.4509152718950145,0.7833351581828751
A,2.6496874507015464,1.6506813191413556,-1.4549676612893065,0.7796267837655216
A,2.652830614937254,1.6524869564267515,-1.45900518900216,0.7758975445413653
A,2.6559737791729616,1.654285872736402,-1.4630276881563713,0.7721474810054508
A,2.6591169434086694,1.6560779934024,-1.4670349917894248,0.7683766349239944
A,2.662260107644377,1.6578632437247915,-1.4710269328671464,0.7645850493392894
A,2.6654032718800846,1.6596415489777345,-1.4750033442974713,0.7607727685744866
A,2.6685464361157925,1.6614128344157024,-1.4789640589443231,0.7569398382382515
A,2.6716896003515,1.6631770252797504,-1.4829089096416186,0.7530863052292911
A,2.6748327645872076,1.664934046803824,-1.4868377292073776,0.7492122177407459
A,2.677975928822915,1.6666838242211197,-1.490750350457945,0.7453176252644579
A,2.681119093058623,1.6684262827704979,-1.4946466062223296,0.7414025785950935
A,2.6842622572943307,1.6701613477029378,-1.498526329356642,0.7374671298341383
A,2.687405421530038,1.6718889442880507,-1.502389352758651,0.7335113323937501
A,2.690548585765746,1.6736089978206288,-1.506235509382434,0.7295352410004667
A,2.6936917500014532,1.6753214336272473,-1.5100646322531375,0.7255389116987809
A,2.696834914237161,1.6770261770729125,-1.513876554481842,0.7215224018545608
A,2.699978078472869,1.6787231535677491,-1.5176711092805162,0.7174857701583326
A,2.7031212427085762,1.6804122885737387,-1.5214481299770837,0.7134290766284098
A,2.706264406944284,1.6820935076114956,-1.5252074500305746,0.709352382613872
A,2.7094075711799914,1.6837667362670858,-1.528948903046375,0.7052557507973973
A,2.7125507354156992,1.6854319001988918,-1.532672322791574,0.701139245197934
A,2.715693899651407,1.6870889251445103,-1.53637754321039,0.697002931173223
A,2.7188370638871144,1.688737736927697,-1.5400643984396982,0.69284687542216
A,2.7219802281228223,1.6903782614653444,-1.543732722824634,0.6886711459869957
A,2.72512339235853,1.6920104247744991,-1.5473823509342848,0.6844758122553835
A,2.7282665565942374,1.6936341529794163,-1.5510131175774633,0.6802609449622569
A,2.7314097208299453,1.6952493723186504,-1.5546248578185629,0.6760266161915455
A,2.7345528850656526,1.6968560091521763,-1.5582174069934822,0.671772899377728
A,2.7376960493013605,1.698453989968551,-1.5617906007256366,0.6674998693072123
A,2.7408392135370683,1.7000432413921003,-1.565344274942031,0.6632076021195522
A,2.7439823777727756,1.7016236901901411,-1.5688782658894083,0.6588961753084901
A,2.7471255420084835,1.7031952632802358,-1.5723924101504694,0.6545656677228269
A,2.750268706244191,1.7047578877374698,-1.5758865446601482,0.6502161595671229
A,2.7534118704798987,1.7063114908017643,-1.5793605067219625,0.6458477324022168
A,2.7565550347156065,1.707855999885209,-1.5828141340244106,0.6414604691455753
A,2.759698198951314,1.709391342579427,-1.58624726465744,0.6370544540714596
A,2.7628413631870217,1.7109174466629609,-1.5896597371289618,0.6326297728109116
A,2.7659845274227295,1.7124342401086814,-1.5930513903814192,0.6281865123515661
A,2.769127691658437,1.7139416510912215,-1.5964220638084083,0.6237247610372738
A,2.7722708558941447,1.7154396079944292,-1.5997715972713455,0.6192446085675422
A,2.775414020129852,1.716928039418839,-1.6030998311161737,0.6147461459967963
A,2.77855718436556,1.718406874189169,-1.606406606190121,0.6102294657334469
A,2.7817003486012677,1.7198760413618217,-1.6096917638584838,0.6056946615387773
A,2.784843512836975,1.7213354702324164,-1.6129551460214588,0.6011418285256387
A,2.787986677072683,1.7227850903433242,-1.616196595131,0.596571063156954
A,2.7911298413083903,1.7242248314912239,-1.6194159542077073,0.5919824632440391
A,2.794273005544098,1.7256546237346655,-1.6226130668577445,0.587376127944722
A,2.797416169779806,1.7270743974016456,-1.6257877772897764,0.5827521577612784
A,2.8005593340155133,1.7284840830971937,-1.6289399303319307,0.5781106545381693
A,2.803702498251221,1.729883611710965,-1.6320693714487797,0.5734517214595821
A,2.806845662486929,1.7312729144248395,-1.635175946758328,0.5687754630467837
A,2.8099888267226363,1.7326519227205275,-1.6382595030490223,0.5640819851552702
A,2.813131990958344,1.7340205683871786,-1.641319887796765,0.5593713949717208
A,2.8162751551940515,1.7353787835289918,-1.6443569491819285,0.5546438010107604
A,2.8194183194297593,1.736726500572828,-1.647370536106382,0.5498993131115122
A,2.822561483665467,1.7380636522758237,-1.6503604982105093,0.545138042433964
A,2.8257046479011745,1.739390171732996,-1.653326685890223,0.5403601014551259
A,2.8288478121368823,1.7407059923848542,-1.6562689503139756,0.5355656039649875
A,2.8319909763725897,1.7420110480249966,-1.6591871434397538,0.5307546650622836
A,2.8351341406082975,1.7433052728077103,-1.6620811180320667,0.5259274011500451
A,2.8382773048440053,1.7445886012555547,-1.664950727678906,0.521083929930961
A,2.8414204690797127,1.7458609682669404,-1.6677958268086925,0.5162243704025296
A,2.8445636333154205,1.7471223091236983,-1.670616270707201,0.5113488428520084
A,2.8477067975511283,1.7483725594986315,-1.6734119155344462,0.5064574688511672
A,2.8508499617868357,1.7496116554630585,-1.676182618341551,0.5015503712508316
A,2.8539931260225435,1.7508395334943387,-1.6789282370875718,0.49662767417522363
A,2.857136290258251,1.7520561304833788,-1.681648630656287,0.4916895030161059
A,2.8602794544939587,1.753261383742126,-1.6843436588729492,0.4867359844267122
A,2.8634226187296665,1.7544552310110368,-1.687013182520986,0.48176724631548484
A,2.866565782965374,1.7556376104665246,-1.6896570633586556,0.47678341783960154
A,2.8697089472010817,1.7568084607283871,-1.692275164135654,0.4717846293982993
A,2.872852111436789,1.7579677208672062,-1.6948673486096593,0.46677101262600157
A,2.875995275672497,1.7591153304117233,-1.6974334815628267,0.4617427003852328
A,2.8791384399082047,1.760251229356184,-1.6999734288182116,0.45669982675933934
A,2.882281604143912,1.7613753581676583,-1.7024870572561341,0.45164252704500196
A,2.88542476837962,1.762487657793326,-1.7049742348304742,0.44657093774454587
A,2.8885679326153277,1.7635880696677289,-1.707434830584887,0.44148519655805474
A,2.891711096851035,1.764676535719993,-1.7098687146689504,0.4363854423752779
A,2.894854261086743,1.7657529983810114,-1.7122757583542285,0.43127181526733593
A,2.8979974253224503,1.7668174005905928,-1.7146558340502531,0.426144456478234
A,2.901140589558158,1.7678696858045662,-1.7170088153204155,0.4210035084161632
A,2.904283753793866,1.7689097980018513,-1.7193345768977717,0.4158491146446152
A,2.9074269180295733,1.7699376816914831,-1.7216329947007518,0.41068141987329115
A,2.910570082265281,1.7709532819195948,-1.723903945848774,0.4055005699488122
A,2.9137132465009885,1.7719565442763532,-1.7261473086777521,0.4003067118452414
A,2.9168564107366963,1.7729474149028495,-1.7283629627555062,0.39509999365439835
A,2.919999574972404,1.7739258404979434,-1.7305507888970613,0.3898805645759911
A,2.9231427392081115,1.7748917683250505,-1.7327106691798317,0.38464857490754445
A,2.9262859034438193,1.7758451462188882,-1.7348424869586982,0.3794041760341386
A,2.9294290676795267,1.7767859225921596,-1.7369461268809587,0.37414752041796095
A,2.9325722319152345,1.777714046442189,-1.7390214749011632,0.3688787615876573
A,2.9357153961509423,1.7786294673574987,-1.7410684182958207,0.3635980541275052
A,2.9388585603866497,1.7795321355243279,-1.743086845677976,0.35830555366639094
A,2.9420017246223575,1.7804220017330945,-1.745076647011658,0.35300141686660075
A,2.9451448888580654,1.781299017384795,-1.7470377136261914,0.34768580141243277
A,2.9482880530937727,1.782163134497341,-1.7489699382303652,0.34235886599861853
A,2.9514312173294805,1.783014305711836,-1.7508732149264672,0.33702077031856276
A,2.954574381565188,1.783852484298783,-1.7527474392241655,0.3316716750524088
A,2.9577175458008957,1.7846776241642273,-1.7545925080542442,0.3263117418549142
A,2.9608607100366036,1.785489679855832,-1.756408319782188,0.32094113334316005
A,2.964003874272311,1.786288606568883,-1.7581947742216102,0.3155600130840772
A,2.9671470385080188,1.7870743601522214,-1.7599517726475191,0.3101685455817972
A,2.970290202743726,1.787846897114108,-1.7616792178094285,0.3047668962648399
A,2.973433366979434,1.7886061746280102,-1.763377013944301,0.29935523147311943
A,2.9765765312151418,1.789352150538314,-1.7650450667893178,0.2939337184447916
A,2.979719695450849,1.790084783365962,-1.7666832835944863,0.2885025253029289
A,2.982862859686557,1.7908040323140093,-1.7682915731350655,0.28306182104203004
A,2.9860060239222648,1.7915098572731054,-1.7698698457238202,0.2776117755143747
A,2.989149188157972,1.7922022188268887,-1.771418013223087,0.2721525594162105
A,2.99229235239368,1.792881078257306,-1.772935989056667,0.26668434427378285
A,2.9954355166293873,1.7935463975498436,-1.7744236882215234,0.26120730242921575
A,2.998578680865095,1.7941981393986761,-1.7758810272992935,0.25572160702622815
A,3.001721845100803,1.7948362672117264,-1.7773079244676078,0.25022743199571035
A,3.0048650093365104,1.7954607451156452,-1.7787042995112166,0.2447249520411447
A,3.008008173572218,1.7960715379606926,-1.7800700738329132,0.23921434262387845
A,3.0111513378079255,1.7966686113255388,-1.781405170464264,0.23369577994826202
A,3.0142945020436334,1.7972519315219682,-1.7827095140761284,0.22816944094663333
A,3.017437666279341,1.7978214655994933,-1.7839830309889773,0.22263550326417517
A,3.0205808305150486,1.7983771813498755,-1.7852256491829994,0.21709414524362866
A,3.0237239947507564,1.7989190473115533,-1.7864372983080037,0.21154554590987354
A,3.026867158986464,1.7994470327739696,-1.7876179096930986,0.20598988495438378
A,3.0300103232221716,1.7999611077818094,-1.788767416356162,0.200427342719549
A,3.0331534874578794,1.8004612431391336,-1.78988575301309,0.1948581001828699
A,3.0362966516935868,1.8009474104134189,-1.7909728560868277,0.1892823389410394
A,3.0394398159292946,1.801419581939494,-1.7920286637161715,0.18370024119389236
A,3.0425829801650024,1.8018777308233778,-1.7930531157643514,0.17811198972825004
A,3.0457261444007098,1.8023218309460152,-1.7940461538273844,0.1725177679016436
A,3.0488693086364176,1.802751856966908,-1.7950077212421949,0.16691775962592584
A,3.052012472872125,1.8031677843276464,-1.7959377630945077,0.16131214935078397
A,3.0551556371078328,1.8035695892553307,-1.7968362262265045,0.1557011220471352
A,3.0582988013435406,1.8039572487658924,-1.797703059244245,0.15008486319043288
A,3.061441965579248,1.8043307406673061,-1.7985382125248512,0.1444635587438659
A,3.064585129814956,1.804690043562694,-1.7993416382234508,0.138837395141463
A,3.0677282940506636,1.8050351368533237,-1.800113290279878,0.13320655927111177
A,3.070871458286371,1.8053660007414982,-1.8008531244251365,0.12757123845748192
A,3.074014622522079,1.8056826162333333,-1.8015610981876093,0.12193162044486222
A,3.077157786757786,1.8059849651414277,-1.802237170899031,0.11628789337992364
A,3.080300950993494,1.8062730300874192,-1.802881303700203,0.11064024579439069
A,3.083444115229202,1.8065467945044331,-1.8034934595464667,0.10498886658764943
A,3.086587279464909,1.8068062426394156,-1.8040736032129225,0.09933394500927491
A,3.089730443700617,1.8070513595553526,-1.8046217012993928,0.09367567064148914
A,3.0928736079363244,1.807282131133382,-1.8051377222351415,0.08801423338156193
A,3.096016772172032,1.8074985440747833,-1.8056216362833257,0.08234982342413712
A,3.09915993640774,1.8077005859028594,-1.8060734155452023,0.07668263124351195
A,3.1023031006434474,1.807888244964699,-1.8064930339640692,0.07101284757585327
A,3.105446264879155,1.8080615104328261,-1.806880467328955,0.06534066340136176
A,3.108589429114863,1.808220372306733,-1.8072356932780436,0.0596662699263949
A,3.1117325933505704,1.8083648214142956,-1.8075586913018427,0.053989858565538056
A,3.114875757586278,1.8084948494130744,-1.8078494427460903,0.04831162092363412
A,3.1180189218219856,1.8086104487914962,-1.8081079308143986,0.04263174877778336
A,3.1211620860576934,1.80871161286992,-1.808334140570635,0.03695043405929712
A,3.1243052502934012,1.8087983358015836,-1.8085280589410428,0.03126786883563276
A,3.1274484145291086,1.8088706125734342,-1.8086896747160954,0.0255842452922937
A,3.1305915787648164,1.8089284390068405,-1.8088189785520883,0.019899755714705786
A,3.133734743000524,1.8089718117581843,-1.8089159629724643,0.014214592470081914
A,3.1368779072362316,1.809000728319337,-1.8089806223688767,0.008528947989258304
A,3.1400210714719394,1.8090151870180136,-1.8090129530019838,0.0028430147485301645
A,3.143164235707647,1.8090151870180136,-1.8090129530019838,-0.0028430147485297213
A,3.1463073999433546,1.809000728319337,-1.8089806223688767,-0.00852894798925786
A,3.149450564179062,1.8089718117581843,-1.8089159629724643,-0.014214592470080669
A,3.15259372841477,1.8089284390068405,-1.8088189785520883,-0.019899755714705345
A,3.1557368926504776,1.8088706125734342,-1.8086896747160954,-0.025584245292293258
A,3.158880056886185,1.8087983358015836,-1.8085280589410428,-0.03126786883563232
A,3.162023221121893,1.80871161286992,-1.808334140570635,-0.03695043405929667
A,3.1651663853576006,1.8086104487914962,-1.8081079308143986,-0.04263174877778292
A,3.168309549593308,1.8084948494130744,-1.8078494427460905,-0.048311620923633676
A,3.171452713829016,1.8083648214142956,-1.8075586913018427,-0.05398985856553761
A,3.174595878064723,1.808220372306733,-1.8072356932780436,-0.05966626992639445
A,3.177739042300431,1.8080615104328261,-1.806880467328955,-0.06534066340136131
A,3.180882206536139,1.807888244964699,-1.8064930339640692,-0.07101284757585283
A,3.184025370771846,1.8077005859028594,-1.8060734155452023,-0.07668263124351152
A,3.187168535007554,1.8074985440747833,-1.8056216362833257,-0.08234982342413667
A,3.1903116992432614,1.807282131133382,-1.8051377222351415,-0.0880142333815607
A,3.1934548634789692,1.8070513595553526,-1.8046217012993928,-0.09367567064148868
A,3.196598027714677,1.8068062426394156,-1.8040736032129225,-0.09933394500927448
A,3.1997411919503844,1.8065467945044331,-1.8034934595464667,-0.104988866587649
A,3.2028843561860922,1.8062730300874192,-1.802881303700203,-0.11064024579439025
A,3.2060275204218,1.8059849651414277,-1.802237170899031,-0.1162878933799232
A,3.2091706846575074,1.8056826162333333,-1.8015610981876093,-0.12193162044486179
A,3.2123138488932153,1.8053660007414982,-1.8008531244251365,-0.12757123845748145
A,3.2154570131289226,1.8050351368533237,-1.8001132902798782,-0.13320655927111133
A,3.2186001773646304,1.804690043562694,-1.7993416382234508,-0.13883739514146254
A,3.2217433416003383,1.8043307406673061,-1.7985382125248512,-0.14446355874386546
A,3.2248865058360456,1.8039572487658924,-1.797703059244245,-0.1500848631904324
A,3.2280296700717535,1.8035695892553307,-1.7968362262265045,-0.1557011220471348
A,3.231172834307461,1.8031677843276464,-1.7959377630945077,-0.16131214935078275
A,3.2343159985431686,1.802751856966908,-1.7950077212421949,-0.1669177596259254
A,3.2374591627788765,1.8023218309460152,-1.7940461538273844,-0.17251776790164317
A,3.240602327014584,1.801877730823378,-1.793053115764352,-0.17811198972824963
A,3.2437454912502917,1.801419581939494,-1.7920286637161715,-0.1837002411938919
A,3.2468886554859995,1.8009474104134189,-1.7909728560868277,-0.189282338941039
A,3.250031819721707,1.8004612431391336,-1.7898857530130903,-0.19485810018286945
A,3.2531749839574147,1.7999611077818094,-1.788767416356162,-0.20042734271954857
A,3.256318148193122,1.7994470327739696,-1.7876179096930986,-0.20598988495438336
A,3.25946131242883,1.7989190473115533,-1.786437298308004,-0.21154554590987312
A,3.2626044766645377,1.7983771813498755,-1.7852256491829994,-0.21709414524362822
A,3.265747640900245,1.7978214655994933,-1.7839830309889773,-0.2226355032641747
A,3.268890805135953,1.7972519315219682,-1.7827095140761284,-0.22816944094663286
A,3.2720339693716602,1.796668611325539,-1.7814051704642644,-0.23369577994826082
A,3.275177133607368,1.7960715379606929,-1.7800700738329136,-0.23921434262387803
A,3.278320297843076,1.7954607451156452,-1.7787042995112166,-0.24472495204114428
A,3.2814634620787833,1.7948362672117264,-1.7773079244676078,-0.25022743199570996
A,3.284606626314491,1.7941981393986761,-1.7758810272992938,-0.2557216070262277
A,3.287749790550199,1.7935463975498436,-1.7744236882215234,-0.2612073024292153
A,3.2908929547859063,1.7928810782573061,-1.7729359890566674,-0.26668434427378246
A,3.294036119021614,1.792202218826889,-1.7714180132230875,-0.27215255941621014
A,3.2971792832573215,1.7915098572731054,-1.7698698457238202,-0.27761177551437427
A,3.3003224474930293,1.7908040323140093,-1.7682915731350657,-0.2830618210420296
A,3.303465611728737,1.790084783365962,-1.7666832835944863,-0.2885025253029285
A,3.3066087759644445,1.7893521505383145,-1.7650450667893185,-0.29393371844479127
A,3.3097519402001523,1.7886061746280102,-1.763377013944301,-0.299355231473119
A,3.3128951044358597,1.7878468971141084,-1.7616792178094292,-0.30476689626483877
A,3.3160382686715675,1.7870743601522214,-1.7599517726475191,-0.31016854558179674
A,3.3191814329072753,1.786288606568883,-1.7581947742216102,-0.31556001308407683
A,3.3223245971429827,1.7854896798558324,-1.7564083197821887,-0.32094113334315977
A,3.3254677613786905,1.7846776241642273,-1.7545925080542442,-0.32631174185491374
A,3.328610925614398,1.783852484298783,-1.7527474392241658,-0.3316716750524076
A,3.3317540898501057,1.783014305711836,-1.7508732149264672,-0.3370207703185623
A,3.3348972540858135,1.782163134497341,-1.7489699382303652,-0.34235886599861814
A,3.338040418321521,1.781299017384795,-1.7470377136261914,-0.3476858014124323
A,3.3411835825572287,1.7804220017330945,-1.745076647011658,-0.3530014168666003
A,3.3443267467929365,1.7795321355243279,-1.743086845677976,-0.35830555366639055
A,3.347469911028644,1.7786294673574987,-1.741068418295821,-0.36359805412750473
A,3.3506130752643517,1.777714046442189,-1.7390214749011634,-0.36887876158765687
A,3.353756239500059,1.7767859225921596,-1.7369461268809587,-0.37414752041795973
A,3.356899403735767,1.7758451462188884,-1.7348424869586985,-0.37940417603413823
A,3.3600425679714747,1.7748917683250505,-1.7327106691798317,-0.384648574907544
A,3.363185732207182,1.7739258404979434,-1.7305507888970615,-0.38988056457599063
A,3.36632889644289,1.77294741490285,-1.7283629627555066,-0.395099993654398
A,3.3694720606785973,1.7719565442763532,-1.7261473086777523,-0.4003067118452402
A,3.372615224914305,1.7709532819195948,-1.723903945848774,-0.40550056994881173
A,3.375758389150013,1.7699376816914831,-1.721632994700752,-0.4106814198732907
A,3.3789015533857203,1.7689097980018513,-1.719334576897772,-0.4158491146446148
A,3.382044717621428,1.7678696858045662,-1.7170088153204157,-0.42100350841616274
A,3.385187881857136,1.766817400590593,-1.7146558340502536,-0.4261444564782336
A,3.3883310460928433,1.7657529983810119,-1.7122757583542292,-0.43127181526733566
A,3.391474210328551,1.764676535719993,-1.7098687146689506,-0.43638544237527743
A,3.3946173745642585,1.7635880696677289,-1.707434830584887,-0.44148519655805424
A,3.3977605387999663,1.762487657793326,-1.7049742348304744,-0.44657093774454537
A,3.400903703035674,1.7613753581676583,-1.7024870572561344,-0.45164252704500146
A,3.4040468672713815,1.760251229356184,-1.6999734288182116,-0.45669982675933884
A,3.4071900315070893,1.7591153304117233,-1.697433481562827,-0.4617427003852324
A,3.4103331957427967,1.7579677208672067,-1.6948673486096602,-0.4667710126260005
A,3.4134763599785045,1.7568084607283876,-1.6922751641356546,-0.4717846293982989
A,3.4166195242142123,1.7556376104665246,-1.6896570633586556,-0.47678341783960115
A,3.4197626884499197,1.7544552310110368,-1.6870131825209862,-0.48176724631548445
A,3.4229058526856275,1.753261383742126,-1.6843436588729492,-0.4867359844267117
A,3.4260490169213353,1.752056130483379,-1.6816486306562874,-0.4916895030161055
A,3.4291921811570427,1.750839533494339,-1.6789282370875722,-0.4966276741752233
A,3.4323353453927505,1.7496116554630585,-1.676182618341551,-0.5015503712508311
A,3.435478509628458,1.7483725594986315,-1.6734119155344462,-0.5064574688511668
A,3.4386216738641657,1.7471223091236983,-1.670616270707201,-0.511348842852008
A,3.4417648380998735,1.7458609682669404,-1.6677958268086928,-0.5162243704025291
A,3.444908002335581,1.7445886012555547,-1.664950727678906,-0.5210839299309606
A,3.4480511665712887,1.7433052728077103,-1.6620811180320667,-0.5259274011500448
A,3.451194330806996,1.7420110480249968,-1.6591871434397543,-0.5307546650622825
A,3.454337495042704,1.7407059923848542,-1.6562689503139756,-0.5355656039649872
A,3.4574806592784117,1.739390171732996,-1.653326685890223,-0.5403601014551254
A,3.460623823514119,1.738063652275824,-1.6503604982105098,-0.5451380424339638
A,3.463766987749827,1.7367265005728285,-1.6473705361063826,-0.5498993131115119
A,3.4669101519855348,1.7353787835289922,-1.6443569491819292,-0.5546438010107602
A,3.470053316221242,1.7340205683871786,-1.641319887796765,-0.5593713949717205
A,3.47319648045695,1.7326519227205275,-1.6382595030490226,-0.5640819851552697
A,3.4763396446926573,1.7312729144248398,-1.6351759467583284,-0.5687754630467834
A,3.479482808928365,1.729883611710965,-1.6320693714487797,-0.5734517214595818
A,3.482625973164073,1.7284840830971937,-1.628939930331931,-0.578110654538169
A,3.4857691373997803,1.7270743974016456,-1.6257877772897766,-0.5827521577612781
A,3.488912301635488,1.7256546237346655,-1.6226130668577448,-0.5873761279447216
A,3.4920554658711955,1.7242248314912245,-1.6194159542077085,-0.5919824632440382
A,3.4951986301069033,1.7227850903433242,-1.616196595131,-0.5965710631569536
A,3.498341794342611,1.7213354702324164,-1.6129551460214588,-0.6011418285256384
A,3.5014849585783185,1.7198760413618217,-1.6096917638584838,-0.6056946615387769
A,3.5046281228140264,1.718406874189169,-1.606406606190121,-0.6102294657334466
A,3.507771287049734,1.7169280394188395,-1.6030998311161742,-0.614746145996796
A,3.5109144512854416,1.7154396079944292,-1.5997715972713458,-0.6192446085675418
A,3.5140576155211494,1.7139416510912215,-1.5964220638084086,-0.6237247610372734
A,3.5172007797568567,1.7124342401086816,-1.5930513903814196,-0.6281865123515658
A,3.5203439439925646,1.7109174466629609,-1.5896597371289618,-0.6326297728109113
A,3.5234871082282724,1.7093913425794274,-1.5862472646574406,-0.6370544540714593
A,3.5266302724639798,1.707855999885209,-1.5828141340244108,-0.641460469145575
A,3.5297734366996876,1.7063114908017643,-1.5793605067219627,-0.6458477324022165
A,3.532916600935395,1.7047578877374705,-1.5758865446601495,-0.650216159567122
A,3.5360597651711028,1.7031952632802363,-1.5723924101504698,-0.6545656677228266
A,3.5392029294068106,1.7016236901901414,-1.5688782658894087,-0.6588961753084899
A,3.542346093642518,1.7000432413921003,-1.5653442749420312,-0.6632076021195518
A,3.5454892578782258,1.6984539899685513,-1.5617906007256372,-0.667499869307212
A,3.548632422113933,1.696856009152177,-1.5582174069934833,-0.6717728993777272
A,3.551775586349641,1.6952493723186504,-1.554624857818563,-0.6760266161915451
A,3.554918750585349,1.6936341529794163,-1.5510131175774635,-0.6802609449622565
A,3.558061914821056,1.6920104247744991,-1.547382350934285,-0.684475812255383
A,3.561205079056764,1.6903782614653449,-1.5437327228246347,-0.6886711459869955
A,3.564348243292472,1.6887377369276972,-1.5400643984396987,-0.6928468754221597
A,3.567491407528179,1.6870889251445107,-1.5363775432103906,-0.6970029311732228
A,3.570634571763887,1.6854319001988918,-1.5326723227915742,-0.7011392451979337
A,3.5737777359995944,1.6837667362670863,-1.5289489030463759,-0.7052557507973964
A,3.576920900235302,1.6820935076114956,-1.5252074500305748,-0.7093523826138716
A,3.58006406447101,1.6804122885737387,-1.5214481299770837,-0.7134290766284094
A,3.5832072287067174,1.6787231535677491,-1.5176711092805164,-0.7174857701583323
A,3.586350392942425,1.6770261770729125,-1.513876554481842,-0.7215224018545605
A,3.5894935571781326,1.675321433627248,-1.5100646322531388,-0.7255389116987802
A,3.5926367214138404,1.6736089978206288,-1.5062355093824342,-0.7295352410004664
A,3.595779885649548,1.6718889442880511,-1.5023893527586516,-0.73351133239375
A,3.5989230498852556,1.6701613477029382,-1.4985263293566427,-0.7374671298341381
A,3.6020662141209634,1.6684262827704979,-1.4946466062223298,-0.7414025785950931
A,3.605209378356671,1.6666838242211202,-1.4907503504579454,-0.7453176252644577
A,3.6083525425923786,1.6649340468038243,-1.486837729207378,-0.7492122177407458
A,3.6114957068280864,1.6631770252797509,-1.4829089096416193,-0.7530863052292909
A,3.614638871063794,1.6614128344157024,-1.4789640589443234,-0.7569398382382512
A,3.6177820352995016,1.6596415489777345,-1.4750033442974715,-0.7607727685744863
A,3.6209251995352094,1.657863243724792,-1.4710269328671468,-0.7645850493392893
A,3.624068363770917,1.6560779934024,-1.467034991789425,-0.7683766349239941
A,3.6272115280066246,1.654285872736402,-1.4630276881563715,-0.7721474810054505
A,3.630354692242332,1.652486956426752,-1.459005189002161,-0.7758975445413644
A,3.63349785647804,1.6506813191413556,-1.4549676612893068,-0.7796267837655213
A,3.6366410207137476,1.6488690355099684,-1.4509152718950147,-0.7833351581828748
A,3.639784184949455,1.6470501801181419,-1.4468481875976482,-0.7870226285645187
A,3.642927349185163,1.6452248275012267,-1.4427665750633187,-0.7906891569425384
A,3.6460705134208706,1.6433930521384312,-1.438670600832599,-0.7943347066047393
A,3.649213677656578,1.6415549284469328,-1.4345604313073554,-0.7979592420892618
A,3.652356841892286,1.639710530776043,-1.4304362327377034,-0.8015627291790826
A,3.655500006127993,1.637859933401434,-1.4262981712090956,-0.8051451348963983
A,3.658643170363701,1.6360032105194173,-1.4221464126295265,-0.8087064274969065
A,3.661786334599409,1.634140436241279,-1.4179811227168713,-0.8122465764639696
A,3.664929498835116,1.6322716845876764,-1.4138024669863507,-0.815765552502678
A,3.668072663070824,1.6303970294830878,-1.4096106107381237,-0.8192633275338103
A,3.6712158273065314,1.628516544750324,-1.4054057190450133,-0.8227398746876822
A,3.674358991542239,1.6266303041050965,-1.4011879567403616,-0.8261951682979086
A,3.677502155777947,1.6247383811506453,-1.3969574884060163,-0.8296291838950547
A,3.6806453200136544,1.6228408493724262,-1.3927144783604528,-0.8330418982001985
A,3.6837884842493622,1.6209377821328577,-1.3884590906470247,-0.8364332891184001
A,3.68693164848507,1.619029252666128,-1.3841914890223557,-0.8398033357320721
A,3.6900748127207774,1.617115334073062,-1.3799118369448589,-0.843152018294267
A,3.6932179769564852,1.6151960993160486,-1.3756202975633964,-0.8464793182218754
A,3.6963611411921926,1.613271621214031,-1.371317033706076,-0.8497852180887339
A,3.6995043054279004,1.6113419724375562,-1.3670022078691786,-0.8530697016186574
A,3.7026474696636082,1.6094072255038847,-1.36267598220623,-0.8563327536783808
A,3.7057906338993156,1.6074674527721664,-1.3583385185172077,-0.8595743602704274
A,3.7089337981350234,1.605522726438673,-1.3539899782378824,-0.8627945085258998
A,3.712076962370731,1.6035731185320963,-1.3496305224293057,-0.8659931866971886
A,3.7152201266064386,1.601618700908906,-1.3452603117674284,-0.8691703841506178
A,3.7183632908421465,1.5996595452487725,-1.340879506532867,-0.8723260913590085
A,3.721506455077854,1.597695723050051,-1.3364882666008022,-0.8754602998941804
A,3.7246496193135616,1.5957273056253254,-1.3320867514310206,-0.8785730024193841
A,3.7277927835492695,1.5937543640970206,-1.327675120058099,-0.8816641926816644
A,3.730935947784977,1.5917769693930741,-1.3232535310817262,-0.8847338655041654
A,3.7340791120206847,1.589795192242668,-1.3188221426571627,-0.8877820167783712
A,3.737222276256392,1.587809103172032,-1.3143811124858513,-0.8908086434562863
A,3.7403654404921,1.5858187725002995,-1.3099305978061544,-0.8938137435425613
A,3.7435086047278077,1.583824270335435,-1.3054707553842466,-0.8967973160865603
A,3.746651768963515,1.5818256665702186,-1.3010017415051363,-0.8997593611743749
A,3.749794933199223,1.5798230308782988,-1.2965237119638358,-0.902699879920791
A,3.7529380974349302,1.577816432710303,-1.292036822056671,-0.9056188744611966
A,3.756081261670638,1.5758059412900154,-1.2875412265727277,-0.9085163479434518
A,3.759224425906346,1.573791625610616,-1.2830370797854465,-0.911392304519705
A,3.7623675901420532,1.5717735544309819,-1.2785245354443515,-0.9142467493381684
A,3.765510754377761,1.5697517962720526,-1.274003746766921,-0.9170796885348529
A,3.7686539186134684,1.5677264194132587,-1.2694748664306033,-0.9198911292252573
A,3.7717970828491763,1.5656974918890114,-1.2649380465649658,-0.9226810794960246
A,3.774940247084884,1.5636650814852557,-1.2603934387439901,-0.9254495483965569
A,3.7780834113205914,1.561629255736086,-1.2558411939785024,-0.9281965459305974
A,3.7812265755562993,1.5595900819204243,-1.2512814627087447,-0.9309220830477811
A,3.784369739792007,1.5575476270587598,-1.246714394797088,-0.9336261716351487
A,3.7875129040277145,1.5555019579099518,-1.2421401395208793,-0.9363088245086362
A,3.7906560682634223,1.5534531409680927,-1.2375588455654292,-0.9389700554045347
A,3.7937992324991296,1.5514012424594352,-1.2329706610171407,-0.9416098789709221
A,3.7969423967348375,1.5493463283393778,-1.2283757333567682,-0.9442283107590734
A,3.8000855609705453,1.547288464289515,-1.223774209452822,-0.9468253672148453
A,3.8032287252062527,1.5452277157147465,-1.2191662355551036,-0.9494010656700418
A,3.8063718894419605,1.5431641477404467,-1.2145519572883778,-0.9519554243337602
A,3.809515053677668,1.5410978252096983,-1.209931519646185,-0.9544884622837172
A,3.8126582179133757,1.5390288126805816,-1.205305066984781,-0.9570001994575618
A,3.8158013821490835,1.5369571744235273,-1.2006727430172188,-0.9594906566441699
A,3.818944546384791,1.53488297441873,-1.1960346908075616,-0.9619598554749299
A,3.8220877106204987,1.5328062763536159,-1.191391052765224,-0.9644078184150151
A,3.8252308748562065,1.5307271436203767,-1.186741970639456,-0.9668345687546437
A,3.828374039091914,1.5286456393135581,-1.1820875855139514,-0.9692401306003344
A,3.8315172033276217,1.526561826227709,-1.177428037801589,-0.9716245288661554
A,3.834660367563329,1.5244757668550877,-1.172763467239307,-0.9739877892649612
A,3.837803531799037,1.5223875233834272,-1.1680940128831043,-0.9763299382996363
A,3.8409466960347447,1.5202971576937596,-1.1634198131031745,-0.9786510032543261
A,3.844089860270452,1.5182047313582956,-1.158741005579166,-0.9809510121856737
A,3.84723302450616,1.5161103056383607,-1.1540577272955679,-0.9832299939140547
A,3.8503761887418673,1.514013941482393,-1.1493701145372301,-0.9854879780148135
A,3.853519352977575,1.5119156995239906,-1.144678302885,-0.9877249948095036
A,3.856662517213283,1.5098156400800211,-1.1399824272114938,-0.9899410753571319
A,3.8598056814489903,1.5077138231487839,-1.1352826216769871,-0.9921362514454098
A,3.862948845684698,1.505610308408226,-1.1305790197254266,-0.9943105555820105
A,3.866092009920406,1.503505155214218,-1.1258717540805745,-0.9964640209858356
A,3.8692351741561133,1.5013984225988817,-1.1211609567422662,-0.9985966815782918
A,3.872378338391821,1.4992901692689675,-1.116446758982788,-1.0007085719745772
A,3.8755215026275285,1.4971804536042965,-1.1117292913433874,-1.0027997274749814
A,3.8786646668632363,1.4950693336562428,-1.107008683630884,-1.0048701840561993
A,3.881807831098944,1.4929568671462814,-1.1022850649144178,-1.0069199783626586
A,3.8849509953346515,1.490843111464578,-1.0975585635223024,-1.008949147697863
A,3.8880941595703593,1.4887281236686367,-1.0928293070389958,-1.0109577300157546
A,3.8912373238060667,1.4866119604820016,-1.0880974223021969,-1.0129457639120936
A,3.8943804880417745,1.484494678293,-1.0833630354000399,-1.0149132886158547
A,3.8975236522774823,1.4823763331535484,-1.07862627166842,-1.016860343980649
A,3.9006668165131897,1.4802569807780006,-1.0738872556884194,-1.0187869704761627
A,3.9038099807488975,1.4781366765420474,-1.0691461112838474,-1.0206932091796224
A,3.9069531449846053,1.4760154754816692,-1.064402961518897,-1.0225791017672812
A,3.9100963092203127,1.4738934322921335,-1.059657928695905,-1.02444469050593
A,3.9132394734560205,1.4717706013270422,-1.0549111343532191,-1.0262900182444374
A,3.916382637691728,1.4696470365974295,-1.0501626992631838,-1.0281151284053114
A,3.9195258019274357,1.4675227917709017,-1.0454127434302156,-1.029920064976293
A,3.9226689661631435,1.4653979201708323,-1.0406613860890015,-1.0317048725019762
A,3.925812130398851,1.463272474775596,-1.03590874570279,-1.0334695960754579
A,3.9289552946345587,1.4611465082178543,-1.0311549399617876,-1.0352142813300202
A,3.932098458870266,1.4590200727838827,-1.0264000857816629,-1.0369389744308395
A,3.935241623105974,1.4568932204129472,-1.0216442993021446,-1.0386437220667337
A,3.9383847873416817,1.4547660026967233,-1.0168876958857263,-1.040328571441937
A,3.941527951577389,1.4526384708787603,-1.012130390116467,-1.0419935702679126
A,3.944671115813097,1.4505106758539863,-1.0073724957988865,-1.0436387667551978
A,3.9478142800488047,1.4483826681682628,-1.002614125956967,-1.0452642096052862
A,3.950957444284512,1.4462544980179768,-0.9978553928332412,-1.0468699480025434
A,3.95410060852022,1.4441262152496754,-0.993096407887978,-1.0484560316061646
A,3.9572437727559273,1.4419978693597477,-0.9883372817984674,-1.050022510542164
A,3.960386936991635,1.4398695094941405,-0.9835781244583871,-1.0515694353954086
A,3.963530101227343,1.4377411844481207,-0.9788190449772717,-1.0530968572016854
A,3.9666732654630503,1.4356129426660764,-0.9740601516800657,-1.0546048274398134
A,3.969816429698758,1.4334848322413563,-0.969301552106765,-1.0560933980237948
A,3.9729595939344655,1.4313569009161506,-0.9645433530121539,-1.0575626212950033
A,3.9761027581701733,1.4292291960814092,-0.9597856603656175,-1.0590125500144212
A,3.979245922405881,1.4271017647768016,-0.9550285793510537,-1.0604432373549137
A,3.9823890866415885,1.4249746536907095,-0.9502722143668585,-1.0618547368935474
A,3.9855322508772963,1.4228479091602604,-0.9455166690259986,-1.0632471026039547
A,3.9886754151130037,1.4207215771713995,-0.9407620461561733,-1.0646203888487384
A,3.9918185793487115,1.4185957033589924,-0.9360084478000441,-1.0659746503719245
A,3.9949617435844194,1.41647033300697,-0.9312559752155591,-1.0673099422914576
A,3.9981049078201267,1.4143455110485053,-0.9265047288763482,-1.0686263200917439
A,4.0012480720558345,1.412221282066226,-0.9217548084721966,-1.0699238396162407
A,4.004391236291542,1.410097690292462,-0.9170063129096009,-1.07120255706009
A,4.00753440052725,1.4079747796095248,-0.9122593403123924,-1.0724625289628018
A,4.010677564762958,1.4058525935500248,-0.9075139880224483,-1.0737038122009825
A,4.013820728998665,1.4037311752972166,-0.90277035260046,-1.0749264639811162
A,4.016963893234373,1.4016105676853785,-0.8980285298267867,-1.076130541832388
A,4.020107057470081,1.3994908132002284,-0.8932886147023812,-1.0773161035995598
A,4.023250221705788,1.3973719539793628,-0.8885507014497736,-1.078483207435896
A,4.026393385941495,1.3952540318127333,-0.8838148835141365,-1.0796319117961368
A,4.029536550177204,1.393137088143152,-0.8790812535644145,-1.0807622754295219
A,4.032679714412911,1.391021164066827,-0.8743499034945234,-1.0818743573728644
A,4.035822878648618,1.3889063003339257,-0.869620924424607,-1.082968216943676
A,4.038966042884327,1.386792537349169,-0.8648944067023683,-1.0840439137333433
A,4.042109207120034,1.3846799151724567,-0.8601704399044662,-1.0851015076003532
A,4.045252371355741,1.3825684735195136,-0.855449112837961,-1.0861410586635711
A,4.04839553559145,1.3804582517625705,-0.8507305135418369,-1.087162627295574
A,4.051538699827157,1.3783492889310704,-0.8460147292885822,-1.088166274116026
A,4.054681864062864,1.3762416237123982,-0.8413018465858196,-1.089152059985119
A,4.057825028298573,1.3741352944526415,-0.8365919511780067,-1.0901200459970561
A,4.06096819253428,1.3720303391573747,-0.8318851280481919,-1.0910702934735892
A,4.064111356769987,1.3699267954924672,-0.8271814614198199,-1.0920028639576138
A,4.067254521005695,1.3678247007849194,-0.8224810347586001,-1.0929178192068132
A,4.070397685241403,1.3657240920237201,-0.817783930774427,-1.0938152211873549
A,4.07354084947711,1.3636250058607329,-0.8130902314233586,-1.0946951320676426
A,4.076684013712818,1.3615274786115985,-0.8084000179096357,-1.0955576142121224
A,4.079827177948526,1.3594315462566655,-0.8037133706877643,-1.09640273017514
A,4.082970342184233,1.3573372444419451,-0.7990303694646484,-1.0972305426948523
A,4.086113506419941,1.3552446084800818,-0.7943510932017614,-1.0980411146871947
A,4.089256670655649,1.3531536733513507,-0.7896756201173764,-1.0988345092398997
A,4.092399834891356,1.3510644737046769,-0.7850040276888451,-1.099610789606571
A,4.095542999127064,1.34897704385867,-0.7803363926549116,-1.100370019200812
A,4.098686163362771,1.3468914178026852,-0.7756727910180848,-1.1011122615904074
A,4.101829327598479,1.3448076291979008,-0.7710132980470474,-1.1018375804915592
A,4.104972491834187,1.3427257113784183,-0.7663579882791165,-1.102546039763177
A,4.108115656069894,1.3406456973523764,-0.7617069355227339,-1.103237703401223
A,4.111258820305602,1.3385676198030896,-0.757060212860012,-1.1039126355331124
A,4.11440198454131,1.3364915110902018,-0.7524178926493157,-1.104570900412162
A,4.117545148777017,1.3344174032508584,-0.7477800465278787,-1.1052125624121034
A,4.120688313012725,1.3323453280008954,-0.7431467454144663,-1.1058376860216421
A,4.123831477248433,1.3302753167360482,-0.7385180595120779,-1.106446335839072
A,4.12697464148414,1.3282074005331725,-0.7338940583106747,-1.1070385765669484
A,4.130117805719848,1.3261416101514851,-0.7292748105899564,-1.1076144730068116
A,4.133260969955556,1.3240779760338213,-0.7246603844221721,-1.1081740900539638
A,4.136404134191263,1.3220165283079022,-0.7200508471749547,-1.1087174926923036
A,4.139547298426971,1.3199572967876245,-0.7154462655142033,-1.1092447459892127
A,4.142690462662679,1.3179003109743581,-0.7108467054069874,-1.1097559150904948
A,4.145833626898386,1.3158456000582661,-0.706252232124495,-1.1102510652153714
A,4.148976791134094,1.313793192919629,-0.701662910244996,-1.1107302616515298
A,4.152119955369802,1.3117431181301886,-0.697078803656849,-1.111193569750224
A,4.155263119605509,1.309695403954508,-0.6924999755615369,-1.1116410549214313
A,4.158406283841217,1.307650078351334,-0.6879264884767196,-1.1120727826290597
A,4.161549448076925,1.305607168974983,-0.6833584042393271,-1.112488818386212
A,4.164692612312632,1.3035667031767342,-0.6787957840086792,-1.1128892277504991
A,4.16783577654834,1.3015287080062319,-0.6742386882696196,-1.1132740763194093
A,4.170978940784048,1.2994932102129033,-0.6696871768356862,-1.1136434297257292
A,4.174122105019755,1.297460236247389,-0.665141308852309,-1.1139973536330183
A,4.177265269255463,1.2954298122629768,-0.6606011428000174,-1.1143359137311346
A,4.18040843349117,1.293401964117053,-0.656066736497685,-1.1146591757318143
A,4.183551597726878,1.2913767173725603,-0.6515381471057891,-1.1149672053643034
A,4.186694761962586,1.2893540972994681,-0.6470154311296993,-1.1152600683710394
A,4.189837926198293,1.287334128876247,-0.6424986444229734,-1.1155378305033887
A,4.192981090434001,1.2853168367913568,-0.6379878421906872,-1.1158005575174312
A,4.196124254669709,1.2833022454447458,-0.6334830789927819,-1.1160483151698009
A,4.199267418905416,1.2812903789493486,-0.6289844087474192,-1.1162811692135746
A,4.202410583141124,1.2792812611326012,-0.6244918847343663,-1.1164991853942114
A,4.205553747376832,1.2772749155379635,-0.620005559598399,-1.1167024294455474
A,4.208696911612539,1.275271365426441,-0.6155254853527075,-1.1168909670858356
A,4.211840075848247,1.2732706337781228,-0.611051713382333,-1.1170648640138394
A,4.214983240083955,1.271272743293724,-0.6065842944476172,-1.1172241859049763
A,4.218126404319662,1.26927771639613,-0.602123278687656,-1.1173689984075097
A,4.221269568555369,1.2672855752319525,-0.59766871562378,-1.1174993671387925
A,4.224412732791078,1.2652963416730902,-0.5932206541630403,-1.1176153576815595
A,4.227555897026785,1.2633100373182955,-0.5887791426017153,-1.117717035580268
A,4.230699061262492,1.2613266834947423,-0.5843442286288164,-1.1178044663374893
A,4.233842225498201,1.2593463012596056,-0.5799159593296173,-1.117877715410348
A,4.236985389733908,1.257368911401642,-0.5754943811891922,-1.117936848207008
A,4.240128553969615,1.2553945344427753,-0.571079540095957,-1.1179819300832115
A,4.243271718205324,1.253423190639686,-0.5666714813452264,-1.1180130263388603
A,4.246414882441031,1.2514548999854087,-0.5622702496427846,-1.1180302022146495
A,4.249558046676738,1.249489682210926,-0.5578758891084504,-1.1180335228887444
A,4.252701210912447,1.2475275567867725,-0.5534884432796626,-1.1180230534735094
A,4.255844375148154,1.2455685429246413,-0.5491079551150728,-1.1179988590122787
A,4.258987539383861,1.2436126595789887,-0.544734466998134,-1.1179610044761779
A,4.262130703619569,1.2416599254486473,-0.540368020740707,-1.1179095547609885
A,4.265273867855277,1.2397103589784388,-0.5360086575866664,-1.117844574684061
A,4.268417032090984,1.2377639783607912,-0.5316564182155183,-1.1177661289812726
A,4.271560196326692,1.2358208015373542,-0.5273113427460111,-1.1176742823040295
A,4.2747033605624,1.23388084620062,-0.5229734707397602,-1.1175690992163159
A,4.2778465247981075,1.2319441297955478,-0.5186428412048792,-1.117450644191787
A,4.280989689033815,1.2300106695211808,-0.5143194925995993,-1.1173189816109068
A,4.284132853269523,1.2280804823322748,-0.5100034628359064,-1.11717417575813
A,4.2872760175052305,1.2261535849409233,-0.5056947892831773,-1.1170162908191272
A,4.290419181740938,1.2242299938181807,-0.5013935087718095,-1.1168453908780553
A,4.293562345976646,1.2223097251956896,-0.4970996575968597,-1.1166615399148692
A,4.2967055102123535,1.2203927950673106,-0.4928132715216869,-1.1164648018026788
A,4.299848674448061,1.218479219190745,-0.4885343857815825,-1.1162552403051462
A,4.302991838683768,1.2165690130891642,-0.4842630350874131,-1.1160329190739267
A,4.3061350029194765,1.2146621920528358,-0.47999925362925583,-1.1157979016461528
A,4.309278167155184,1.2127587711407508,-0.47574307508003955,-1.1155502514419564
A,4.312421331390891,1.2108587651822484,-0.4714945325991733,-1.1152900317620376
A,4.3155644956265995,1.20896218877864,-0.46725365883618253,-1.115017305785269
A,4.318707659862307,1.2070690563048359,-0.46302048593434464,-1.1147321365663458
A,4.321850824098014,1.205179381910966,-0.45879504553431066,-1.114434587033473
A,4.3249939883337225,1.2032931795240007,-0.4545773687777339,-1.1141247199860933
A,4.32813715256943,1.201410462849374,-0.4503674863108963,-1.1138025980926565
A,4.331280316805137,1.1995312453725981,-0.4461654282883199,-1.113468283888426
A,4.3344234810408455,1.1976555403608817,-0.4419712243763851,-1.1131218397733262
A,4.337566645276553,1.195783360864746,-0.43778490375694384,-1.112763328009829
A,4.34070980951226,1.193914719719633,-0.43360649513091826,-1.1123928107208758
A,4.343852973747968,1.1920496295475191,-0.42943602672190523,-1.112010349887842
A,4.346996137983676,1.190188102758521,-0.4252735262797685,-1.1116160073485353
A,4.350139302219383,1.188330151552502,-0.42111902108423227,-1.111209844795235
A,4.353282466455091,1.186475787920672,-0.4169725379484566,-1.110791923772766
A,4.356425630690799,1.1846250236471871,-0.4128341032226167,-1.1103623056766094
A,4.359568794926506,1.1827778703107494,-0.4087037427974762,-1.1099210517510543
A,4.362711959162214,1.1809343392861942,-0.40458148210794104,-1.109468223087377
A,4.365855123397922,1.1790944417460836,-0.40046734613661905,-1.1090038806220661
A,4.368998287633629,1.1772581886622926,-0.39636135941736894,-1.1085280851350756
A,4.372141451869337,1.1754255908075897,-0.39226354603883296,-1.1080408972481166
A,4.375284616105045,1.1735966587572164,-0.3881739296479703,-1.1075423774229838
A,4.378427780340752,1.1717714028904647,-0.3840925334535829,-1.1070325859599146
A,4.38157094457646,1.169949833392244,-0.38001938022982124,-1.1065115829959857
A,4.384714108812167,1.1681319602546512,-0.3759544923196928,-1.1059794285035396
A,4.387857273047875,1.1663177932785316,-0.3718978916385542,-1.1054361822886483
A,4.391000437283583,1.16450734207504,-0.3678495996776009,-1.1048819039896087
A,4.39414360151929,1.1627006160671916,-0.3638096375073347,-1.1043166530754702
A,4.397286765754998,1.160897624491412,-0.3597780257810323,-1.1037404888445952
A,4.400429929990706,1.1590983763990854,-0.35575478473820293,-1.1031534704232548
A,4.403573094226413,1.1573028806580894,-0.35173993420802496,-1.1025556567642498
A,4.406716258462121,1.1555111459543341,-0.3477334936127827,-1.1019471066455717
A,4.409859422697829,1.153723180793292,-0.34373548197129106,-1.1013278786690888
A,4.413002586933536,1.1519389935015207,-0.33974591790229947,-1.1006980312592645
A,4.416145751169244,1.1501585922281854,-0.3357648196278944,-1.1000576226619079
A,4.419288915404952,1.148381984946574,-0.33179220497688977,-1.0994067109429553
A,4.422432079640659,1.1466091794556037,-0.3278280913881955,-1.0987453539872765
A,4.4255752438763665,1.1448401833813284,-0.3238724959141859,-1.0980736094975188
A,4.428718408112075,1.143075004178435,-0.3199254352240475,-1.0973915349929728
A,4.431861572347782,1.141313649131739,-0.31598692560712266,-1.0966991878084733
A,4.4350047365834895,1.1395561253576683,-0.3120569829762286,-1.0959966250933237
A,4.438147900819198,1.1378024398057471,-0.30813562287097357,-1.095283903810253
A,4.441291065054905,1.1360525992600727,-0.30422286046106034,-1.0945610807344
A,4.4444342292906125,1.1343066103407828,-0.3003187105495666,-1.093828212452322
A,4.447577393526321,1.1325644795055205,-0.2964231875762214,-1.0930853553610362
A,4.450720557762028,1.1308262130508937,-0.29253630562066857,-1.0923325656670848
A,4.4538637219977355,1.129091817113925,-0.28865807840570684,-1.091569899385628
A,4.457006886233444,1.127361297673497,-0.28478851930052534,-1.0907974123395625
A,4.460150050469151,1.1256346605517957,-0.2809276413239262,-1.0900151601586705
A,4.4632932147048585,1.1239119114157377,-0.27707545714752185,-1.0892231982787866
A,4.466436378940566,1.1221930557784021,-0.27323197909893043,-1.0884215819410004
A,4.469579543176274,1.1204780990004473,-0.26939721916494946,-1.0876103661908745
A,4.4727227074119815,1.1187670462915285,-0.265571188994722,-1.0867896058776974
A,4.475865871647689,1.1170599027117019,-0.26175389990287723,-1.0859593556537515
A,4.479009035883397,1.1153566731728264,-0.2579453628726662,-1.0851196699736134
A,4.4821522001191045,1.1136573624399602,-0.2541455885590824,-1.0842706030934743
A,4.485295364354812,1.111961975132745,-0.25035458729195886,-1.083412209070485
A,4.48843852859052,1.1102705157267883,-0.24657236907905788,-1.0825445417621251
A,4.4915816928262275,1.1085829885550385,-0.24279894360914792,-1.081667654825595
A,4.494724857061935,1.1068993978091513,-0.23903432025505425,-1.0807816017172323
A,4.497868021297643,1.1052197475408487,-0.2352785080767041,-1.079886435691947
A,4.501011185533351,1.1035440416632767,-0.23153151582415707,-1.0789822098026862
A,4.504154349769058,1.1018722839523474,-0.22779335194060954,-1.0780689768999125
A,4.507297514004765,1.100204478048081,-0.22406402456539493,-1.0771467896311109
A,4.510440678240474,1.098540627455939,-0.22034354153696176,-1.0762157004403148
A,4.513583842476181,1.0968807355481494,-0.21663191039584212,-1.0752757615676534
A,4.516727006711888,1.095224805565024,-0.2129291383875939,-1.0743270250489194
A,4.519870170947597,1.093572840616272,-0.20923523246573714,-1.0733695427151597
A,4.523013335183304,1.091924843682304,-0.2055501992946737,-1.0724033661922847
A,4.526156499419011,1.0902808176155285,-0.201874045252582,-1.0714285469006992
A,4.52929966365472,1.0886407651416419,-0.1982067764343052,-1.0704451360549503
A,4.532442827890427,1.0870046888609144,-0.1945483986542231,-1.0694531846634012
A,4.535585992126134,1.085372591249461,-0.19089891744909848,-1.0684527435279165
A,4.538729156361842,1.083744474660514,-0.18725833808091796,-1.067443863243574
A,4.54187232059755,1.0821203413256821,-0.18362666553971033,-1.0664265941983904
A,4.545015484833257,1.0805001933562064,-0.18000390454635432,-1.0654009865730678
A,4.548158649068965,1.0788840327442046,-0.17639005955536075,-1.0643670903407594
A,4.551301813304673,1.0772718613639118,-0.17278513475764665,-1.0633249552668504
A,4.55444497754038,1.0756636809729143,-0.16918913408329353,-1.0622746309087612
A,4.557588141776088,1.07405949321337,-0.16560206120427975,-1.0612161666157631
A,4.560731306011796,1.0724592996132298,-0.16202391953720616,-1.0601496115288165
A,4.563874470247503,1.070863101587447,-0.1584547122460046,-1.0590750145804229
A,4.567017634483211,1.0692709004391776,-0.1548944422446212,-1.0579924244944938
A,4.570160798718919,1.0676826973609779,-0.1513431121996923,-1.0569018897862397
A,4.573303962954626,1.066098493435993,-0.14780072453320378,-1.0558034587620717
A,4.576447127190334,1.0645182896391343,-0.14426728142512468,-1.0546971795195206
A,4.579590291426041,1.0629420868382558,-0.14074278481603458,-1.0535830999471723
A,4.582733455661749,1.0613698857953173,-0.13722723640972825,-1.0524612677246197
A,4.585876619897457,1.059801687167546,-0.13372063767580977,-1.0513317303224285
A,4.589019784133164,1.0582374915085837,-0.13022298985226008,-1.0501945350021193
A,4.592162948368872,1.0566772992696323,-0.12673429394799712,-1.0490497288161638
A,4.59530611260458,1.055121110800591,-0.12325455074541913,-1.0478973586079974
A,4.598449276840287,1.053568926351182,-0.1197837608029226,-1.0467374710120445
A,4.601592441075995,1.0520207460720739,-0.11632192445741263,-1.0455701124537593
A,4.604735605311703,1.050476570015997,-0.1128690418267967,-1.044395329149683
A,4.60787876954741,1.0489363981388455,-0.10942511281245283,-1.0432131671075076
A,4.611021933783118,1.0474002303007806,-0.10599013710169049,-1.0420236721261629
A,4.614165098018826,1.0458680662673208,-0.10256411417019441,-1.0408268897959105
A,4.617308262254533,1.0443399057104261,-0.09914704328444375,-1.039622865498453
A,4.6204514264902405,1.0428157482095746,-0.09573892350412379,-1.0384116444070561
A,4.623594590725949,1.041295593252833,-0.09233975368451604,-1.037193271486685
A,4.626737754961656,1.039779440237919,-0.08894953247887717,-1.0359677914941514
A,4.6298809191973636,1.038267288473255,-0.08556825834079203,-1.0347352489782728
A,4.633024083433072,1.0367591371790157,-0.0821959295265191,-1.0334956882800472
A,4.636167247668779,1.0352549854881712,-0.07883254409731925,-1.0322491535328366
A,4.639310411904487,1.0337548324475152,-0.07547809992175969,-1.0309956886625624
A,4.642453576140195,1.0322586770186941,-0.07213259467801024,-1.0297353373879146
A,4.645596740375902,1.030766518079225,-0.0687960258561231,-1.028468143220573
A,4.64873990461161,1.0292783544235047,-0.06546839076028803,-1.0271941494654337
A,4.651883068847318,1.0277941847638152,-0.06214968651107968,-1.0259133992208553
A,4.655026233083025,1.0263140077313209,-0.0588399100476887,-1.0246259353789098
A,4.658169397318733,1.0248378218770557,-0.05553905813012832,-1.0233318006256455
A,4.66131256155444,1.023365625672907,-0.05224712734143408,-1.0220310374413628
A,4.664455725790148,1.0218974175125883,-0.048964114089841915,-1.0207236881008954
A,4.667598890025856,1.0204331957126112,-0.04569001461095578,-1.0194097946739098
A,4.670742054261563,1.0189729585132408,-0.042424824969889904,-1.018089399025204
A,4.673885218497271,1.0175167040794524,-0.03916854106340356,-1.0167625428150253
A,4.677028382732979,1.0160644305018778,-0.03592115862201973,-1.0154292674993946
A,4.680171546968686,1.0146161357977421,-0.03268267321211971,-1.0140896143304359
A,4.683314711204394,1.0131718179117981,-0.02945308023803021,-1.0127436243567223
A,4.686457875440102,1.0117314747172514,-0.026232374944094486,-1.0113913384236275
A,4.689601039675809,1.0102951040166765,-0.02302055241671966,-1.010032797173684
A,4.692744203911517,1.0088627035429285,-0.019817607586416527,-1.008668041046953
A,4.695887368147225,1.0074342709600497,-0.016623535229823707,-1.0072971102814052
A,4.699030532382932,1.0060098038641623,-0.01343832997170803,-1.0059200449133032
A,4.702173696618639,1.004589299784362,-0.010261986286958494,-1.004536884777598
A,4.705316860854348,1.0031727561835986,-0.0070944985025592966,-1.0031476695083306
A,4.708460025090055,1.0017601704595553,-0.0039358607995528235,-1.0017524385390453
A,4.711603189325762,1.000351539945515,-0.0007860672149783357,-1.0003512311032046
A,4.714746353561471,0.9989468619112243,0.0023548883561966,-0.9989440862346162
A,4.717889517797178,0.9975461335637501,0.005487012159159976,-0.9975310427678692
A,4.721032682032885,0.9961493520483266,0.008610310577362373,-0.9961121393387705
A,4.724175846268594,0.9947565144491981,0.011724790130631137,-0.9946874143847957
A,4.727319010504301,0.9933676177904565,0.01483045747329965,-0.9932569061455445
A,4.730462174740008,0.9919826590368667,0.01792731939235957,-0.9918206526632004
A,4.733605338975717,0.9906016350946907,0.021015382805620042,-0.9903786917830008
A,4.736748503211424,0.989224542812503,0.024094654759881873,-0.9889310611537125
A,4.739891667447131,0.9878513789819985,0.027165142429134374,-0.9874777982281124
A,4.743034831682839,0.9864821403387943,0.030226853112758207,-0.9860189402634761
A,4.746177995918547,0.9851168235632267,0.03327979423374824,-0.9845545243220717
A,4.749321160154254,0.9837554252811399,0.0363239733369457,-0.9830845872716617
A,4.752464324389962,0.9823979420646671,0.03935939808729376,-0.9816091657860062
A,4.75560748862567,0.9810443704330077,0.042386076268099544,-0.9801282963453771
A,4.758750652861377,0.9796947068531975,0.045404015779310886,-0.9786420152370756
A,4.761893817097085,0.9783489477408699,0.04841322463581499,-0.977150358555954
A,4.765036981332793,0.977007089461014,0.05141371096574374,-0.9756533622049446
A,4.7681801455685004,0.9756691283287257,0.05440548300879327,-0.974151061895595
A,4.771323309804208,0.9743350606099493,0.057388549114565264,-0.9726434931486042
A,4.774466474039916,0.9730048825222173,0.060362917740914825,-0.9711306912943682
A,4.7776096382756235,0.971678590235382,0.06332859745231231,-0.9696126914735297
A,4.780752802511331,0.9703561798723389,0.06628559691822675,-0.9680895286375292
A,4.783895966747038,0.9690376475097475,0.06923392491151459,-0.9665612375491646
A,4.7870391309827465,0.9677229891787428,0.0721735903068275,-0.9650278527831532
A,4.790182295218454,0.9664122008656438,0.07510460207902876,-0.9634894087267012
A,4.793325459454161,0.9651052785126525,0.07802696930163175,-0.9619459395800716
A,4.7964686236898695,0.9638022180185478,0.08094070114524429,-0.960397479357161
A,4.799611787925577,0.9625030152393769,0.08384580687602698,-0.9588440618860817
A,4.802754952161284,0.9612076659891345,0.08674229585417192,-0.9572857208097417
A,4.8058981163969925,0.9599161660404414,0.08963017753238782,-0.9557224895864348
A,4.8090412806327,0.958628511125214,0.09250946145439796,-0.9541544014904305
A,4.812184444868407,0.9573446969353291,0.09538015725345927,-0.9525814896125697
A,4.8153276091041155,0.9560647191232826,0.09824227465088681,-0.9510037868608625
A,4.818470773339823,0.9547885733028431,0.10109582345459144,-0.9494213259610912
A,4.82161393757553,0.953516255049698,0.103940813557638,-0.9478341394574142
A,4.824757101811238,0.9522477599020945,0.10677725493680797,-0.9462422597129749
A,4.827900266046946,0.950983083361476,0.10960515765118013,-0.944645718910513
A,4.831043430282653,0.9497222208931124,0.11242453184071907,-0.9430445490529814
A,4.834186594518361,0.9484651679267228,0.11523538772488445,-0.9414387819641604
A,4.837329758754069,0.9472119198570936,0.11803773560124553,-0.9398284492892794
A,4.840472922989776,0.9459624720446944,0.12083158584410857,-0.9382135824956421
A,4.843616087225484,0.9447168198162815,0.12361694890316362,-0.9365942128732492
A,4.846759251461192,0.9434749584655019,0.12639383530213671,-0.9349703715354283
A,4.849902415696899,0.9422368832534893,0.12916225563745418,-0.9333420894194661
A,4.853045579932607,0.9410025894094541,0.1319222205769267,-0.9317093972872391
A,4.856188744168315,0.9397720721312683,0.13467374085843795,-0.9300723257258503
A,4.859331908404022,0.9385453265860481,0.1374168272886459,-0.928430905148269
A,4.86247507263973,0.9373223479107241,0.1401514907417027,-0.9267851657939671
A,4.865618236875437,0.9361031312126143,0.14287774215797902,-0.9251351377295639
A,4.868761401111145,0.9348876715699854,0.1455955925428047,-0.9234808508494686
A,4.871904565346853,0.9336759640326137,0.148305052965217,-0.9218223348765284
A,4.87504772958256,0.9324680036223354,0.1510061345567275,-0.9201596193626729
A,4.878190893818268,0.9312637853335973,0.1536988485100946,-0.9184927336895656
A,4.881334058053976,0.930063304133999,0.1563832060781069,-0.9168217070692555
A,4.884477222289683,0.9288665549648298,0.1590592185723855,-0.9151465685448279
A,4.887620386525391,0.9276735327416021,0.16172689736219034,-0.9134673469910591
A,4.890763550761099,0.9264842323545802,0.1643862538732384,-0.9117840711150743
A,4.893906714996806,0.9252986486693001,0.16703729958653943,-0.9100967694570009
A,4.897049879232514,0.924116776527089,0.1696800460372366,-0.9084054703906286
A,4.900193043468222,0.9229386107455786,0.17231450481345806,-0.9067102021240697
A,4.903336207703929,0.9217641461192106,0.17494068755518602,-0.9050109927004181
A,4.9064793719396365,0.9205933774197407,0.17755860595312978,-0.9033078699984111
A,4.909622536175345,0.919426299396736,0.18016827174761385,-0.9016008617330922
A,4.912765700411052,0.9182629067780701,0.1827696967274726,-0.8998899954564771
A,4.9159088646467595,0.9171031942704075,0.1853628927289626,-0.8981752985582135
A,4.919052028882468,0.9159471565596904,0.18794787163467974,-0.8964567982662499
A,4.922195193118175,0.9147947883116161,0.19052464537248617,-0.8947345216475013
A,4.9253383573538825,0.913646084172111,0.193093225914455,-0.893008495608514
A,4.928481521589591,0.9125010387677999,0.19565362527581823,-0.8912787468961344
A,4.931624685825298,0.9113596467064721,0.19820585551392575,-0.8895453020981778
A,4.9347678500610055,0.9102219025775395,0.20074992872722056,-0.8878081876440945
A,4.937911014296713,0.909087800952493,0.20328585705421712,-0.8860674298056396
A,4.941054178532421,0.9079573363853541,0.20581365267249466,-0.8843230546975426
A,4.9441973427681285,0.9068305034131213,0.20833332779769537,-0.8825750882781777
A,4.947340507003836,0.9057072965562112,0.21084489468254047,-0.8808235563502314
A,4.950483671239544,0.9045877103188963,0.21334836561584952,-0.8790684845613732
A,4.9536268354752515,0.9034717391897403,0.21584375292156963,-0.8773098984049288
A,4.956769999710959,0.9023593776420238,0.21833106895782056,-0.8755478232205457
A,4.959913163946667,0.9012506201341705,0.22081032611594376,-0.8737822841948659
A,4.9630563281823745,0.9001454611101681,0.22328153681956037,-0.872013306362198
A,4.966199492418082,0.8990438949999825,0.2257447135236455,-0.8702409146051837
A,4.96934265665379,0.8979459162199701,0.22819986871360562,-0.8684651336554707
A,4.9724858208894975,0.8968515191732864,0.23064701490436526,-0.8666859880943831
A,4.975628985125205,0.8957606982502876,0.23308616463946968,-0.864903502353589
A,4.978772149360912,0.8946734478289305,0.23551733049018922,-0.863117700715772
A,4.9819153135966205,0.8935897622751676,0.23794052505463764,-0.8613286073152998
A,4.985058477832328,0.8925096359433385,0.24035576095689504,-0.8595362461388947
A,4.988201642068035,0.8914330631765555,0.24276305084614702,-0.8577406410262999
A,4.9913448063037436,0.890360038307087,0.2451624073958264,-0.8559418156709486
A,4.994487970539451,0.8892905556567376,0.24755384330276395,-0.8541397936206343
A,4.997631134775158,0.8882246095372215,0.2499373712863543,-0.8523345982781743
A,5.000774299010867,0.8871621942505333,0.25231300408772417,-0.8505262529020778
A,5.003917463246574,0.886103304089317,0.25468075446890936,-0.8487147806072143
A,5.007060627482281,0.8850479333372274,0.2570406352120471,-0.8469002043654758
A,5.01020379171799,0.8839960762692894,0.2593926591185697,-0.8450825470064429
A,5.013346955953697,0.8829477271522561,0.26173683900840794,-0.8432618312180515
A,5.016490120189404,0.8819028802449574,0.26407318771920835,-0.8414380795472519
A,5.019633284425112,0.88086152979865,0.2664017181055518,-0.8396113144006744
A,5.02277644866082,0.8798236700573605,0.2687224430381851,-0.8377815580452894
A,5.025919612896527,0.8787892952582287,0.27103537540325684,-0.8359488326090717
A,5.029062777132235,0.8777583996318409,0.2733405281015672,-0.8341131600816564
A,5.032205941367943,0.8767309774025658,0.27563791404782073,-0.8322745623149997
A,5.03534910560365,0.8757070227888842,0.2779275461698871,-0.8304330610240398
A,5.038492269839358,0.8746865300037144,0.28020943740807497,-0.82858867778735
A,5.041635434075066,0.8736694932547348,0.2824836007144091,-0.8267414340477967
A,5.044778598310773,0.8726559067447042,0.2847500490519141,-0.8248913511131962
A,5.047921762546481,0.8716457646717767,0.28700879539391266,-0.8230384501569665
A,5.051064926782189,0.8706390612298135,0.28925985272332516,-0.8211827522187806
A,5.054208091017896,0.8696357906086938,0.29150323403197737,-0.8193242782052209
A,5.057351255253604,0.8686359469946175,0.2937389523199206,-0.8174630488904263
A,5.060494419489311,0.8676395245704096,0.29596702059475455,-0.8155990849167442
A,5.063637583725019,0.8666465175158176,0.29818745187095985,-0.8137324067953778
A,5.066780747960727,0.8656569200078074,0.3004002591692348,-0.811863034907034
A,5.069923912196434,0.8646707262208558,0.3026054555158464,-0.8099909895025681
A,5.073067076432142,0.8636879303272387,0.3048030539419817,-0.808116290703628
A,5.07621024066785,0.8627085264973182,0.30699306748310745,-0.8062389585033002
A,5.079353404903557,0.8617325088998234,0.3091755091783422,-0.8043590127667478
A,5.082496569139265,0.8607598717021302,0.311350392069829,-0.8024764732318521
A,5.085639733374973,0.8597906090705391,0.3135177292021171,-0.800591359509854
A,5.08878289761068,0.8588247151705459,0.31567753362155404,-0.7987036910859884
A,5.091926061846388,0.8578621841671135,0.31782981837568036,-0.7968134873201209
A,5.095069226082096,0.8569030102249382,0.3199745965126308,-0.794920767447385
A,5.098212390317803,0.8559471875087133,0.32211188108054795,-0.7930255505788116
A,5.1013555545535105,0.8549947101833909,0.32424168512699614,-0.7911278557019633
A,5.104498718789219,0.8540455724144386,0.32636402169838596,-0.7892277016815626
A,5.107641883024926,0.8530997683680962,0.3284789038394018,-0.7873251072601231
A,5.1107850472606335,0.8521572922116262,0.33058634459244174,-0.7854200910585737
A,5.113928211496342,0.851218138113563,0.33268635699705856,-0.7835126715768842
A,5.117071375732049,0.8502823002439609,0.3347789540894073,-0.7816028671946923
A,5.1202145399677566,0.8493497727746356,0.3368641489017046,-0.7796906961719213
A,5.123357704203465,0.8484205498794052,0.3389419544616886,-0.7777761766494027
A,5.126500868439172,0.8474946257343298,0.34101238379208604,-0.7758593266494969
A,5.12964403267488,0.8465719945179433,0.34307544991008926,-0.7739401640767058
A,5.132787196910588,0.8456526504114885,0.34513116582683606,-0.7720187067182921
A,5.135930361146295,0.8447365875991457,0.3471795445468938,-0.7700949722448917
A,5.139073525382003,0.8438238002682594,0.3492205990677563,-0.7681689782111256
A,5.14221668961771,0.8429142826095622,0.3512543423793397,-0.7662407420562095
A,5.145359853853418,0.8420080288173968,0.3532807874634884,-0.7643102811045627
A,5.148503018089126,0.8411050330899358,0.3552999472934836,-0.762377612566417
A,5.151646182324833,0.8402052896293956,0.35731183483356216,-0.7604427535384171
A,5.154789346560541,0.8393087926422522,0.35931646303843834,-0.7585057210042266
A,5.157932510796249,0.8384155363394526,0.36131384485282864,-0.7565665318351308
A,5.161075675031956,0.8375255149366212,0.36330399321098933,-0.7546252027906317
A,5.164218839267664,0.8366387226542679,0.36528692103625365,-0.7526817505190483
A,5.167362003503372,0.8357551537179916,0.3672626412405747,-0.7507361915581136
A,5.170505167739079,0.8348748023586803,0.369231166724079,-0.7487885423355655
A,5.173648331974787,0.8339976628127105,0.3711925103746206,-0.7468388191697394
A,5.176791496210495,0.8331237293221445,0.37314668506733994,-0.7448870382701617
A,5.179934660446202,0.8322529961349222,0.3750937036642338,-0.7429332157381328
A,5.183077824681909,0.8313854575050547,0.3770335790137248,-0.7409773675673167
A,5.186220988917618,0.8305211076928117,0.37896632395023927,-0.7390195096443242
A,5.189364153153325,0.8296599409649106,0.38089195129378695,-0.7370596577492967
A,5.192507317389032,0.8288019515946992,0.3828104738495522,-0.7350978275564847
A,5.195650481624741,0.8279471338623381,0.38472190440748366,-0.7331340346348267
A,5.198793645860448,0.8270954820549827,0.38662625574189097,-0.7311682944485286
A,5.201936810096155,0.8262469904669585,0.38852354061105,-0.7292006223576335
A,5.205079974331864,0.8254016533999378,0.3904137717568084,-0.7272310336185974
A,5.208223138567571,0.824559465163114,0.39229696190419694,-0.7252595433848614
A,5.211366302803278,0.8237204200733712,0.3941731237610491,-0.7232861667074159
A,5.214509467038987,0.822884512455454,0.39604227001762204,-0.72131091853537
A,5.217652631274694,0.822051736642135,0.3979044133462211,-0.7193338137165177
A,5.220795795510401,0.8212220869743784,0.39975956640083504,-0.7173548669978965
A,5.223938959746109,0.8203955578015036,0.4016077418167697,-0.7153740930263516
A,5.227082123981817,0.8195721434813455,0.40344895221029,-0.7133915063490919
A,5.230225288217524,0.8187518383804138,0.40528321017826296,-0.7114071214142497
A,5.233368452453232,0.8179346368740484,0.40711052829781114,-0.7094209525714325
A,5.23651161668894,0.8171205333465748,0.40893091912596485,-0.7074330140722755
A,5.239654780924647,0.8163095221914565,0.41074439519932004,-0.7054433200709953
A,5.242797945160355,0.8155015978114454,0.4125509690337042,-0.7034518846249344
A,5.245941109396063,0.8146967546187304,0.4143506531238427,-0.7014587216951093
A,5.24908427363177,0.8138949870350852,0.4161434599430293,-0.6994638451467566
A,5.252227437867478,0.8130962894920113,0.41792940194280476,-0.697467268749872
A,5.255370602103186,0.8123006564308817,0.41970849155263673,-0.6954690061797517
A,5.2585137663388934,0.8115080823030829,0.4214807411796021,-0.6934690710175332
A,5.261656930574601,0.8107185615701528,0.42324616320807934,-0.6914674767507272
A,5.264800094810308,0.8099320887039183,0.4250047699994391,-0.6894642367737545
A,5.2679432590460165,0.8091486581866306,0.42675657389174204,-0.6874593643884757
A,5.271086423281724,0.8083682645111006,0.42850158719943837,-0.6854528728047251
A,5.274229587517431,0.807590902180828,0.4302398222130755,-0.6834447751408337
A,5.2773727517531395,0.8068165657101335,0.43197129119900535,-0.6814350844241572
A,5.280515915988847,0.8060452496242875,0.4336960063990961,-0.6794238135916014
A,5.283659080224554,0.8052769484596348,0.43541398003045156,-0.6774109754901398
A,5.2868022444602625,0.8045116567637213,0.43712522428513034,-0.6753965828773361
A,5.28994540869597,0.8037493690954169,0.4388297513298688,-0.6733806484218613
A,5.293088572931677,0.8029900800250367,0.4405275733058119,-0.6713631847040076
A,5.2962317371673855,0.8022337841344607,0.44221870232824334,-0.6693442042162021
A,5.299374901403093,0.8014804760172538,0.4439031504863204,-0.6673237193635208
A,5.3025180656388,0.8007301502787803,0.445580929842815,-0.6653017424641923
A,5.305661229874508,0.7999828015363202,0.44725205243385485,-0.6632782857501094
A,5.308804394110216,0.799238424419182,0.4489165302686706,-0.6612533613673311
A,5.311947558345923,0.7984970135688165,0.45057437532934425,-0.6592269813765893
A,5.315090722581631,0.7977585636389238,0.45222559957056396,-0.6571991577537838
A,5.318233886817339,0.797023069295565,0.4538702149193809,-0.6551699023904852
A,5.321377051053046,0.7962905252172685,0.4555082332749668,-0.6531392270944317
A,5.324520215288754,0.7955609260951354,0.45713966650838106,-0.6511071435900205
A,5.327663379524462,0.7948342666329437,0.45876452646233506,-0.6490736635188018
A,5.330806543760169,0.7941105415472524,0.4603828249509626,-0.6470387984399713
A,5.333949707995877,0.7933897455675012,0.4619945737595944,-0.6450025598308544
A,5.337092872231585,0.7926718734361113,0.46359978464453483,-0.6429649590873949
A,5.340236036467292,0.7919569199085841,0.46519846933283915,-0.64092600752464
A,5.343379200703,0.791244879753597,0.4667906395220999,-0.6388857163772197
A,5.346522364938707,0.7905357477531,0.4683763068802314,-0.6368440967998276
A,5.349665529174415,0.7898295187024101,0.4699554830452595,-0.6348011598677004
A,5.352808693410123,0.7891261874103036,0.4715281796251121,-0.6327569165770925
A,5.35595185764583,0.7884257486991081,0.4730944081974177,-0.6307113778457498
A,5.359095021881538,0.7877281974047918,0.47465418030930184,-0.6286645545133808
A,5.362238186117246,0.787033528377054,0.4762075074771874,-0.6266164573421286
A,5.365381350352953,0.7863417364794107,0.47775440118660145,-0.6245670970170355
A,5.368524514588661,0.785652816589282,0.47929487289198086,-0.6225164841465098
A,5.371667678824369,0.7849667635980773,0.4808289340164816,-0.6204646292627918
A,5.374810843060076,0.784283572411278,0.48235659595179353,-0.618411542822411
A,5.377954007295783,0.7836032379485206,0.4838778700579549,-0.6163572352066475
A,5.381097171531492,0.7829257551436775,0.4853927676631713,-0.6143017167219901
A,5.384240335767199,0.7822511189449377,0.48690130006363536,-0.6122449976005919
A,5.3873835000029064,0.7815793243148849,0.48840347852335314,-0.6101870880007216
A,5.390526664238615,0.7809103662305743,0.48989931427396954,-0.6081279980072157
A,5.393669828474322,0.7802442396836112,0.49138881851459604,-0.60606773763193
A,5.3968129927100295,0.779580939680224,0.49287200241164575,-0.6040063168141835
A,5.399956156945738,0.778920461241339,0.4943488770986658,-0.601943745421205
A,5.403099321181445,0.7782627994026536,0.4958194536761738,-0.5998800332485785
A,5.4062424854171525,0.7776079492147076,0.4972837432114995,-0.5978151900206807
A,5.409385649652861,0.7769559057429536,0.49874175673862614,-0.5957492253911225
A,5.412528813888568,0.7763066640678278,0.5001935052580333,-0.5936821489431874
A,5.4156719781242755,0.7756602192848165,0.5016389997365469,-0.5916139701902638
A,5.418815142359983,0.7750165665045247,0.5030782511071861,-0.5895446985762803
A,5.421958306595691,0.7743757008527417,0.5045112702690174,-0.5874743434761363
A,5.4251014708313985,0.7737376174705075,0.5059380680870061,-0.5854029141961332
A,5.428244635067106,0.7731023115141751,0.5073586553918759,-0.5833304199743986
A,5.431387799302814,0.7724697781554748,0.5087730429799663,-0.5812568699813138
A,5.4345309635385215,0.7718400125815762,0.5101812416130924,-0.5791822733199378
A,5.437674127774229,0.771213009995149,0.5115832620184116,-0.5771066390264272
A,5.440817292009937,0.7705887656144231,0.5129791148882874,-0.5750299760704564
A,5.4439604562456445,0.7699672746732478,0.5143688108801558,-0.5729522933556361
A,5.447103620481352,0.7693485324211494,0.5157523606163987,-0.5708735997199279
A,5.45024678471706,0.7687325341233894,0.5171297746842144,-0.568793903936058
A,5.4533899489527675,0.7681192750610197,0.5185010636354906,-0.5667132147119311
A,5.456533113188475,0.7675087505309384,0.5198662379866839,-0.5646315406910375
A,5.459676277424182,0.7669009558459432,0.5212253082186961,-0.5625488904528624
A,5.4628194416598905,0.766295886334786,0.5225782847767562,-0.560465272513292
A,5.465962605895598,0.765693537342225,0.523925178070301,-0.5583806953250199
A,5.469105770131305,0.7650939042290756,0.5252659984728629,-0.5562951672779447
A,5.4722489343670135,0.7644969823722616,0.5266007563219541,-0.5542086966995736
A,5.475392098602721,0.7639027671648658,0.5279294619189557,-0.5521212918554229
A,5.478535262838428,0.7633112540161768,0.529252125529009,-0.5500329609494093
A,5.4816784270741366,0.7627224383517394,0.5305687573809081,-0.5479437121242491
A,5.484821591309844,0.7621363156134003,0.5318793676669923,-0.5458535534618503
A,5.487964755545551,0.7615528812593555,0.5331839665430451,-0.5437624929837024
A,5.49110791978126,0.7609721307641949,0.5344825641281911,-0.5416705386512664
A,5.494251084016967,0.760394059618948,0.5357751705047944,-0.5395776983663639
A,5.497394248252674,0.7598186633311269,0.537061795718363,-0.5374839799715595
A,5.500537412488382,0.7592459374247708,0.5383424497774508,-0.5353893912505474
A,5.50368057672409,0.7586758774404863,0.5396171426535635,-0.5332939399285307
A,5.506823740959797,0.7581084789354913,0.5408858842810639,-0.5311976336726056
A,5.509966905195505,0.7575437374836542,0.5421486845570831,-0.5291004800921353
A,5.513110069431213,0.7569816486755349,0.54340555334143,-0.5270024867391283
A,5.51625323366692,0.7564222081184234,0.5446565004565017,-0.5249036611086154
A,5.519396397902628,0.7558654114363788,0.5459015356872,-0.5228040106390184
A,5.522539562138336,0.7553112542702668,0.5471406687808451,-0.5207035427125238
A,5.525682726374043,0.7547597322777976,0.548373909447092,-0.5186022646554538
A,5.528825890609751,0.7542108411335617,0.5496012673578512,-0.5165001837386298
A,5.531969054845459,0.7536645765290652,0.5508227521472072,-0.5143973071777411
A,5.535112219081166,0.7531209341727663,0.5520383734113401,-0.5122936421337103
A,5.538255383316874,0.7525799097901077,0.5532481407084494,-0.5101891957130514
A,5.541398547552581,0.7520414991235519,0.5544520635586793,-0.5080839749682345
A,5.544541711788289,0.7515056979326131,0.5556501514440437,-0.5059779868980422
A,5.547684876023997,0.7509725019938907,0.5568424138083538,-0.5038712384479295
A,5.550828040259704,0.7504419071010996,0.5580288600571488,-0.5017637365103763
A,5.553971204495412,0.7499139090651021,0.5592094995576256,-0.49965548792524256
A,5.55711436873112,0.7493885037139387,0.5603843416385693,-0.4975464994801221
A,5.560257532966827,0.7488656868928565,0.5615533955902894,-0.4954367779106893
A,5.563400697202535,0.7483454544643396,0.5627166706645528,-0.49332632990105074
A,5.566543861438243,0.7478278023081378,0.5638741760745194,-0.4912151620840925
A,5.56968702567395,0.7473127263212934,0.5650259209946813,-0.4891032810418231
A,5.572830189909658,0.7468002224181693,0.5661719145608008,-0.4869906933057185
A,5.575973354145366,0.7462902865304762,0.5673121658698493,-0.48487740535706636
A,5.579116518381073,0.745782914607298,0.5684466839799508,-0.48276342362730235
A,5.5822596826167805,0.7452781026151177,0.5695754779103229,-0.48064875449835215
A,5.585402846852489,0.7447758465378429,0.5706985566412219,-0.47853340430296654
A,5.588546011088196,0.7442761423768298,0.5718159291138862,-0.47641737932506
A,5.5916891753239035,0.7437789861509079,0.5729276042304849,-0.474300685800041
A,5.594832339559612,0.7432843738964022,0.5740335908540642,-0.4721833299151458
A,5.597975503795319,0.7427923016671576,0.5751338978084951,-0.4700653178097712
A,5.6011186680310265,0.7423027655345601,0.5762285338784253,-0.4679466555758001
A,5.604261832266735,0.7418157615875592,0.5773175078092297,-0.46582734925793107
A,5.607404996502442,0.7413312859326899,0.5784008283069613,-0.46370740485400574
A,5.6105481607381495,0.7408493346940922,0.579478504038306,-0.46158682831533004
A,5.613691324973858,0.7403699040135322,0.5805505436305373,-0.45946562554699827
A,5.616834489209565,0.7398929900504225,0.5816169556714695,-0.4573438024082173
A,5.619977653445273,0.7394185889818405,0.582677748709417,-0.4552213647126214
A,5.62312081768098,0.7389466970025486,0.583732931253151,-0.4530983182285942
A,5.626263981916688,0.7384773103250111,0.5847825117718577,-0.45097466867958325
A,5.629407146152396,0.738010425179414,0.585826498695098,-0.44885042174441786
A,5.632550310388103,0.7375460378136808,0.586864900412769,-0.44672558305761956
A,5.635693474623811,0.7370841444934911,0.5878977252750662,-0.4446001582097159
A,5.638836638859519,0.7366247415022965,0.5889249815924441,-0.44247415274755264
A,5.641979803095226,0.7361678251413367,0.5899466776355821,-0.44034757217459974
A,5.645122967330934,0.7357133917296556,0.5909628216353484,-0.4382204219512607
A,5.648266131566642,0.7352614376041167,0.5919734217827647,-0.4360927074951807
A,5.651409295802349,0.734811959119418,0.5929784862289746,-0.4339644341815478
A,5.654552460038057,0.7343649526481063,0.5939780230852099,-0.43183560734339793
A,5.657695624273765,0.7339204145805921,0.594972040422758,-0.4297062322719188
A,5.660838788509472,0.7334783413251623,0.5959605462729335,-0.42757631421674663
A,5.663981952745179,0.7330387293079946,0.5969435486270466,-0.42544585838626786
A,5.667125116980888,0.7326015749731692,0.5979210554363746,-0.4233148699479147
A,5.670268281216595,0.7321668747826834,0.5988930746121335,-0.42118335402846485
A,5.673411445452302,0.7317346252164613,0.5998596140254505,-0.41905131571433185
A,5.676554609688011,0.731304822772368,0.6008206815073391,-0.41691876005186085
A,5.679697773923718,0.7308774639662194,0.6017762848486702,-0.41478569204762183
A,5.682840938159425,0.7304525453317946,0.6027264318001505,-0.41265211666869706
A,5.685984102395134,0.7300300634208454,0.6036711300722969,-0.4105180388429718
A,5.689127266630841,0.7296100148031082,0.6046103873354121,-0.4083834634594241
A,5.692270430866548,0.7291923960663128,0.605544211219564,-0.4062483953684082
A,5.695413595102257,0.7287772038161929,0.6064726093145633,-0.4041128393819403
A,5.698556759337964,0.7283644346764956,0.6073955891699406,-0.4019768002739855
A,5.701699923573671,0.7279540852889899,0.6083131582949288,-0.39984028278073575
A,5.704843087809379,0.7275461523134761,0.6092253241584416,-0.39770329160089385
A,5.707986252045087,0.7271406324277939,0.6101320941890547,-0.39556583139595186
A,5.711129416280794,0.7267375223278313,0.6110334757749877,-0.3934279067904723
A,5.714272580516502,0.7263368187275314,0.6119294762640872,-0.3912895223723615
A,5.71741574475221,0.7259385183589007,0.6128201029638088,-0.38915068269314734
A,5.720558908987917,0.7255426179720162,0.6137053631412008,-0.38701139226825604
A,5.723702073223625,0.7251491143350327,0.6145852640228896,-0.3848716555772813
A,5.726845237459333,0.7247580042341886,0.6154598127950636,-0.38273147706425886
A,5.72998840169504,0.7243692844738138,0.6163290166034592,-0.38059086113793883
A,5.733131565930748,0.7239829518763343,0.6171928825533471,-0.3784498121720513
A,5.736274730166456,0.7235990032822796,0.6180514177095194,-0.37630833450557744
A,5.739417894402163,0.7232174355502867,0.6189046290962755,-0.37416643244301695
A,5.742561058637871,0.7228382455571074,0.6197525236974123,-0.37202411025465204
A,5.745704222873578,0.7224614301976116,0.6205951084562111,-0.36988137217681283
A,5.7488473871092864,0.7220869863847931,0.6214323902754274,-0.3677382224121408
A,5.751990551344994,0.7217149110497745,0.6222643760172799,-0.3655946651298527
A,5.755133715580701,0.7213452011418109,0.6230910725034416,-0.3634507044659983
A,5.7582768798164095,0.7209778536282943,0.6239124865150303,-0.3613063445237217
A,5.761420044052117,0.7206128654947579,0.6247286247925986,-0.35916158937352227
A,5.764563208287824,0.7202502337448791,0.6255394940361274,-0.35701644305350794
A,5.7677063725235325,0.7198899554004833,0.6263451009050174,-0.3548709095696538
A,5.77084953675924,0.7195320275015475,0.627145452018081,-0.3527249928960586
A,5.773992700994947,0.7191764471062032,0.6279405539535374,-0.35057869697519567
A,5.7771358652306555,0.7188232112907383,0.6287304132490046,-0.34843202571816695
A,5.780279029466363,0.7184723171496012,0.6295150364014935,-0.3462849830049571
A,5.78342219370207,0.718123761795402,0.6302944298674041,-0.34413757268467976
A,5.786565357937778,0.7177775423589158,0.6310686000625194,-0.3419897985758305
A,5.789708522173486,0.7174336559890833,0.6318375533620005,-0.3398416644665327
A,5.792851686409193,0.7170920998530143,0.6326012961003832,-0.33769317411478816
A,5.795994850644901,0.7167528711359877,0.6333598345715741,-0.3355443312487191
A,5.799138014880609,0.7164159670414548,0.634113175028848,-0.3333951395668155
A,5.802281179116316,0.7160813847910387,0.6348613236848432,-0.3312456027381804
A,5.805424343352024,0.7157491216245366,0.6356042867115609,-0.3290957244027695
A,5.808567507587732,0.7154191747999206,0.6363420702403628,-0.3269455081716347
A,5.811710671823439,0.715091541593338,0.6370746803619679,-0.3247949576271668
A,5.814853836059147,0.7147662192991122,0.6378021231264528,-0.3226440763233313
A,5.817997000294854,0.7144432052297435,0.6385244045432503,-0.3204928677859102
A,5.821140164530562,0.7141224967159083,0.6392415305811484,-0.31834133551273736
A,5.82428332876627,0.7138040911064611,0.6399535071682898,-0.3161894829739389
A,5.827426493001977,0.7134879857684324,0.6406603401921726,-0.3140373136121639
A,5.830569657237685,0.7131741780870297,0.6413620354996503,-0.31188483084282176
A,5.833712821473393,0.7128626654656375,0.6420585988969327,-0.3097320380543172
A,5.8368559857091,0.7125534453258155,0.6427500361495863,-0.3075789386082792
A,5.839999149944808,0.7122465151072999,0.6434363529825365,-0.30542553583979465
A,5.843142314180516,0.7119418722680005,0.6441175550800682,-0.3032718330576404
A,5.846285478416223,0.7116395142840021,0.6447936480858284,-0.30111783354451
A,5.849428642651931,0.7113394386495617,0.6454646376028287,-0.29896354055724367
A,5.852571806887639,0.7110416428771086,0.6461305291934459,-0.2968089573270577
A,5.855714971123346,0.7107461244972425,0.6467913283794273,-0.2946540870597683
A,5.858858135359053,0.7104528810587323,0.6474470406418917,-0.29249893293601914
A,5.862001299594762,0.710161910128515,0.6480976714213338,-0.2903434981115057
A,5.865144463830469,0.7098732092916941,0.6487432261176265,-0.2881877857172011
A,5.868287628066176,0.7095867761515372,0.6493837100900259,-0.286031798859576
A,5.871430792301885,0.7093026083294752,0.6500191286571748,-0.28387554062082243
A,5.874573956537592,0.7090207034650998,0.6506494870971058,-0.2817190140590765
A,5.877717120773299,0.7087410592161619,0.6512747906472478,-0.27956222220863575
A,5.880860285009008,0.7084636732585692,0.6518950445044291,-0.27740516808018006
A,5.884003449244715,0.7081885432863841,0.6525102538248821,-0.2752478546609921
A,5.8871466134804225,0.7079156670118223,0.6531204237242499,-0.2730902849151715
A,5.890289777716131,0.7076450421652484,0.6537255592775894,-0.27093246178385333
A,5.893432941951838,0.707376666495176,0.6543256655193783,-0.2687743881854261
A,5.8965761061875455,0.7071105377682634,0.6549207474435204,-0.2666160670157432
A,5.899719270423253,0.7068466537693118,0.655510810003351,-0.2644575011483396
A,5.902862434658961,0.7065850123012619,0.656095858111643,-0.2622986934346439
A,5.9060055988946685,0.7063256111851928,0.6566758966406132,-0.260139646704194
A,5.909148763130376,0.7060684482603169,0.6572509304219283,-0.2579803637648443
A,5.912291927366084,0.7058135213839788,0.6578209642467119,-0.2558208474029794
A,5.9154350916017915,0.7055608284316518,0.6583860028655502,-0.2536611003837257
A,5.918578255837499,0.7053103672969346,0.6589460509884995,-0.2515011254511571
A,5.921721420073207,0.7050621358915485,0.659501113285093,-0.24934092532850546
A,5.9248645843089145,0.7048161321453345,0.6600511943843472,-0.24718050271837028
A,5.928007748544622,0.7045723540062494,0.6605962988747698,-0.24501986030292208
A,5.93115091278033,0.7043307994403633,0.6611364313043666,-0.24285900074411038
A,5.9342940770160375,0.7040914664318559,0.6616715961806485,-0.24069792668387108
A,5.937437241251745,0.7038543529830135,0.6622017979706398,-0.23853664074432757
A,5.940580405487452,0.7036194571142247,0.6627270411008852,-0.23637514552799704
A,5.9437235697231605,0.7033867768639782,0.663247329957458,-0.23421344361799268
A,5.946866733958868,0.7031563102888587,0.6637626688859669,-0.23205153757822838
A,5.950009898194575,0.7029280554635431,0.6642730621915651,-0.22988942995361705
A,5.9531530624302835,0.7027020104807973,0.6647785141389576,-0.22772712327027342
A,5.956296226665991,0.7024781734514727,0.665279028952409,-0.22556462003571626
A,5.959439390901698,0.7022565425045022,0.6657746108157526,-0.22340192273906428
A,5.9625825551374065,0.7020371157868968,0.6662652638723978,-0.22123903385123705
A,5.965725719373114,0.7018198914637419,0.6667509922253384,-0.21907595582515493
A,5.968868883608821,0.7016048677181934,0.6672317999371613,-0.21691269109593295
A,5.9720120478445295,0.7013920427514742,0.6677076910300551,-0.2147492420810798
A,5.975155212080237,0.7011814147828697,0.6681786694858172,-0.21258561118069544
A,5.978298376315944,0.7009729820497252,0.6686447392458642,-0.21042180077766343
A,5.981441540551652,0.7007667428074412,0.6691059042112393,-0.20825781323784795
A,5.98458470478736,0.7005626953294696,0.669562168242621,-0.206093650910287
A,5.987727869023067,0.7003608379073104,0.670013535160332,-0.20392931612738846
A,5.990871033258775,0.700161168850507,0.6704600087443477,-0.20176481120511927
A,5.994014197494483,0.6999636864866431,0.6709015927343049,-0.19960013844319963
A,5.99715736173019,0.6997683891613383,0.6713382908295104,-0.19743530012529664
A,6.000300525965898,0.6995752752382445,0.6717701066889501,-0.19527029851921182
A,6.003443690201606,0.6993843430990413,0.6721970439312975,-0.19310513587707312
A,6.006586854437313,0.6991955911434335,0.6726191061349224,-0.19093981443552707
A,6.009730018673021,0.6990090177891458,0.6730362968379,-0.18877433641592412
A,6.012873182908729,0.6988246214719191,0.6734486195380195,-0.18660870402450938
A,6.016016347144436,0.6986424006455073,0.6738560776927924,-0.18444291945261237
A,6.019159511380144,0.6984623537816727,0.6742586747194624,-0.18227698487683128
A,6.022302675615851,0.698284479370182,0.6746564139950133,-0.1801109024592221
A,6.025445839851559,0.698108775918803,0.675049298856178,-0.17794467434748396
A,6.028589004087267,0.6979352419533004,0.675437332599447,-0.17577830267514755
A,6.031732168322974,0.6977638760174313,0.6758205184810783,-0.1736117895617567
A,6.034875332558682,0.6975946766729421,0.6761988597171045,-0.17144513711305517
A,6.03801849679439,0.6974276424995645,0.6765723594833424,-0.1692783474211726
A,6.041161661030097,0.697262772095011,0.6769410209154018,-0.16711142256480468
A,6.044304825265805,0.6971000640749716,0.677304847108694,-0.16494436460939832
A,6.047447989501513,0.6969395170731102,0.6776638411184401,-0.16277717560733607
A,6.05059115373722,0.6967811297410597,0.67801800595968,-0.1606098575981148
A,6.053734317972928,0.6966249007484191,0.6783673446072809,-0.15844241260852923
A,6.056877482208636,0.6964708287827495,0.6787118599959451,-0.15627484265285496
A,6.060020646444343,0.69631891254957,0.6790515550202197,-0.15410714973302572
A,6.0631638106800505,0.6961691507723548,0.6793864325345047,-0.151939335838816
A,6.066306974915759,0.6960215421925277,0.6797164953530601,-0.14977140294801955
A,6.069450139151466,0.6958760855694605,0.6800417462500157,-0.1476033530266314
A,6.0725933033871735,0.695732779680468,0.680362187959379,-0.14543518802902303
A,6.075736467622882,0.6955916233208045,0.6806778231750431,-0.14326690989812246
A,6.078879631858589,0.6954526153036604,0.6809886545507947,-0.1410985205655944
A,6.0820227960942965,0.6953157544601585,0.6812946847003228,-0.13893002195201395
A,6.085165960330005,0.6951810396393503,0.6815959161972265,-0.13676141596704566
A,6.088309124565712,0.6950484697082129,0.6818923515750225,-0.13459270450962213
A,6.0914522888014195,0.6949180435516445,0.6821839933271532,-0.13242388946811648
A,6.094595453037128,0.6947897600724622,0.6824708439069951,-0.13025497272052036
A,6.097738617272835,0.6946636181913975,0.6827529057278656,-0.12808595613462107
A,6.1008817815085425,0.6945396168470933,0.6830301811630309,-0.12591684156817298
A,6.10402494574425,0.6944177549961008,0.6833026725457144,-0.12374763086907492
A,6.107168109979958,0.6942980316128752,0.6835703821691028,-0.12157832587554301
A,6.1103112742156656,0.6941804456897738,0.6838333122863546,-0.11940892841628738
A,6.113454438451373,0.6940649962370515,0.6840914651106067,-0.11723944031068174
A,6.116597602687081,0.6939516822828583,0.6843448428149823,-0.11506986336893874
A,6.119740766922789,0.6938405028732355,0.684593447532597,-0.11290019939228448
A,6.122883931158496,0.6937314570721133,0.6848372813565671,-0.11073045017312746
A,6.126027095394204,0.6936245439613071,0.6850763463400157,-0.10856061749523267
A,6.129170259629912,0.693519762640515,0.6853106444960794,-0.1063907031338951
A,6.132313423865619,0.6934171122273137,0.6855401777979154,-0.10422070885610768
A,6.135456588101327,0.6933165918571573,0.6857649481787088,-0.10205063642073435
A,6.138599752337035,0.6932182006833727,0.6859849575316775,-0.09988048757868273
A,6.141742916572742,0.6931219378771574,0.6862002077100798,-0.09771026407307097
A,6.144886080808449,0.6930278026275768,0.6864107005272206,-0.09553996763940056
A,6.148029245044158,0.6929357941415615,0.6866164377564575,-0.09336960000572504
A,6.151172409279865,0.6928459116439043,0.6868174211312067,-0.09119916289282214
A,6.154315573515572,0.6927581543772574,0.6870136523449488,-0.08902865801435945
A,6.157458737751281,0.69267252160213,0.6872051330512354,-0.08685808707706548
A,6.160601901986988,0.6925890125968861,0.6873918648636943,-0.08468745178090026
A,6.163745066222695,0.6925076266577412,0.6875738493560352,-0.08251675381922033
A,6.166888230458404,0.6924283630987602,0.687751088062055,-0.08034599487894879
A,6.170031394694111,0.6923512212518556,0.6879235824756439,-0.07817517664074541
A,6.173174558929818,0.6922762004667836,0.6880913340507899,-0.07600430077917061
A,6.176317723165527,0.6922033001111438,0.6882543442015845,-0.07383336896285501
A,6.179460887401234,0.6921325195703752,0.688412614302227,-0.07166238285466855
A,6.182604051636941,0.6920638582477553,0.6885661456870305,-0.06949134411188408
A,6.185747215872649,0.6919973155643968,0.6887149396504253,-0.06732025438634665
A,6.188890380108357,0.6919328909592466,0.6888589974469648,-0.06514911532463893
A,6.192033544344064,0.6918705838890832,0.6889983202913293,-0.0629779285682504
A,6.195176708579772,0.6918103938285146,0.6891329093583303,-0.06080669575373971
A,6.19831987281548,0.6917523202699772,0.6892627657829152,-0.058635418512902875
A,6.201463037051187,0.691696362723733,0.6893878906601711,-0.056464098472940885
A,6.204606201286895,0.6916425207178686,0.689508285045329,-0.05429273725662187
A,6.207749365522603,0.6915907937982928,0.6896239499537673,-0.05212133648244847
A,6.21089252975831,0.6915411815287354,0.6897348863610155,-0.04994989776482512
A,6.214035693994018,0.6914936834907457,0.6898410952027582,-0.04777842271421961
A,6.217178858229726,0.6914482992836907,0.6899425773748386,-0.04560691293733007
A,6.220322022465433,0.6914050285247533,0.6900393337332603,-0.04343537003725167
A,6.223465186701141,0.6913638708489318,0.690131365094193,-0.04126379561363784
A,6.226608350936848,0.6913248259090379,0.6902186722339732,-0.03909219126286739
A,6.229751515172556,0.6912878933756954,0.6903012558891082,-0.03692055857820779
A,6.232894679408264,0.6912530729373395,0.6903791167562785,-0.03474889914998211
A,6.236037843643971,0.6912203643002149,0.6904522554923405,-0.032577214565729595
A,6.239181007879679,0.6911897671883753,0.6905206727143289,-0.03040550641037176
A,6.242324172115387,0.6911612813436823,0.6905843689994589,-0.028233776266378328
A,6.245467336351094,0.6911349065258042,0.6906433448851286,-0.02606202571392754
A,6.2486105005868025,0.6911106425122152,0.6906976008689205,-0.023890256331071922
A,6.25175366482251,0.6910884890981948,0.6907471374086038,-0.021718469693903956
A,6.254896829058217,0.6910684460968267,0.6907919549221363,-0.019546667376716172
A,6.258039993293925,0.6910505133389981,0.6908320537876647,-0.017374850952167276
A,6.261183157529633,0.6910346906733998,0.690867434343528,-0.015203021991444559
A,6.26432632176534,0.6910209779665243,0.690898096888257,-0.013031182064429913
A,6.267469486001048,0.6910093751026667,0.6909240416805764,-0.010859332739859668
A,6.270612650236756,0.690999881983923,0.6909452689394053,-0.0086874755854899
A,6.273755814472463,0.6909924985301913,0.6909617788438585,-0.006515612168261721
A,6.276898978708171,0.6909872246791696,0.6909735715332465,-0.004343744054460974
A,6.280042142943879,0.6909840603863567,0.6909806471070763,-0.002171872809883466
A,6.283185307179586,0.6909830056250527,0.6909830056250527,-1.6924202522078767e-16
B,0.0,1.0251179205588408,1.0251179205588408,0.0
B,0.003143164235707647,1.0243380517090834,1.0243329917488782,0.003219657427976045
B,0.006286328471415294,1.0235622852691793,1.0235420608066377,0.006434406356893822
B,0.009429492707122941,1.0227906129454318,1.0227451423985292,0.009644253703862352
B,0.012572656942830588,1.022023026487336,1.021942251091422,0.012849206377467625
B,0.015715821178538234,1.0212595176875163,1.0211334013530258,0.01604927127749772
B,0.018858985414245882,1.0205000783816687,1.02031860755227,0.019244455294670476
B,0.022002149649953527,1.0197447004484976,1.01949788395968,0.022434765310363664
B,0.025145313885661175,1.0189933758096572,1.0186712447477533,0.025620208196347655
B,0.028288478121368824,1.018246096429688,1.0178387039913328,0.02880079081452052
B,0.03143164235707647,1.0175028543159579,1.0170002756679797,0.031976520016645575
B,0.03457480659278411,1.0167636415185992,1.0161559736583439,0.03514740264409137
B,0.037717970828491765,1.0160284501304482,1.015305811746533,0.038313445527573965
B,0.04086113506419941,1.0152972722869826,1.0144498036204799,0.041474655486901595
B,0.044004299299907054,1.014570100166261,1.0135879628723086,0.04463103933072173
B,0.047147463535614706,1.0138469259888592,1.0127203029986978,0.04778260385627031
B,0.05029062777132235,1.0131277420178098,1.0118468374012437,0.05092935584912329
B,0.053433792007029995,1.012412540558539,1.0109675793868216,0.054071302082950454
B,0.05657695624273765,1.0117013139588054,1.0100825421679447,0.05720844931927153
B,0.05972012047844529,1.010994054608636,1.0091917388631202,0.060340804307214196
B,0.06286328471415294,1.010290754940266,1.0082951824972086,0.06346837378327465
B,0.06600644894986059,1.0095914074280743,1.0073928860017751,0.06659116447108006
B,0.06914961318556823,1.0088960045885227,1.0064848622154445,0.06970918308115315
B,0.07229277742127588,1.0082045389800909,1.0055711238842506,0.072822436310679
B,0.07543594165698353,1.0075170032032168,1.0046516836619868,0.07593093084327385
B,0.07857910589269117,1.006833389900232,1.0037265541105547,0.07903467334875584
B,0.08172227012839882,1.006153691755299,1.0027957477003082,0.08213367048291802
B,0.08486543436410647,1.0054779014943487,1.001859276810401,0.08522792888730302
B,0.08800859859981411,1.0048060118850186,1.000917153729128,0.08831745518898004
B,0.09115176283552176,1.0041380157365887,0.9999693906542664,0.09140225600032359
B,0.09429492707122941,1.0034739058999185,0.9990159996934169,0.09448233791879407
B,0.09743809130693705,1.0028136752673857,0.9980569928643417,0.09755770752672052
B,0.1005812555426447,1.0021573167728224,0.9970923820953006,0.10062837139108505
B,0.10372441977835235,1.001504823391452,0.9961221792253865,0.10369433606330912
B,0.10686758401405999,1.0008561881398277,0.9951463960048592,0.1067556080790418
B,0.11001074824976764,1.0002114040757681,0.9941650440954767,0.1098121939579497
B,0.1131539124854753,0.9995704642982957,0.9931781350708254,0.11286410020350869
B,0.11629707672118293,0.9989333619475738,0.9921856804166498,0.11591133330279753
B,0.11944024095689058,0.9983000902048441,0.9911876915311787,0.11895389972629314
B,0.12258340519259824,0.9976706422923642,0.9901841797254513,0.12199180592766753
B,0.12572656942830587,0.9970450114733446,0.9891751562236409,0.12502505834358654
B,0.12886973366401352,0.9964231910518866,0.9881606321633776,0.1280536633935103
B,0.13201289789972118,0.9958051743729202,0.9871406185960684,0.1310776274794951
B,0.13515606213542883,0.9951909548221413,0.9861151264872174,0.13409695698599733
B,0.13829922637113645,0.9945805258259497,0.9850841667167427,0.13711165827967844
B,0.1414423906068441,0.9939738808513873,0.9840477500792929,0.14012173770921227
B,0.14458555484255176,0.9933710134060755,0.9830058872845617,0.14312720160509304
B,0.1477287190782594,0.992771917038154,0.9819585889576008,0.14612805627944578
B,0.15087188331396706,0.9921765853362184,0.9809058656391312,0.14912430802583768
B,0.1540150475496747,0.9915850119292589,0.9798477277858533,0.15211596311909123
B,0.15715821178538233,0.9909971904865978,0.9787841857707545,0.15510302781509877
B,0.16030137602109,0.99041311471783,0.9777152498834176,0.15808550835063864
B,0.16344454025679764,0.9898327783727594,0.9766409303303238,0.16106341094319251
B,0.1665877044925053,0.9892561752413394,0.9755612372351588,0.16403674179076444
B,0.16973086872821294,0.9886832991536108,0.9744761806391125,0.1670055070717013
B,0.1728740329639206,0.9881141439796419,0.973385770501182,0.16996971294451438
B,0.17601719719962822,0.9875487036294668,0.9722900166984692,0.1729293655477027
B,0.17916036143533587,0.986986972053025,0.9711889290264782,0.17588447099957727
B,0.18230352567104352,0.9864289432401012,0.9700825171994122,0.17883503539808715
B,0.18544668990675117,0.9858746112202653,0.9689707908504679,0.1817810648206467
B,0.18858985414245882,0.9853239700628115,0.967853759532128,0.18472256532396367
B,0.19173301837816648,0.9847770138766989,0.9667314327164531,0.18765954294386933
B,0.1948761826138741,0.9842337368104919,0.9656038197953718,0.1905920036951493
B,0.19801934684958175,0.9836941330522998,0.9644709300809683,0.19351995357137602
B,0.2011625110852894,0.9831581968297184,0.9633327728057709,0.19644339854474194
B,0.20430567532099705,0.9826259224097702,0.962189357123036,0.19936234456589466
B,0.2074488395567047,0.9820973040988453,0.9610406921070328,0.20227679756377248
B,0.21059200379241233,0.9815723362426433,0.9598867867533261,0.2051867634454417
B,0.21373516802811998,0.9810510132261134,0.9587276499790562,0.20809224809593496
B,0.21687833226382763,0.980533329473398,0.9575632906232204,0.2109932573780905
B,0.22002149649953529,0.9800192794477723,0.9563937174469491,0.21388979713239276
B,0.22316466073524294,0.9795088576515879,0.9552189391337833,0.21678187317681405
B,0.2263078249709506,0.979002058626214,0.9540389642899495,0.21966949130665733
B,0.2294509892066582,0.9784988769519813,0.9528538014446339,0.22255265729440005
B,0.23259415344236586,0.9779993072481229,0.9516634590502542,0.22543137688953904
B,0.23573731767807352,0.9775033441727183,0.9504679454827298,0.22830565581843631
B,0.23888048191378117,0.9770109824226367,0.9492672690417524,0.23117549978416624
B,0.24202364614948882,0.9765222167334799,0.9480614379510528,0.23404091446636352
B,0.24516681038519647,0.9760370418795261,0.9468504603586676,0.23690190552107207
B,0.2483099746209041,0.9755554526736739,0.9456343443372048,0.2397584785805949
B,0.25145313885661175,0.9750774439673867,0.9444130978841067,0.24261063925334556
B,0.2545963030923194,0.9746030106506361,0.9431867289219116,0.24545839312369921
B,0.25773946732802705,0.9741321476518477,0.9419552452985157,0.24830174575184608
B,0.2608826315637347,0.9736648499378456,0.9407186547874318,0.25114070267364513
B,0.26402579579944235,0.9732011125137974,0.9394769650880469,0.2539752694004784
B,0.26716896003515,0.9727409304231597,0.9382301838258792,0.2568054514191068
B,0.27031212427085766,0.972284298747624,0.9369783185528329,0.2596312541915265
B,0.2734552885065653,0.9718312126070627,0.9357213767474517,0.26245268315482606
B,0.2765984527422729,0.9713816671594749,0.9344593658151714,0.26526974372104456
B,0.27974161697798056,0.970935657600934,0.933192293088571,0.26808244127703107
B,0.2828847812136882,0.970493179165533,0.9319201658276213,0.2708907811843035
B,0.28602794544939586,0.9700542271253331,0.9306429912199342,0.27369476877890975
B,0.2891711096851035,0.9696187967903097,0.929360776381008,0.2764944093712889
B,0.29231427392081116,0.9691868835083017,0.9280735283544748,0.2792897082461336
B,0.2954574381565188,0.9687584826649581,0.9267812541123421,0.28208067066225245
B,0.29860060239222647,0.968333589683687,0.925483960555238,0.28486730185243414
B,0.3017437666279341,0.9679122000256036,0.9241816545126498,0.28764960702331116
B,0.30488693086364177,0.9674943091894801,0.9228743427431664,0.2904275913552258
B,0.3080300950993494,0.9670799127116938,0.9215620319347153,0.29320126000209495
B,0.311173259335057,0.9666690061661771,0.9202447287048006,0.2959706180912771
B,0.31431642357076467,0.9662615851643677,0.9189224396007387,0.29873567072343965
B,0.3174595878064723,0.9658576453551577,0.9175951710998927,0.30149642297242607
B,0.32060275204218,0.965457182424845,0.9162629296099063,0.30425287988512495
B,0.3237459162778876,0.9650601920970836,0.9149257214689349,0.3070050464813386
B,0.3268890805135953,0.9646666701328349,0.9135835529458769,0.3097529277536533
B,0.3300322447493029,0.9642766123303188,0.9122364302406025,0.31249652866730904
B,0.3331754089850106,0.9638900145249655,0.9108843594841822,0.3152358541600707
B,0.33631857322071823,0.963506872589368,0.9095273467391132,0.31797090914209974
B,0.3394617374564259,0.9631271824332338,0.908165397999545,0.32070169849582586
B,0.34260490169213353,0.9627509400033384,0.9067985191915036,0.32342822707582
B,0.3457480659278412,0.9623781412834772,0.9054267161731132,0.3261504997086669
B,0.3488912301635488,0.9620087822944204,0.9040499947348202,0.32886852119283966
B,0.35203439439925643,0.9616428590938652,0.9026683605996105,0.33158229629857316
B,0.3551775586349641,0.9612803677763911,0.9012818194232315,0.33429182976773947
B,0.35832072287067174,0.9609213044734136,0.8998903767944071,0.3369971263137222
B,0.3614638871063794,0.9605656653531393,0.8984940382350562,0.33969819062129303
B,0.36460705134208704,0.9602134466205204,0.8970928092005069,0.3423950273464875
B,0.3677502155777947,0.9598646445172113,0.8956866950797108,0.34508764111648166
B,0.37089337981350234,0.9595192553215233,0.8942757011954557,0.34777603652946915
B,0.37403654404921,0.9591772753483812,0.8928598328045771,0.35046021815453854
B,0.37717970828491765,0.9588387009492801,0.891439095098169,0.3531401905315519
B,0.3803228725206253,0.9585035285122415,0.8900134932017912,0.35581595817102196
B,0.38346603675633295,0.9581717544617715,0.8885830321756798,0.3584875255539922
B,0.38660920099204055,0.9578433752588172,0.8871477170149509,0.3611548971319149
B,0.3897523652277482,0.9575183874007266,0.8857075526498088,0.36381807732653143
B,0.39289552946345585,0.9571967874212041,0.8842625439457477,0.36647707052975137
B,0.3960386936991635,0.9568785718902718,0.8828126957037563,0.36913188110353334
B,0.39918185793487115,0.9565637374142274,0.881358012660519,0.3717825133797652
B,0.4023250221705788,0.9562522806356032,0.8798984994886164,0.37442897166014505
B,0.40546818640628646,0.9559441982331273,0.8784341607967251,0.3770712602160627
B,0.4086113506419941,0.955639486921682,0.8769650011298155,0.3797093832884807
B,0.41175451487770176,0.9553381434522655,0.8754910249693486,0.3823433450878162
B,0.4148976791134094,0.955040164611953,0.874012236733473,0.3849731497938237
B,0.41804084334911706,0.9547455472238568,0.8725286407772185,0.3875988015554765
B,0.42118400758482466,0.9544542881470894,0.8710402413926899,0.39022030449085016
B,0.4243271718205323,0.9541663842767245,0.8695470428092599,0.3928376626870049
B,0.42747033605623996,0.95388183254376,0.86804904919376,0.39545088019986885
B,0.4306135002919476,0.9536006299150805,0.8665462646506704,0.39805996105412145
B,0.43375666452765527,0.9533227733934203,0.8650386932223088,0.40066490924307685
B,0.4368998287633629,0.9530482600173279,0.8635263388890192,0.4032657287285681
B,0.44004299299907057,0.9527770868611294,0.862009205569358,0.40586242344083096
B,0.4431861572347782,0.9525092510348923,0.8604872971202792,0.4084549972783879
B,0.4463293214704859,0.9522447496843911,0.8589606173373192,0.41104345410793264
B,0.4494724857061935,0.9519835799910724,0.8574291699547808,0.41362779776421477
B,0.4526156499419012,0.9517257391720201,0.8558929586459144,0.41620803204992446
B,0.45575881417760883,0.9514712244799215,0.8543519870231001,0.41878416073557706
B,0.4589019784133164,0.951220033203033,0.8528062586380266,0.4213561875593981
B,0.4620451426490241,0.9509721626651486,0.8512557769818715,0.42392411622720905
B,0.46518830688473173,0.9507276102255646,0.8497005454854779,0.4264879504123116
B,0.4683314711204394,0.9504863732790492,0.8481405675195328,0.42904769375537355
B,0.47147463535614703,0.950248449255809,0.8465758463947409,0.4316033498643143
B,0.4746177995918547,0.9500138356214587,0.8450063853620013,0.4341549223141904
B,0.47776096382756233,0.9497825298769882,0.8434321876125793,0.4367024146470807
B,0.48090412806327,0.949554529558733,0.8418532562782798,0.4392458303719724
B,0.48404729229897764,0.9493298322383433,0.8402695944316192,0.44178517296464714
B,0.4871904565346853,0.9491084355227541,0.8386812050859952,0.4443204458675661
B,0.49033362077039294,0.9488903370541552,0.8370880911958565,0.44685165248975617
B,0.4934767850061006,0.9486755345099619,0.8354902556568704,0.44937879620669585
B,0.4966199492418082,0.9484640256027869,0.8338877013060922,0.4519018803602012
B,0.49976311347751584,0.9482558080804112,0.832280430922129,0.45442090825831166
B,0.5029062777132235,0.9480508797257563,0.830668447225307,0.45693588317517575
B,0.5060494419489312,0.9478492383568567,0.8290517528778347,0.4594468083509376
B,0.5091926061846388,0.9476508818268325,0.8274303504839666,0.461953686991622
B,0.5123357704203464,0.9474558080238624,0.8258042425901654,0.4644565222690208
B,0.5154789346560541,0.9472640148711583,0.8241734316852635,0.4669553173205789
B,0.5186220988917617,0.9470755003269381,0.8225379202006229,0.46945007524927934
B,0.5217652631274694,0.946890262384401,0.8208977105102948,0.47194079912352993
B,0.524908427363177,0.9467082990717022,0.8192528049311784,0.47442749197704814
B,0.5280515915988847,0.9465296084519279,0.8176032057231772,0.4769101568087472
B,0.5311947558345923,0.9463541886230716,0.8159489150893566,0.4793887965826215
B,0.5343379200703,0.9461820377180099,0.8142899351760987,0.48186341422763224
B,0.5374810843060076,0.9460131539044784,0.8126262680732561,0.4843340126375916
B,0.5406242485417153,0.9458475353850501,0.8109579158143074,0.48680059467105025
B,0.5437674127774229,0.9456851803971116,0.8092848803765081,0.48926316315118024
B,0.5469105770131306,0.9455260872128416,0.8076071636810428,0.49172172086566135
B,0.5500537412488382,0.9453702541391885,0.805924767593176,0.4941762705665654
B,0.5531969054845458,0.9452176795178499,0.8042376939224017,0.496626814970241
B,0.5563400697202535,0.9450683617252509,0.8025459444225927,0.4990733567571989
B,0.5594832339559611,0.9449222991725239,0.8008495207921482,0.5015158985719947
B,0.5626263981916688,0.9447794903054891,0.799148424674141,0.5039544430231154
B,0.5657695624273764,0.9446399336046337,0.7974426576564635,0.5063889926828614
B,0.5689127266630841,0.9445036275850935,0.795732221271973,0.5088195500872317
B,0.5720558908987917,0.9443705707966346,0.7940171169986365,0.5112461177358072
B,0.5751990551344994,0.944240761823633,0.7922973462596732,0.5136686980916342
B,0.578342219370207,0.9441141992850595,0.7905729104236983,0.5160872935811074
B,0.5814853836059147,0.9439908818344599,0.7888438108048635,0.5185019065938542
B,0.5846285478416223,0.9438708081599393,0.7871100486629993,0.5209125394826157
B,0.5877717120773299,0.9437539769841442,0.785371625203753,0.5233191945631311
B,0.5909148763130376,0.9436403870642481,0.7836285415787301,0.5257218741140192
B,0.5940580405487452,0.9435300371919334,0.7818807988856301,0.5281205803766599
B,0.5972012047844529,0.9434229261933784,0.7801283981683865,0.530515315555078
B,0.6003443690201605,0.9433190529292406,0.7783713404173015,0.5329060818158229
B,0.6034875332558682,0.943218416294643,0.7766096265691824,0.5352928812878512
B,0.6066306974915758,0.9431210152191603,0.7748432575074765,0.5376757160624068
B,0.6097738617272835,0.9430268486668042,0.7730722340624049,0.5400545881929028
B,0.6129170259629911,0.9429359156360116,0.7712965570110967,0.5424294996948007
B,0.6160601901986988,0.9428482151596308,0.7695162270777199,0.5448004525454917
B,0.6192033544344064,0.9427637463049093,0.7677312449336146,0.5471674486841756
B,0.622346518670114,0.9426825081734828,0.7659416111974228,0.5495304900117413
B,0.6254896829058217,0.9426044999013623,0.764147326435219,0.5518895783906452
B,0.6286328471415293,0.9425297206589245,0.7623483911606393,0.5542447156447907
B,0.631776011377237,0.9424581696509002,0.7605448058350103,0.5565959035594061
B,0.6349191756129446,0.9423898461163643,0.758736570867475,0.5589431438809227
B,0.6380623398486523,0.9423247493287269,0.7569236866151227,0.561286438316854
B,0.64120550408436,0.9422628785957231,0.7551061533831129,0.5636257885356711
B,0.6443486683200677,0.942204233259404,0.7532839714248012,0.5659611961666812
B,0.6474918325557752,0.9421488126961296,0.7514571409418646,0.5682926627999039
B,0.650634996791483,0.9420966163165595,0.7496256620844247,0.5706201899859473
B,0.6537781610271906,0.9420476435656459,0.7477895349511712,0.5729437792358839
B,0.6569213252628983,0.9420018939226262,0.745948759589484,0.5752634320211263
B,0.6600644894986059,0.9419593669010174,0.7441033359955557,0.5775791497733022
B,0.6632076537343135,0.9419200620486079,0.7422532641145114,0.5798909338841285
B,0.6663508179700212,0.9418839789474541,0.7403985438405303,0.5821987857052868
B,0.6694939822057288,0.9418511172138725,0.7385391750169635,0.5845027065482954
B,0.6726371464414365,0.9418214764984374,0.7366751574364551,0.5868026976843842
B,0.6757803106771441,0.9417950564859742,0.7348064908410581,0.5890987603443665
B,0.6789234749128518,0.9417718568955568,0.7329331749223533,0.5913908957185121
B,0.6820666391485594,0.9417518774805033,0.7310552093215659,0.5936791049564186
B,0.6852098033842671,0.9417351180283728,0.7291725936296805,0.5959633891668834
B,0.6883529676199747,0.9417215783609638,0.7272853273875582,0.5982437494177747
B,0.6914961318556824,0.9417112583343101,0.7253934100860497,0.6005201867359012
B,0.69463929609139,0.9417041578386803,0.7234968411661108,0.6027927021068832
B,0.6977824603270976,0.9417002767985759,0.7215956200189143,0.6050612964750208
B,0.7009256245628053,0.9416996151727306,0.7196897459859644,0.6073259707431644
B,0.7040687887985129,0.9417021729541092,0.7177792183592071,0.6095867257725816
B,0.7072119530342206,0.9417079501699084,0.7158640363811437,0.6118435623828261
B,0.7103551172699282,0.941716946881556,0.7139441992449395,0.6140964813516047
B,0.7134982815056359,0.9417291631847133,0.7120197060945356,0.6163454834146445
B,0.7166414457413435,0.9417445992092746,0.7100905560247578,0.6185905692655582
B,0.7197846099770512,0.9417632551193695,0.7081567480814257,0.6208317395557116
B,0.7229277742127588,0.941785131113366,0.7062182812614615,0.6230689948940867
B,0.7260709384484665,0.9418102274238711,0.7042751545129965,0.6253023358471475
B,0.7292141026841741,0.9418385443177357,0.7023273667354802,0.6275317629387039
B,0.7323572669198817,0.9418700820960567,0.7003749167797854,0.629757276649775
B,0.7355004311555894,0.9419048410941816,0.6984178034483145,0.6319788774184522
B,0.738643595391297,0.9419428216817124,0.6964560254951059,0.6341965656397602
B,0.7417867596270047,0.9419840242625105,0.6944895816259373,0.6364103416655205
B,0.7449299238627123,0.9420284492747014,0.6925184704984311,0.6386202058042105
B,0.74807308809842,0.9420760971906816,0.6905426907221582,0.640826158320826
B,0.7512162523341276,0.9421269685171229,0.6885622408587405,0.6430281994367383
B,0.7543594165698353,0.9421810637949802,0.6865771194219541,0.6452263293295558
B,0.7575025808055429,0.942238383599498,0.6845873248778311,0.6474205481329809
B,0.7606457450412506,0.9422989285402174,0.6825928556447619,0.6496108559366683
B,0.7637889092769582,0.9423626992609847,0.6805937100935953,0.6517972527860825
B,0.7669320735126659,0.9424296964399587,0.6785898865477392,0.6539797386823534
B,0.7700752377483735,0.9424999207896201,0.6765813832832618,0.6561583135821325
B,0.7732184019840811,0.9425733730567802,0.6745681985289896,0.6583329773974487
B,0.7763615662197888,0.9426500540225909,0.6725503304666077,0.6605037299955622
B,0.7795047304554964,0.9427299645025536,0.670527777230757,0.662670571198817
B,0.7826478946912041,0.9428131053465311,0.6685005369091337,0.6648335007844965
B,0.7857910589269117,0.942899477438757,0.6664686075425861,0.6669925184846734
B,0.7889342231626194,0.9429890816978485,0.6644319871252117,0.6691476239860634
B,0.792077387398327,0.9430819190768163,0.6623906736044544,0.6712988169298736
B,0.7952205516340347,0.9431779905630788,0.6603446648812,0.6734460969116555
B,0.7983637158697423,0.9432772971784725,0.6582939588098724,0.6755894634811517
B,0.80150688010545,0.9433798399792671,0.656238553198529,0.6777289161421468
B,0.8046500443411576,0.9434856200561773,0.6541784458089551,0.6798644543523138
B,0.8077932085768652,0.9435946385343776,0.652113634356759,0.6819960775230618
B,0.8109363728125729,0.9437068965735165,0.6500441165114651,0.6841237850193828
B,0.8140795370482805,0.9438223953677306,0.6479698898966085,0.686247576159696
B,0.8172227012839882,0.9439411361456609,0.6458909520898279,0.6883674502156947
B,0.8203658655196958,0.9440631201704678,0.6438073006229582,0.6904834064121882
B,0.8235090297554035,0.9441883487398463,0.6417189329821225,0.6925954439269463
B,0.8266521939911111,0.9443168231860438,0.639625846607825,0.6947035618905413
B,0.8297953582268188,0.9444485448758771,0.6375280388950427,0.6968077593861902
B,0.8329385224625264,0.9445835152107481,0.6354255071933155,0.6989080354495943
B,0.8360816866982341,0.9447217356266633,0.6333182488068381,0.7010043890687812
B,0.8392248509339417,0.9448632075942505,0.6312062609945503,0.703096819183941
B,0.8423680151696493,0.945007932618779,0.6290895409702275,0.7051853246872678
B,0.845511179405357,0.9451559122401771,0.6269680859025695,0.7072699044227951
B,0.8486543436410646,0.9453071480330527,0.6248418929152914,0.7093505571862332
B,0.8517975078767723,0.9454616416067128,0.6227109590872119,0.7114272817248048
B,0.8549406721124799,0.945619394605183,0.6205752814523424,0.7135000767370797
B,0.8580838363481876,0.94578040870723,0.6184348569999758,0.7155689408728098
B,0.8612270005838952,0.9459446856263813,0.6162896826747742,0.7176338727327602
B,0.8643701648196029,0.9461122271109472,0.6141397553768572,0.7196948708685442
B,0.8675133290553105,0.9462830349440429,0.6119850719618899,0.7217519337824521
B,0.8706564932910182,0.9464571109436106,0.6098256292411692,0.7238050599272832
B,0.8737996575267258,0.9466344569624434,0.6076614239817125,0.7258542477061752
B,0.8769428217624335,0.9468150748882072,0.6054924529063429,0.7278994954724323
B,0.8800859859981411,0.9469989666434648,0.6033187126937768,0.7299408015293529
B,0.8832291502338487,0.9471861341857007,0.6011401999787097,0.7319781641300573
B,0.8863723144695564,0.9473765795073453,0.5989569113519032,0.7340115814773127
B,0.889515478705264,0.9475703046357992,0.5967688433602694,0.7360410517233584
B,0.8926586429409717,0.947767311633459,0.5945759925069571,0.7380665729697294
B,0.8958018071766793,0.9479676025977434,0.5923783552514382,0.74008814326708
B,0.898944971412387,0.948171179661119,0.5901759280095913,0.7421057606150053
B,0.9020881356480946,0.9483780449911274,0.5879687071537877,0.7441194229618632
B,0.9052312998838024,0.9485882007904112,0.5857566890129755,0.7461291282045928
B,0.90837446411951,0.9488016492967428,0.5835398698727652,0.7481348741885354
B,0.9115176283552177,0.9490183927830509,0.5813182459755125,0.750136658707251
B,0.9146607925909253,0.9492384335574497,0.5790918135204042,0.7521344795023363
B,0.9178039568266328,0.9494617739632674,0.5768605686635414,0.7541283342632409
B,0.9209471210623406,0.9496884163790746,0.574624507518023,0.7561182206270818
B,0.9240902852980482,0.9499183632187149,0.5723836261540306,0.7581041361784575
B,0.9272334495337559,0.9501516169313343,0.5701379205989116,0.7600860784492623
B,0.9303766137694635,0.9503881800014105,0.5678873868372618,0.762064044918496
B,0.9335197780051712,0.9506280549487857,0.5656320208110105,0.7640380330120773
B,0.9366629422408788,0.9508712443286954,0.5633718184195023,0.7660080401026512
B,0.9398061064765865,0.9511177507318019,0.5611067755195809,0.7679740635094006
B,0.9429492707122941,0.9513675767842251,0.5588368879256722,0.7699361004978519
B,0.9460924349480018,0.9516207251475745,0.5565621514098664,0.7718941482796824
B,0.9492355991837094,0.9518771985189834,0.554282561702003,0.7738482040125269
B,0.952378763419417,0.9521369996311401,0.5519981144897504,0.7757982647997802
B,0.9555219276551247,0.9524001312523231,0.5497088054186923,0.7777443276904028
B,0.9586650918908323,0.952666596186434,0.547414630092407,0.7796863896787216
B,0.96180825612654,0.9529363972730319,0.5451155840725525,0.781624447704232
B,0.9649514203622476,0.9532095373873684,0.5428116628789479,0.7835584986513976
B,0.9680945845979553,0.9534860194404229,0.5405028619896567,0.7854885393494501
B,0.9712377488336629,0.9537658463789369,0.5381891768410686,0.7874145665721856
B,0.9743809130693706,0.9540490211854513,0.5358706028279828,0.7893365770377628
B,0.9775240773050782,0.9543355468783419,0.5335471353036901,0.7912545674084982
B,0.9806672415407859,0.9546254265118562,0.531218769580056,0.7931685342906606
B,0.9838104057764935,0.95491866317615,0.5288855009276024,0.7950784742342636
B,0.9869535700122012,0.9552152599973257,0.5265473245755915,0.7969843837328592
B,0.9900967342479088,0.9555152201374693,0.5242042357121073,0.7988862592233277
B,0.9932398984836164,0.9558185467946887,0.5218562294841391,0.8007840970856677
B,0.9963830627193241,0.9561252432031527,0.5195033009976641,0.8026778936427852
B,0.9995262269550317,0.9564353126331294,0.5171454453177299,0.8045676451602803
B,1.0026693911907394,0.9567487583910261,0.5147826574685381,0.8064533478462346
B,1.005812555426447,0.957065583819428,0.5124149324335268,0.8083349978509942
B,1.0089557196621546,0.9573857922971394,0.5100422651554539,0.8102125912669557
B,1.0120988838978624,0.957709387239223,0.5076646505364801,0.8120861241283474
B,1.01524204813357,0.9580363720970421,0.5052820834382533,0.8139555924110111
B,1.0183852123692776,0.9583667503583004,0.5028945586819905,0.8158209920321828
B,1.0215283766049852,0.958700525547084,0.5005020710485624,0.8176823188502702
B,1.0246715408406928,0.9590377012239035,0.4981046152785769,0.8195395686646315
B,1.0278147050764006,0.9593782809857362,0.4957021860724632,0.8213927372153513
B,1.0309578693121082,0.9597222684660688,0.4932947780905563,0.8232418201830164
B,1.0341010335478158,0.9600696673349396,0.4908823859531798,0.825086813188488
B,1.0372441977835234,0.9604204812989834,0.4884650042407325,0.8269277117926767
B,1.0403873620192312,0.9607747141014735,0.486042627493771,0.8287645114963114
B,1.0435305262549388,0.9611323695223667,0.483615250213096,0.8305972077397106
B,1.0466736904906464,0.9614934513783479,0.48118286685983724,0.832425795902551
B,1.049816854726354,0.9618579635228739,0.47874547185553795,0.8342502713036349
B,1.0529600189620618,0.9622259098462195,0.47630305958224134,0.8360706292006559
B,1.0561031831977694,0.9625972942755221,0.47385562438257656,0.8378868647899635
B,1.059246347433477,0.9629721207748284,0.47140316055984394,0.8396989732063275
B,1.0623895116691846,0.9633503933451397,0.4689456623781021,0.8415069495226991
B,1.0655326759048922,0.9637321160244587,0.4664831240622544,0.8433107887499722
B,1.0686758401406,0.9641172928878364,0.46401553979813565,0.8451104858367425
B,1.0718190043763076,0.9645059280474194,0.4615429037326007,0.8469060356690659
B,1.0749621686120152,0.9648980256524965,0.45906520997360994,0.8486974330702144
B,1.0781053328477228,0.9652935898895479,0.45658245259031927,0.8504846728004329
B,1.0812484970834306,0.9656926249822922,0.4540946256131669,0.8522677495566918
B,1.0843916613191382,0.9660951351917352,0.45160172303396334,0.8540466579724392
B,1.0875348255548458,0.9665011248162187,0.44910373880597937,0.8558213926173537
B,1.0906779897905534,0.9669105981914702,0.4466006668440361,0.8575919479970932
B,1.0938211540262612,0.9673235596906512,0.4440925010245942,0.8593583185530432
B,1.0969643182619688,0.9677400137244078,0.44157923518584535,0.8611204986620634
B,1.1001074824976764,0.9681599647409204,0.43906086312780135,0.8628784826362343
B,1.103250646733384,0.9685834172259541,0.43653737861238606,0.8646322647226005
B,1.1063938109690916,0.9690103757029097,0.4340087753635271,0.8663818391029129
B,1.1095369752047994,0.9694408447328743,0.431475047067247,0.8681271998933715
B,1.112680139440507,0.9698748289146727,0.42893618737175704,0.8698683411443634
B,1.1158233036762146,0.9703123328849191,0.42639218988754873,0.8716052568402021
B,1.1189664679119222,0.9707533613180689,0.42384304818748797,0.8733379408988641
B,1.12210963214763,0.9711979189264708,0.4212887558069089,0.8750663871717245
B,1.1252527963833376,0.9716460104604195,0.4187293062437089,0.87679058944329
B,1.1283959606190452,0.9720976407082086,0.41616469295844266,0.8785105414309327
B,1.1315391248547528,0.9725528144961827,0.4135949093744181,0.8802262367846195
B,1.1346822890904604,0.9730115366887923,0.41101994887779286,0.8819376690866433
B,1.1378254533261682,0.9734738121886459,0.40843980481767034,0.8836448318513488
B,1.1409686175618758,0.973939645936565,0.405854470506198,0.8853477185248604
B,1.1441117817975834,0.9744090429116375,0.4032639392186641,0.8870463224848063
B,1.147254946033291,0.9748820081312728,0.40066820419359683,0.8887406370400428
B,1.1503981102689989,0.9753585466512561,0.39806725863286335,0.8904306554303753
B,1.1535412745047064,0.9758386635658032,0.3954610957017698,0.8921163708262776
B,1.156684438740414,0.9763223640076163,0.39284970852916135,0.8937977763286131
B,1.1598276029761216,0.9768096531479393,0.3902330902075236,0.8954748649683497
B,1.1629707672118295,0.9773005361966131,0.3876112337930838,0.8971476297062767
B,1.166113931447537,0.9777950184021321,0.38498413230591494,0.8988160634327179
B,1.1692570956832447,0.9782931050517006,0.38235177873003684,0.9004801589672449
B,1.1724002599189522,0.9787948014712885,0.37971416601352165,0.902139909058387
B,1.1755434241546598,0.9793001130256888,0.37707128706859805,0.9037953063833413
B,1.1786865883903677,0.9798090451185744,0.3744231347717565,0.9054463435476802
B,1.1818297526260753,0.9803216031925549,0.37176970196385634,0.9070930130850565
B,1.1849729168617829,0.9808377927292347,0.36911098145023175,0.9087353074569094
B,1.1881160810974905,0.9813576192492699,0.36644696600080023,0.9103732190521662
B,1.1912592453331983,0.9818810883124272,0.3637776483501711,0.9120067401869438
B,1.1944024095689059,0.9824082055176403,0.36110302119775534,0.9136358631042477
B,1.1975455738046135,0.9829389765030704,0.3584230772078753,0.9152605799736712
B,1.200688738040321,0.9834734069461633,0.3557378090098768,0.9168808828910908
B,1.2038319022760289,0.984011502563708,0.3530472091982402,0.9184967638783603
B,1.2069750665117365,0.9845532691118963,0.35035127033269475,0.9201082148830045
B,1.210118230747444,0.9850987123863819,0.3476499849383313,0.9217152277779106
B,1.2132613949831517,0.9856478382223395,0.3449433455057181,0.9233177943610172
B,1.2164045592188593,0.9862006524945237,0.34223134449101594,0.9249159063550025
B,1.219547723454567,0.98675716111733,0.3395139743160954,0.9265095554069706
B,1.2226908876902747,0.9873173700448538,0.33679122736865513,0.9280987330881352
B,1.2258340519259823,0.9878812852709502,0.33406309600233935,0.9296834308935038
B,1.2289772161616899,0.9884489128292951,0.33132957253685885,0.9312636402415579
B,1.2321203803973977,0.9890202587934451,0.3285906492581111,0.9328393524739328
B,1.2352635446331053,0.9895953292768974,0.32584631841830314,0.9344105588550938
B,1.2384067088688129,0.990174130433152,0.32309657223607363,0.935977250572015
B,1.2415498731045205,0.990756668455771,0.32034140289661706,0.9375394187338503
B,1.244693037340228,0.9913429495784405,0.3175808025518094,0.9390970543716081
B,1.2478362015759359,0.991932980075032,0.3148147633203344,0.9406501484378215
B,1.2509793658116435,0.9925267662596621,0.31204327728781084,0.9421986918062157
B,1.254122530047351,0.9931243144867559,0.309266336506921,0.9437426752713776
B,1.2572656942830587,0.9937256311511072,0.30648393299754084,0.9452820895484191
B,1.2604088585187665,0.9943307226879405,0.30369605874687067,0.9468169252726418
B,1.263552022754474,0.9949395955729732,0.3009027057095685,0.9483471729991988
B,1.2666951869901817,0.9955522563224765,0.2981038658078817,0.949872823202754
B,1.2698383512258893,0.9961687114933382,0.2952995309317831,0.9513938662771411
B,1.272981515461597,0.9967889676831247,0.29248969293910665,0.9529102925350196
B,1.2761246796973047,0.9974130315301426,0.289674343655685,0.9544220922075292
B,1.2792678439330123,0.9980409097135016,0.28685347487548757,0.9559292554439432
B,1.28241100816872,0.9986726089531763,0.284027078360761,0.9574317723113193
B,1.2855541724044275,0.9993081360100693,0.2811951458421705,0.958929632794148
B,1.2886973366401353,0.9999474976860728,0.278357669018942,0.960422826794001
B,1.291840500875843,1.0005907008241315,0.27551463955900746,0.9619113441291753
B,1.2949836651115505,1.0012377523083056,0.2726660490991493,0.9633951745343383
B,1.298126829347258,1.001888659063833,0.2698118892451477,0.9648743076601685
B,1.301269993582966,1.0025434280571919,0.26695215157192903,0.9663487330729956
B,1.3044131578186735,1.003202066296164,0.2640868276237166,0.9678184402544387
B,1.307556322054381,1.0038645808298963,0.2612159089141805,0.9692834186010415
B,1.3106994862900887,1.0045309787489654,0.258339386926592,0.9707436574239087
B,1.3138426505257965,1.005201267185439,0.25545725311397705,0.9721991459483359
B,1.3169858147615041,1.0058754533129388,0.2525694988992737,0.9736498733134411
B,1.3201289789972117,1.0065535443467042,0.24967611567548803,0.9750958285717937
B,1.3232721432329193,1.0072355475436545,0.24677709480585475,0.9765370006890408
B,1.326415307468627,1.0079214702024513,0.24387242762399752,0.9779733785435312
B,1.3295584717043347,1.0086113196635618,0.24096210543409158,0.9794049509259392
B,1.3327016359400423,1.0093051033093219,0.2380461195110289,0.9808317065388853
B,1.33584480017575,1.010002828563998,0.23512446110058263,0.9822536339965544
B,1.3389879644114575,1.0107045028938504,0.2321971214195759,0.9836707218243145
B,1.3421311286471653,1.0114101338071955,0.22926409165605072,0.9850829584583296
B,1.345274292882873,1.0121197288544685,0.22632536296944014,0.9864903322451741
B,1.3484174571185805,1.0128332956282866,0.22338092649074,0.9878928314414448
B,1.3515606213542881,1.01355084176351,0.22043077332268465,0.9892904442133679
B,1.3547037855899957,1.0142723749373055,0.21747489453992336,0.9906831586364084
B,1.3578469498257035,1.0149979028692082,0.21451328118919885,0.9920709626948742
B,1.3609901140614111,1.0157274333211836,0.21154592428952845,0.9934538442815191
B,1.3641332782971187,1.0164609740976904,0.20857281483238546,0.9948317911971456
B,1.3672764425328263,1.017198533045742,0.20559394378188423,0.9962047911502037
B,1.3704196067685341,1.0179401180549674,0.2026093020749659,0.9975728317563867
B,1.3735627710042417,1.0186857370576747,0.199618880621588,0.9989359005382288
B,1.3767059352399493,1.0194353980289117,0.19662267030491318,1.0002939849246975
B,1.379849099475657,1.0201891089865267,0.19362066198150255,1.0016470722507844
B,1.3829922637113647,1.0209468779912314,0.19061284648150992,1.0029951497570957
B,1.3861354279470723,1.0217087131466602,0.18759921460887907,1.0043382045894382
B,1.38927859218278,1.022474622599433,0.18457975714154132,1.0056762237984065
B,1.3924217564184875,1.023244614539214,0.18155446483161714,1.0070091943389643
B,1.3955649206541951,1.0240186971987735,0.17852332840561916,1.0083371030700263
B,1.398708084889903,1.0247968788540485,0.1754863385646573,1.0096599367540389
B,1.4018512491256105,1.0255791678242017,0.172443485984647,1.010977682056555
B,1.4049944133613181,1.0263655724716818,0.16939476131651776,1.0122903255458104
B,1.4081375775970257,1.027156101202284,0.16634015518642625,1.0135978536922976
B,1.4112807418327336,1.0279507624652087,0.1632796581959703,1.0149002528683353
B,1.4144239060684412,1.0287495647531202,0.16021326092240634,1.016197509347638
B,1.4175670703041487,1.0295525166022068,0.15714095391886765,1.0174896093048842
B,1.4207102345398563,1.0303596265922388,0.15406272771458657,1.0187765388152785
B,1.4238533987755642,1.0311709033466268,0.15097857281511806,1.020058283854118
B,1.4269965630112718,1.0319863555324793,0.14788847970256733,1.021334830296349
B,1.4301397272469794,1.0328059918606625,0.14479243883581755,1.02260616391613
B,1.433282891482687,1.0336298210858545,0.14169044065076192,1.023872270386384
B,1.4364260557183945,1.0344578520066054,0.138582475560538,1.0251331352783564
B,1.4395692199541024,1.0352900934653926,0.13546853395576408,1.0263887440611659
B,1.44271238418981,1.036126554348677,0.13234860620477934,1.0276390821013544
B,1.4458555484255176,1.03696724358696,0.1292226826538846,1.0288841346624367
B,1.4489987126612252,1.0378121701548384,0.12609075362758795,1.0301238869044451
B,1.452141876896933,1.0386613430710598,0.1229528094288517,1.0313583238834747
B,1.4552850411326406,1.0395147713985782,0.1198088403393435,1.0325874305512246
B,1.4584282053683482,1.0403724642446073,0.11665883661968791,1.0338111917545376
B,1.4615713696040558,1.0412344307606758,0.11350278850972324,1.0350295922349397
B,1.4647145338397634,1.0421006801426793,0.11034068622875977,1.0362426166281722
B,1.4678576980754712,1.042971221630936,0.10717251997584135,1.0374502494637297
B,1.4710008623111788,1.0438460645102368,0.10399827993001053,1.0386524751643875
B,1.4741440265468864,1.0447252181098987,0.10081795625057474,1.0398492780457331
B,1.477287190782594,1.0456086918038174,0.09763153907737772,1.0410406423156942
B,1.4804303550183018,1.0464964950105164,0.09443901853107231,1.0422265520740601
B,1.4835735192540094,1.0473886371931997,0.09124038471339803,1.0434069913120092
B,1.486716683489717,1.0482851278598009,0.08803562770745928,1.0445819439116266
B,1.4898598477254246,1.0491859765630331,0.08482473757800896,1.0457513936454246
B,1.4930030119611324,1.0500911929004382,0.08160770437173401,1.0469153241758575
B,1.49614617619684,1.0510007865144348,0.07838451811754535,1.0480737190548386
B,1.4992893404325476,1.0519147670923668,0.07515516882686893,1.04922656172325
B,1.5024325046682552,1.0528331443665502,0.07191964649394225,1.0503738355104546
B,1.5055756689039628,1.0537559281143203,0.06867794109611312,1.0515155236338032
B,1.5087188331396706,1.0546831281580773,0.06543004259414173,1.0526516091981413
B,1.5118619973753782,1.0556147543653318,0.06217594093250724,1.0537820751953115
B,1.5150051616110858,1.0565508166487498,0.05891562603971557,1.0549069045036574
B,1.5181483258467934,1.0574913249661964,0.05564908782861291,1.056026079887521
B,1.5212914900825012,1.0584362893207793,0.052376316196701335,1.0571395839967415
B,1.5244346543182088,1.0593857197608916,0.049097301026459456,1.0582473993661499
B,1.5275778185539164,1.060339626380254,0.04581203218566423,1.0593495084150633
B,1.530720982789624,1.0612980193179555,0.042520499527718705,1.0604458934467749
B,1.5338641470253318,1.0622609087584935,0.0392226928919822,1.061536536648043
B,1.5370073112610394,1.0632283049318145,0.03591860210410539,1.0626214200885782
B,1.540150475496747,1.0642002181133523,0.03260821697636694,1.0637005257205285
B,1.5432936397324546,1.065176658624066,0.029291527308016218,1.0647738353779612
B,1.5464368039681622,1.0661576368304777,0.02596852288561866,1.065841330776344
B,1.54957996820387,1.0671431631447084,0.022639193483405023,1.0669029935120224
B,1.5527231324395776,1.0681332480245134,0.01930352886362574,1.067958805061697
B,1.5558662966752852,1.0691279019733173,0.015961518776906873,1.069008746781897
B,1.5590094609109928,1.070127135540248,0.012613152962612404,1.0700527999084521
B,1.5621526251467006,1.0711309593201692,0.009258421149209191,1.0710909455559643
B,1.5652957893824082,1.0721393839537114,0.005897313054637396,1.0721231647172724
B,1.5684389536181158,1.0731524201273044,0.002529818386682716,1.07314943826292
B,1.5715821178538234,1.0741700785732062,-0.0008440731566448623,1.0741697469406195
B,1.574725282089531,1.0751923700695323,-0.004224371886729265,1.0751840713747114
B,1.5778684463252388,1.0762193054402833,-0.007611088123962256,1.0761923920656264
B,1.5810116105609464,1.077250895555372,-0.011004232197351863,1.0771946893893403
B,1.584154774796654,1.0782871513306493,-0.014403814444128827,1.0781909435968315
B,1.5872979390323616,1.0793280837279295,-0.01780984520934626,1.0791811348135325
B,1.5904411032680694,1.0803737037550125,-0.021222334845476254,1.0801652430387816
B,1.593584267503777,1.0814240224657077,-0.024641293712000606,1.0811432481452725
B,1.5967274317394846,1.0824790509598543,-0.028066732174999318,1.0821151298785003
B,1.5998705959751922,1.0835388003833435,-0.03149866060673219,1.083080867856208
B,1.6030137602109,1.0846032819281344,-0.034937089385217064,1.084040441567827
B,1.6061569244466076,1.085672506832275,-0.03838202889380212,1.0849938303739204
B,1.6093000886823152,1.086746486379917,-0.041833489520735685,1.0859410135056202
B,1.6124432529180228,1.0878252319013317,-0.04529148165872886,1.086881970064065
B,1.6155864171537304,1.0889087547729241,-0.04875601570451456,1.0878166790198345
B,1.6187295813894382,1.0899970664172456,-0.0522271020584016,1.0887451192123814
B,1.6218727456251458,1.0910901783030056,-0.0557047511238227,1.089667269349464
B,1.6250159098608534,1.0921881019450819,-0.059188973306879805,1.0905831080065738
B,1.628159074096561,1.0932908489045288,-0.06267977901588202,1.0914926136263614
B,1.6313022383322688,1.094398430788585,-0.06617717866087981,1.0923957645180629
B,1.6344454025679764,1.0955108592506795,-0.06968118265319272,1.0932925388569221
B,1.637588566803684,1.0966281459904366,-0.07319180140493418,1.0941829146836113
B,1.6407317310393916,1.0977503027536772,-0.07670904532852862,1.0950668699036492
B,1.6438748952750994,1.0988773413324235,-0.08023292483622492,1.0959443822868205
B,1.647018059510807,1.1000092735648959,-0.08376345033960267,1.0968154294665875
B,1.6501612237465146,1.101146111335513,-0.08730063224907579,1.097679988939506
B,1.6533043879822222,1.1022878665748892,-0.09084448097338808,1.0985380380646346
B,1.6564475522179298,1.1034345512598285,-0.09439500691910435,1.099389554062945
B,1.6595907164536376,1.1045861774133197,-0.09795222049009623,1.1002345140167296
B,1.6627338806893452,1.1057427571045275,-0.1015161320870207,1.1010728948690058
B,1.6658770449250528,1.1069043024487832,-0.10508675210679573,1.10190467342292
B,1.6690202091607604,1.1080708256075742,-0.10866409094206762,1.1027298263411511
B,1.6721633733964683,1.1092423387885293,-0.11224815898067368,1.103548330145307
B,1.6753065376321759,1.1104188542454054,-0.11583896660509806,1.1043601612153267
B,1.6784497018678834,1.1116003842780706,-0.1194365241919236,1.1051652957888727
B,1.681592866103591,1.1127869412324858,-0.12304084211127565,1.1059637099607291
B,1.6847360303392986,1.1139785375006839,-0.1266519307262606,1.106755379682192
B,1.6878791945750065,1.1151751855207486,-0.13026980039239874,1.1075402807604608
B,1.691022358810714,1.1163768977767896,-0.13389446145704934,1.1083183888580281
B,1.6941655230464217,1.1175836867989175,-0.13752592425883217,1.1090896794920666
B,1.6973086872821292,1.1187955651632153,-0.14116419912704015,1.109854128033815
B,1.700451851517837,1.120012545491708,-0.144809296381047,1.1106117097079615
B,1.7035950157535447,1.1212346404523321,-0.14846122632970732,1.1113623995920276
B,1.7067381799892523,1.1224618627589,-0.15211999927075207,1.112106172615747
B,1.7098813442249599,1.123694225171065,-0.15578562549017574,1.112843003560446
B,1.7130245084606677,1.1249317404942836,-0.1594581152616177,1.1135728670584206
B,1.7161676726963753,1.1261744215797724,-0.1631374788457358,1.1142957375923108
B,1.7193108369320829,1.127422281324469,-0.16682372648957525,1.1150115894944777
B,1.7224540011677905,1.1286753326709844,-0.1705168684259289,1.115720396946373
B,1.725597165403498,1.1299335886075577,-0.17421691487269106,1.116422133977912
B,1.7287403296392059,1.131197062168006,-0.17792387603220508,1.1171167744668435
B,1.7318834938749135,1.1324657664316733,-0.18163776209060203,1.1178042921381162
B,1.735026658110621,1.1337397145233747,-0.18535858321713508,1.118484660563246
B,1.7381698223463287,1.1350189196133422,-0.1890863495635044,1.1191578531596813
B,1.7413129865820365,1.1363033949171646,-0.19282107126317585,1.1198238431901666
B,1.744456150817744,1.137593153695726,-0.19656275843069135,1.1204826037621045
B,1.7475993150534517,1.138888209255142,-0.20031142116097392,1.121134107826916
B,1.7507424792891593,1.1401885749466947,-0.20406706952862338,1.121778328179402
B,1.753885643524867,1.1414942641667607,-0.20782971358720498,1.1224152374570986
B,1.7570288077605747,1.1428052903567425,-0.21159936336853039,1.1230448081396358
B,1.7601719719962823,1.1441216670029921,-0.21537602888193202,1.1236670125480923
B,1.7633151362319899,1.1454434076367352,-0.2191597201135284,1.1242818228443507
B,1.7664583004676975,1.1467705258339906,-0.22295044702548206,1.1248892110304487
B,1.7696014647034053,1.1481030352154888,-0.22674821955524996,1.1254891489479328
B,1.7727446289391129,1.1494409494465847,-0.2305530476148245,1.1260816082772076
B,1.7758877931748205,1.1507842822371714,-0.23436494108996941,1.1266665605368862
B,1.779030957410528,1.1521330473415883,-0.23818390983944457,1.1272439770831377
B,1.782174121646236,1.1534872585585265,-0.24200996369422417,1.1278138291090356
B,1.7853172858819435,1.1548469297309323,-0.24584311245670534,1.1283760876439026
B,1.788460450117651,1.1562120747459075,-0.24968336589991091,1.1289307235526578
B,1.7916036143533587,1.157582707534605,-0.253530733766681,1.1294777075351576
B,1.7947467785890663,1.158958842072124,-0.25738522576885753,1.1300170101255436
B,1.797889942824774,1.1603404923773994,-0.2612468515864604,1.1305486016915804
B,1.8010331070604817,1.1617276725130896,-0.26511562086685286,1.1310724524340001
B,1.8041762712961893,1.1631203965854608,-0.2689915432239021,1.1315885323858417
B,1.807319435531897,1.1645186787442676,-0.27287462823712705,1.132096811411791
B,1.8104625997676047,1.1659225331826306,-0.2767648854508396,1.13259725920752
B,1.8136057640033123,1.1673319741369097,-0.28066232437327504,1.1330898452990237
B,1.81674892823902,1.168747015886577,-0.2845669544757164,1.1335745390419607
B,1.8198920924747275,1.1701676727540804,-0.2884787851916061,1.134051309620987
B,1.8230352567104353,1.1715939591047109,-0.292397825915651,1.1345201260490938
B,1.826178420946143,1.17302588934646,-0.2963240860029161,1.134980957166943
B,1.8293215851818505,1.174463477929878,-0.3002575747679113,1.1354337716422023
B,1.832464749417558,1.1759067393479254,-0.30419830148366606,1.135878537968881
B,1.8356079136532657,1.177355688135823,-0.3081462753807962,1.1363152244666617
B,1.8387510778889735,1.1788103388708957,-0.31210150564656025,1.1367437992802363
B,1.8418942421246811,1.180270706172416,-0.31606400142390606,1.1371642303786391
B,1.8450374063603887,1.1817368047014396,-0.3200337718105083,1.1375764855545791
B,1.8481805705960963,1.1832086491606404,-0.32401082585779534,1.1379805324237744
B,1.8513237348318041,1.1846862542941399,-0.3279951725699664,1.1383763384242829
B,1.8544668990675117,1.1861696348873318,-0.33198682090299736,1.1387638708158365
B,1.8576100633032193,1.1876588057667048,-0.33598577976363897,1.1391430966791727
B,1.860753227538927,1.1891537817996596,-0.3399920580084026,1.1395139829153669
B,1.8638963917746347,1.1906545778943218,-0.34400566444253633,1.1398764962451655
B,1.8670395560103423,1.1921612089993505,-0.3480266078189894,1.140230603208316
B,1.87018272024605,1.1936736901037446,-0.35205489683736946,1.140576270162903
B,1.8733258844817575,1.1951920362366406,-0.3560905401428845,1.140913463284677
B,1.8764690487174651,1.1967162624671108,-0.36013354632527794,1.1412421485663897
B,1.879612212953173,1.1982463839039532,-0.364183923917751,1.1415622918171264
B,1.8827553771888805,1.1997824156954782,-0.36824168139587293,1.1418738586616377
B,1.8858985414245881,1.201324373029292,-0.37230682717648406,1.1421768145396758
B,1.8890417056602957,1.202872271132073,-0.37637936961658364,1.1424711247053267
B,1.8921848698960035,1.204426125269346,-0.38045931701220903,1.1427567542263461
B,1.8953280341317111,1.2059859507452484,-0.38454667759730105,1.143033667983493
B,1.8984711983674187,1.2075517629022947,-0.3886414595425617,1.1433018306698661
B,1.9016143626031263,1.209123577121135,-0.3927436709542966,1.1435612067902412
B,1.904757526838834,1.2107014088203076,-0.3968533198732476,1.1438117606604068
B,1.9079006910745417,1.2122852734559881,-0.4009704142734139,1.1440534564065032
B,1.9110438553102493,1.2138751865217314,-0.40509496206085915,1.1442862579643607
B,1.914187019545957,1.2154711635482114,-0.4092269710725103,1.1445101290788393
B,1.9173301837816645,1.2170732201029528,-0.41336644907494124,1.1447250333031704
B,1.9204733480173724,1.2186813717900593,-0.41751340376314555,1.1449309339982972
B,1.92361651225308,1.2202956342499351,-0.4216678427592961,1.1451277943322191
B,1.9267596764887875,1.2219160231590027,-0.42582977361149454,1.1453155772793346
B,1.9299028407244951,1.2235425542294136,-0.42999920379250567,1.1454942456197887
B,1.933046004960203,1.2251752432087542,-0.434176140698481,1.145663761938817
B,1.9361891691959106,1.2268141058797453,-0.4383605916476678,1.1458240886260969
B,1.9393323334316181,1.2284591580599389,-0.4425525638791085,1.1459751878750961
B,1.9424754976673257,1.2301104156014038,-0.44675206455132394,1.1461170216824232
B,1.9456186619030333,1.2317678943904107,-0.45095910074098533,1.146249551847183
B,1.9487618261387412,1.2334316103471086,-0.4551736794415732,1.1463727399703298
B,1.9519049903744488,1.2351015794251945,-0.4593958075620211,1.1464865474540242
B,1.9550481546101564,1.2367778176115813,-0.4636254919253502,1.1465909355009933
B,1.958191318845864,1.2384603409260535,-0.4678627392672856,1.1466858651138894
B,1.9613344830815718,1.2401491654209218,-0.47210755623486284,1.1467712970946538
B,1.9644776473172794,1.2418443071806682,-0.4763599493850173,1.1468471920438823
B,1.967620811552987,1.2435457823215874,-0.4806199251831644,1.1469135103601922
B,1.9707639757886946,1.2452536069914193,-0.48488749000176157,1.1469702122395906
B,1.9739071400244024,1.2469677973689766,-0.4891626501188588,1.1470172576748494
B,1.97705030426011,1.2486883696637647,-0.49344541171663286,1.1470546064548774
B,1.9801934684958176,1.2504153401155957,-0.4977357808799106,1.1470822181640976
B,1.9833366327315252,1.252148724994197,-0.5020337635946753,1.1471000521818306
B,1.9864797969672328,1.2538885405988094,-0.506339365746559,1.147108067681674
B,1.9896229612029406,1.2556348032577813,-0.5106525931193211,1.1471062236308895
B,1.9927661254386482,1.257387529328156,-0.5149734513933107,1.1470944787897925
B,1.9959092896743558,1.2591467351952492,-0.5193019461439169,1.1470727917111432
B,1.9990524539100634,1.2609124372722236,-0.5236380828400014,1.147041120739543
B,2.002195618145771,1.2626846519996515,-0.5279818668423172,1.146999424010833
B,2.005338782381479,1.2644633958450742,-0.5323333034019128,1.1469476594514956
B,2.0084819466171866,1.2662486853025512,-0.5366923976585197,1.146885784778061
B,2.011625110852894,1.2680405368922032,-0.5410591546389248,1.1468137574965165
B,2.014768275088602,1.2698389671597479,-0.545433579255331,1.1467315349017195
B,2.017911439324309,1.2716439926760263,-0.5498156763036937,1.146639074076816
B,2.021054603560017,1.2734556300365245,-0.5542054504620522,1.1465363318926598
B,2.024197767795725,1.2752738958608831,-0.5586029062888358,1.1464232650072401
B,2.027340932031432,1.2770988067924034,-0.5630080482211595,1.1462998298651104
B,2.03048409626714,1.278930379497542,-0.5674208805731036,1.1461659826968214
B,2.0336272605028474,1.2807686306653991,-0.5718414075339718,1.146021679518362
B,2.036770424738555,1.2826135770071994,-0.5762696331665418,1.1458668761306012
B,2.039913588974263,1.2844652352557606,-0.5807055614052886,1.1457015281187353
B,2.0430567532099704,1.2863236221649599,-0.5851491960546007,1.1455255908517439
B,2.046199917445678,1.2881887545091857,-0.5896005407869762,1.1453390194818442
B,2.0493430816813856,1.2900606490827846,-0.5940595991411978,1.145141768943957
B,2.0524862459170934,1.2919393226995,-0.5985263745204996,1.1449337939551743
B,2.055629410152801,1.2938247921918977,-0.6030008701907077,1.1447150490142324
B,2.0587725743885086,1.2957170744107875,-0.6074830892783691,1.144485488400993
B,2.0619157386242164,1.2976161862246343,-0.6119730347688643,1.1442450661759267
B,2.065058902859924,1.299522144518958,-0.616470709504496,1.1439937361796064
B,2.0682020670956316,1.3014349661957263,-0.6209761161825659,1.1437314520322015
B,2.0713452313313394,1.303354668172739,-0.6254892573534342,1.1434581671329827
B,2.074488395567047,1.3052812673830008,-0.6300101354185551,1.1431738346598328
B,2.0776315598027546,1.3072147807740855,-0.6345387526285023,1.1428784075687601
B,2.0807747240384624,1.3091552253074914,-0.6390751110809694,1.1425718385934232
B,2.08391788827417,1.3111026179579848,-0.6436192127187553,1.1422540802446586
B,2.0870610525098776,1.3130569757129376,-0.6481710593277349,1.1419250848100184
B,2.090204216745585,1.3150183155716497,-0.652730652534801,1.141584804353313
B,2.093347380981293,1.3169866545446678,-0.6572979938058005,1.1412331907141617
B,2.0964905452170006,1.3189620096530865,-0.6618730844434398,1.1408701955075502
B,2.099633709452708,1.3209443979278472,-0.6664559255851802,1.1404957701233984
B,2.102776873688416,1.32293383640902,-0.6710465182011112,1.1401098657261297
B,2.1059200379241236,1.324930342145079,-0.6756448630918013,1.1397124332542563
B,2.109063202159831,1.3269339321921658,-0.6802509608861348,1.1393034234199657
B,2.112206366395539,1.3289446236133429,-0.6848648120391283,1.1388827867087197
B,2.115349530631246,1.3309624334778345,-0.6894864168297226,1.1384504733788596
B,2.118492694866954,1.3329873788602602,-0.6941157753585628,1.1380064334612208
B,2.121635859102662,1.3350194768398524,-0.6987528875457515,1.1375506167587568
B,2.124779023338369,1.3370587444996676,-0.7033977531285851,1.1370829728461707
B,2.127922187574077,1.3391051989257838,-0.7080503716592736,1.1366034510695573
B,2.1310653518097844,1.3411588572064865,-0.7127107425026319,1.1361120005460537
B,2.134208516045492,1.343219736431445,-0.7173788648337591,1.1356085701634997
B,2.1373516802812,1.345287853690874,-0.7220547376356914,1.1350931085801073
B,2.1404948445169074,1.3473632260746866,-0.7267383596970374,1.1345655642241426
B,2.1436380087526152,1.3494458706716357,-0.7314297296095944,1.1340258852936138
B,2.146781172988323,1.3515358045684387,-0.7361288457659376,1.1334740197559736
B,2.1499243372240304,1.3536330448488954,-0.7408357063569944,1.1329099153478288
B,2.1530675014597382,1.3557376085929922,-0.745550309369597,1.1323335195746629
B,2.1562106656954456,1.3578495128759918,-0.750272652584008,1.131744779710569
B,2.1593538299311534,1.3599687747675142,-0.7550027335714345,1.1311436427979937
B,2.1624969941668613,1.3620954113306003,-0.7597405496915095,1.1305300556474915
B,2.1656401584025686,1.3642294396207677,-0.7644860980897599,1.1299039648374936
B,2.1687833226382764,1.3663708766850522,-0.7692393756950527,1.1292653167140854
B,2.171926486873984,1.3685197395610318,-0.7740003792170106,1.1286140573907975
B,2.1750696511096916,1.3706760452758466,-0.7787691051434185,1.1279501327484092
B,2.1782128153453995,1.3728398108451956,-0.7835455497375953,1.127273488434764
B,2.181355979581107,1.3750110532723274,-0.7883297090357525,1.126584069864598
B,2.1844991438168146,1.377189789547016,-0.7931215788443285,1.125881822219381
B,2.1876423080525225,1.3793760366445182,-0.7979211547372947,1.1251666904471718
B,2.19078547228823,1.381569811524524,-0.802728432053446,1.1244386192624856
B,2.1939286365239377,1.3837711311300893,-0.8075434058936675,1.1236975531461757
B,2.197071800759645,1.3859800123865544,-0.812366071118172,1.1229434363453301
B,2.200214964995353,1.3881964722004505,-0.8171964223437246,1.1221762128731803
B,2.2033581292310607,1.3904205274583896,-0.822034453940834,1.1213958265090258
B,2.206501293466768,1.3926521950259416,-0.8268801600309273,1.1206022207981747
B,2.209644457702476,1.3948914917464967,-0.8317335344835012,1.1197953390518955
B,2.2127876219381832,1.3971384344401114,-0.8365945709132433,1.1189751243473878
B,2.215930786173891,1.3993930399023424,-0.8414632626771397,1.1181415195277662
B,2.219073950409599,1.4016553249030623,-0.846339602871548,1.117294467202062
B,2.2222171146453062,1.4039253061852632,-0.8512235843292555,1.1164339097452387
B,2.225360278881014,1.4062030004638444,-0.8561151996165102,1.1155597892982256
B,2.228503443116722,1.4084884244243816,-0.8610144410300243,1.1146720477679664
B,2.2316466073524293,1.4107815947218842,-0.8659213005939576,1.1137706268274863
B,2.234789771588137,1.4130825279795372,-0.8708357700568775,1.1128554679159754
B,2.2379329358238444,1.415391240787423,-0.8757578408886896,1.1119265122388895
B,2.2410761000595523,1.417707749701232,-0.880687504277549,1.1109837007680685
B,2.24421926429526,1.4200320712409533,-0.8856247511267414,1.1100269742418736
B,2.2473624285309675,1.4223642218895518,-0.8905695720515443,1.1090562731653428
B,2.2505055927666753,1.4247042180916285,-0.8955219573760637,1.108071537810363
B,2.2536487570023827,1.4270520762520609,-0.9004818971300376,1.1070727082158636
B,2.2567919212380905,1.4294078127346335,-0.9054493810456276,1.1060597241880292
B,2.2599350854737983,1.4317714438606428,-0.9104243985541715,1.1050325253005293
B,2.2630782497095057,1.4341429859074923,-0.9154069387829199,1.1039910508947712
B,2.2662214139452135,1.436522455107268,-0.9203969905517457,1.10293524008017
B,2.269364578180921,1.4389098676452943,-0.9253945423698237,1.101865031734442
B,2.2725077424166287,1.4413052396586765,-0.9303995824322905,1.1007803645039163
B,2.2756509066523365,1.4437085872348223,-0.9354120986168735,1.0996811768038695
B,2.278794070888044,1.446119926409946,-0.940432078480496,1.0985674068188815
B,2.2819372351237517,1.4485392731675588,-0.9454595092558616,1.097438992503212
B,2.2850803993594595,1.4509666434369335,-0.9504943778480002,1.0962958715812008
B,2.288223563595167,1.4534020530915575,-0.9555366708307993,1.0951379815476894
B,2.2913667278308747,1.4558455179475656,-0.9605863744435073,1.0939652596684657
B,2.294509892066582,1.4582970537621514,-0.9656434745872017,1.0927776429807334
B,2.29765305630229,1.4607566762319648,-0.9707079568212447,1.091575068293602
B,2.3007962205379977,1.4632244009914854,-0.9757798063596981,1.0903574721886036
B,2.303939384773705,1.4657002436113815,-0.980859008067723,1.0891247910202329
B,2.307082549009413,1.468184219596848,-0.9859455464579482,1.0878769609165106
B,2.3102257132451203,1.470676344385922,-0.991039405686808,1.0866139177795753
B,2.313368877480828,1.4731766333477865,-0.9961405695508629,1.0853355972862961
B,2.316512041716536,1.4756851017810446,-1.001249021483082,1.084041934888915
B,2.3196552059522433,1.4782017649119816,-1.0063647445491066,1.082732865815714
B,2.322798370187951,1.4807266378928055,-1.0114877214434863,1.0814083250717073
B,2.325941534423659,1.4832597357998627,-1.0166179344858817,1.0800682474393635
B,2.3290846986593663,1.4858010736318397,-1.0217553656172453,1.0787125674793525
B,2.332227862895074,1.488350666307942,-1.026899996395978,1.0773412195313214
B,2.3353710271307815,1.4909085286660484,-1.0320518079940468,1.0759541377146984
B,2.3385141913664893,1.4934746754608519,-1.03721078119309,1.0745512559295238
B,2.341657355602197,1.4960491213619735,-1.042376896380482,1.0731325078573133
B,2.3448005198379045,1.4986318809520573,-1.0475501335453787,1.0716978269619477
B,2.3479436840736123,1.501222968724845,-1.0527304722747333,1.0702471464905916
B,2.3510868483093197,1.5038223990832271,-1.0579178917492822,1.0687803994746474
B,2.3542300125450275,1.5064301863372747,-1.0631123707395076,1.0672975187307332
B,2.3573731767807353,1.509046344702246,-1.0683138876015672,1.0657984368616966
B,2.3605163410164427,1.5116708882965753,-1.0735224202732003,1.0642830862576587
B,2.3636595052521505,1.5143038311398376,-1.0787379462696072,1.0627513990970887
B,2.3668026694878583,1.5169451871506892,-1.0839604426792944,1.0612033073479124
B,2.3699458337235657,1.5195949701447895,-1.0891898861598979,1.0596387427686533
B,2.3730889979592735,1.5222531938326989,-1.0944262529339803,1.058057636909606
B,2.376232162194981,1.5249198718177508,-1.0996695187847902,1.0564599211140446
B,2.3793753264306887,1.5275950175939064,-1.1049196590520063,1.0548455265194638
B,2.3825184906663965,1.5302786445435823,-1.1101766486274454,1.0532143840588568
B,2.385661654902104,1.5329707659354546,-1.115440461950742,1.051566424462026
B,2.3888048191378117,1.5356713949222438,-1.12071107300501,1.0499015782569283
B,2.391947983373519,1.5383805445384708,-1.1259884553124615,1.0482197757710636
B,2.395091147609227,1.5410982276981942,-1.1312725819300127,1.0465209471328885
B,2.3982343118449347,1.5438244571927184,-1.1365634254448493,1.0448050222732768
B,2.401377476080642,1.5465592456882822,-1.141860957969972,1.0430719309270124
B,2.40452064031635,1.5493026057237227,-1.1471651511397145,1.0413216026343222
B,2.4076638045520578,1.552054549708111,-1.1524759761052268,1.0395539667424447
B,2.410806968787765,1.5548150899183675,-1.157793403529937,1.0377689524072427
B,2.413950133023473,1.5575842384968526,-1.163117403584986,1.0359664885948487
B,2.4170932972591803,1.560362007448927,-1.1684479459446264,1.034146504083357
B,2.420236461494888,1.5631484086404965,-1.1737849997816057,1.0323089274645514
B,2.423379625730596,1.5659434537955221,-1.1791285337625113,1.030453687145676
B,2.4265227899663033,1.5687471544935094,-1.1844785160430922,1.0285807113512468
B,2.429665954202011,1.5715595221669758,-1.1898349142635583,1.0266899281249058
B,2.4328091184377185,1.5743805680988827,-1.1951976955438393,1.024781265331318
B,2.4359522826734263,1.5772103034200537,-1.2005668264788327,1.022854650658109
B,2.439095446909134,1.5800487391065563,-1.2059422731336096,1.020910011617851
B,2.4422386111448415,1.5828958859770639,-1.2113240010386017,1.0189472755500883
B,2.4453817753805493,1.5857517546901914,-1.2167119751847628,1.016966369623408
B,2.448524939616257,1.5886163557417996,-1.222106160018694,1.014967220837559
B,2.4516681038519645,1.5914896994622794,-1.2275065194377508,1.012949756025616
B,2.4548112680876724,1.594371796013805,-1.232913016785122,1.0109139018561846
B,2.4579544323233797,1.597262655387562,-1.238325614844877,1.0088595848356614
B,2.4610975965590876,1.6001622874009487,-1.2437442758369923,1.0067867313105352
B,2.4642407607947954,1.6030707016947487,-1.2491689614123471,1.0046952674697398
B,2.4673839250305027,1.6059879077302792,-1.254599632647696,1.0025851193470539
B,2.4705270892662106,1.6089139147865095,-1.2600362500406148,1.0004562128235481
B,2.473670253501918,1.611848731957152,-1.2654787735044162,0.9983084736300885
B,2.4768134177376258,1.6147923681477283,-1.2709271623630485,0.9961418273498801
B,2.4799565819733336,1.6177448320726044,-1.2763813753459572,0.9939561994210717
B,2.483099746209041,1.6207061322519982,-1.2818413705829301,0.9917515151394055
B,2.4862429104447488,1.6236762770089637,-1.287307105598916,0.989527699660919
B,2.489386074680456,1.626655274466339,-1.29277853730881,0.987284678004705
B,2.492529238916164,1.6296431325436742,-1.2982556220122268,0.9850223750557168
B,2.4956724031518718,1.632639858954125,-1.303738315388237,0.9827407155676346
B,2.498815567387579,1.6356454612013198,-1.309226572490086,0.9804396241657819
B,2.501958731623287,1.6386599465762015,-1.3147203477398892,0.9781190253500971
B,2.505101895858995,1.6416833221538332,-1.320219594923296,0.9757788434981639
B,2.508245060094702,1.644715594790182,-1.3257242671841365,0.9734190028682951
B,2.51138822433041,1.6477567711188712,-1.331234317019045,0.9710394276026718
B,2.5145313885661174,1.6508068575479011,-1.3367496962720515,0.9686400417305462
B,2.517674552801825,1.6538658602563467,-1.3422703561291636,0.9662207691714944
B,2.520817717037533,1.656933785191018,-1.3477962471129104,0.9637815337387355
B,2.5239608812732404,1.660010638063098,-1.3533273190768755,0.9613222591425054
B,2.527104045508948,1.6630964243447484,-1.3588635212002056,0.9588428689934895
B,2.5302472097446556,1.666191149265684,-1.364404801982088,0.9563432868063224
B,2.5333903739803634,1.669294817809722,-1.369951109236222,0.9538234360031411
B,2.536533538216071,1.6724074347112956,-1.3755023900852519,0.9512832399172056
B,2.5396767024517786,1.6755290044519422,-1.381058590955192,0.9487226217965797
B,2.5428198666874864,1.6786595312567631,-1.3866196575698282,0.9461415048078742
B,2.545963030923194,1.6817990190908452,-1.3921855349450896,0.943539812040056
B,2.5491061951589016,1.684947471655662,-1.3977561673834136,0.9409174665083219
B,2.5522493593946094,1.6881048923854398,-1.4033314984680851,0.938274391158032
B,2.5553925236303168,1.6912712844434918,-1.4089114710575528,0.935610508868718
B,2.5585356878660246,1.6944466507185283,-1.4144960272797342,0.9329257424581484
B,2.5616788521017324,1.6976309938209289,-1.4200851085262955,0.9302200146864685
B,2.56482201633744,1.7008243160789898,-1.4256786554469167,0.9274932482604037
B,2.5679651805731476,1.70402661953514,-1.4312766079435406,0.9247453658375306
B,2.571108344808855,1.7072379059421228,-1.4368789051645987,0.9219762900306213
B,2.574251509044563,1.7104581767591538,-1.4424854854992284,0.9191859434120518
B,2.5773946732802706,1.713687433148041,-1.4480962865714648,0.9163742485182869
B,2.580537837515978,1.7169256759692781,-1.4537112452344236,0.9135411278544301
B,2.583681001751686,1.7201729057781108,-1.4593302975644693,0.9106865038988482
B,2.5868241659873936,1.723429122820562,-1.4649533788553588,0.9078102991078694
B,2.589967330223101,1.7266943270294373,-1.4705804236123827,0.9049124359205514
B,2.593110494458809,1.7299685180202944,-1.4762113655464877,0.9019928367635233
B,2.596253658694516,1.733251695087381,-1.4818461375683805,0.899051424055906
B,2.599396822930224,1.7365438571995457,-1.4874846717826298,0.8960881202143006
B,2.602539987165932,1.7398450029961143,-1.4931268994817455,0.8931028476578597
B,2.605683151401639,1.7431551307827373,-1.4987727511402527,0.8900955288134302
B,2.608826315637347,1.7464742385272096,-1.5044221564087557,0.8870660861207728
B,2.6119694798730544,1.7498023238552507,-1.5100750441079813,0.8840144420378627
B,2.615112644108762,1.7531393840462672,-1.5157313422228302,0.8809405190462649
B,2.61825580834447,1.7564854160290713,-1.5213909778963988,0.8778442396565913
B,2.6213989725801774,1.7598404163775774,-1.5270538774240068,0.8747255264140356
B,2.624542136815885,1.7632043813064684,-1.5327199662472155,0.8715843019039872
B,2.627685301051593,1.7665773066668242,-1.5383891689478304,0.8684204887577301
B,2.6308284652873004,1.769959187941726,-1.5440614092419038,0.8652340096582196
B,2.6339716295230082,1.7733500202418315,-1.5497366099737364,0.8620247873459417
B,2.6371147937587156,1.776749798300913,-1.5554146931098596,0.8587927446248582
B,2.6402579579944234,1.780158516471372,-1.5610955797330286,0.8555378043684307
B,2.6434011222301312,1.783576168719719,-1.5667791900362016,0.8522598895257336
B,2.6465442864658386,1.7870027486220248,-1.5724654433165188,0.8489589231276481
B,2.6496874507015464,1.7904382493593463,-1.578154257969286,0.8456348282931425
B,2.652830614937254,1.7938826637131122,-1.583845551481944,0.8422875282356419
B,2.6559737791729616,1.797335984060491,-1.5895392404280515,0.8389169462694783
B,2.6591169434086694,1.8007982023697187,-1.5952352404612558,0.8355230058164346
B,2.662260107644377,1.8042693101954042,-1.600933466309274,0.8321056304123727
B,2.6654032718800846,1.807749298673804,-1.6066338317678752,0.8286647437139494
B,2.6685464361157925,1.8112381585180635,-1.6123362496948574,0.8252002695054261
B,2.6716896003515,1.8147358800134346,-1.6180406320040395,0.8217121317055647
B,2.6748327645872076,1.8182424530124628,-1.6237468896592528,0.8182002543746121
B,2.677975928822915,1.8217578669301433,-1.6294549326683359,0.814664561721384
B,2.681119093058623,1.8252821107390518,-1.6351646700771423,0.8111049781104283
B,2.6842622572943307,1.8288151729644435,-1.6408760099635489,0.8075214280692931
B,2.687405421530038,1.8323570416793278,-1.6465888594314795,0.803913836295879
B,2.690548585765746,1.8359077044995131,-1.6523031246049353,0.8002821276658872
B,2.6936917500014532,1.839467148578622,-1.658018710622033,0.7966262272403648
B,2.696834914237161,1.8430353606030847,-1.663735521629064,0.7929460602733387
B,2.699978078472869,1.846612326787096,-1.6694534607745513,0.7892415522195511
B,2.7031212427085762,1.8501980328675558,-1.6751724302033373,0.7855126287422873
B,2.706264406944284,1.8537924640989767,-1.6808923310506765,0.7817592157212979
B,2.7094075711799914,1.857395605248362,-1.686613063436342,0.7779812392608236
B,2.7125507354156992,1.861007440590069,-1.6923345264587621,0.7741786256977112
B,2.715693899651407,1.8646279539006327,-1.6980566181891592,0.7703513016096332
B,2.7188370638871144,1.8682571284535725,-1.7037792356657198,0.7664991938234011
B,2.7219802281228223,1.8718949470141728,-1.7095022748877837,0.7626222294233794
B,2.72512339235853,1.8755413918342367,-1.7152256308100506,0.758720335760002
B,2.7282665565942374,1.879196444646812,-1.7209491973368114,0.7547934404583835
B,2.7314097208299453,1.8828600866609015,-1.726672867316211,0.750841471427033
B,2.7345528850656526,1.886532298556143,-1.7323965325345279,0.7468643568666732
B,2.7376960493013605,1.890213060477466,-1.7381200837104855,0.742862025279152
B,2.7408392135370683,1.8939023520297238,-1.7438434104895886,0.738834405476464
B,2.7439823777727756,1.897600152272312,-1.7495664014384975,0.7347814265898723
B,2.7471255420084835,1.9013064397137533,-1.7552889440394255,0.7307030180791281
B,2.750268706244191,1.9050211923062632,-1.7610109246845682,0.7265991097418018
B,2.7534118704798987,1.9087443874403014,-1.7667322286705773,0.722469631722709
B,2.7565550347156065,1.9124760019390947,-1.772452740193059,0.7183145145234505
B,2.759698198951314,1.916216012053136,-1.7781723423411104,0.7141336890120459
B,2.7628413631870217,1.9199643934546766,-1.7838909170919037,0.7099270864326775
B,2.7659845274227295,1.9237211212321874,-1.7896083453053016,0.7056946384155436
B,2.769127691658437,1.9274861698847994,-1.79532450671851,0.7014362769868066
B,2.7722708558941447,1.9312595133167378,-1.8010392799407908,0.6971519345786547
B,2.775414020129852,1.9350411248317267,-1.8067525424482005,0.6928415440394706
B,2.77855718436556,1.938830977127381,-1.812464170578388,0.6885050386440987
B,2.7817003486012677,1.942629042289577,-1.8181740395254284,0.6841423521042275
B,2.784843512836975,1.946435291786815,-1.823882023334721,0.6797534185788755
B,2.787986677072683,1.9502496964645593,-1.8295879948979272,0.6753381726849801
B,2.7911298413083903,1.954072226539559,-1.8352918259479585,0.6708965495081028
B,2.794273005544098,1.9579028515941685,-1.8409933870540345,0.6664284846132333
B,2.797416169779806,1.961741540570641,-1.8466925476167824,0.6619339140557087
B,2.8005593340155133,1.965588261765408,-1.852389175863394,0.6574127743922338
B,2.803702498251221,1.9694429828233588,-1.8580831388428576,0.6528650026920136
B,2.806845662486929,1.973305670732097,-1.8637743024212352,0.6482905365479964
B,2.8099888267226363,1.9771762918161848,-1.869462531277008,0.6436893140882185
B,2.813131990958344,1.9810548117313862,-1.8751476888964924,0.6390612739872613
B,2.8162751551940515,1.9849411954588922,-1.880829637569316,0.6344063554778213
B,2.8194183194297593,1.9888354072995391,-1.8865082383839662,0.6297244983623772
B,2.822561483665467,1.9927374108680167,-1.892183351223406,0.6250156430249785
B,2.8257046479011745,1.9966471690870744,-1.8978548347607673,0.6202797304431352
B,2.8288478121368823,2.0005646441817166,-1.9035225464551198,0.6155167021998149
B,2.8319909763725897,2.0044897976733878,-1.9091863425473035,0.6107265004955568
B,2.8351341406082975,2.0084225903741615,-1.9148460780558605,0.6059090681606826
B,2.8382773048440053,2.0123629823809206,-1.9205016067730307,0.6010643486676287
B,2.8414204690797127,2.0163109330695277,-1.9261527812608337,0.5961922861433753
B,2.8445636333154205,2.020266401089009,-1.9317994528472466,0.5912928253819889
B,2.8477067975511283,2.02422934435572,-1.9374414716224522,0.5863659118572766
B,2.8508499617868357,2.0281997200475157,-1.9430786864351828,0.5814114917355397
B,2.8539931260225435,2.032177484597928,-1.9487109448891635,0.5764295118884397
B,2.857136290258251,2.036162593690336,-1.9543380933396362,0.571419919905976
B,2.8602794544939587,2.0401550022521406,-1.9599599768899851,0.5663826641095588
B,2.8634226187296665,2.044154664448942,-1.9655764393884576,0.561317693565203
B,2.866565782965374,2.0481615336787233,-1.971187323424989,0.5562249580968189
B,2.8697089472010817,2.0521755625660396,-1.976792470328127,0.5511044082996094
B,2.872852111436789,2.056196702956205,-1.982391720162054,0.54595599555358
B,2.875995275672497,2.0602249059095024,-1.9879849117237323,0.540779672037145
B,2.8791384399082047,2.0642601216953875,-1.9935718825401416,0.5355753907408479
B,2.882281604143912,2.0683022997867053,-1.9991524688656328,0.5303431054811772
B,2.88542476837962,2.072351388853925,-2.004726505679404,0.5250827709144901
B,2.8885679326153277,2.0764073367593796,-2.010293826683082,0.5197943425510438
B,2.891711096851035,2.0804700905515143,-2.015854264298421,0.5144777767691214
B,2.894854261086743,2.0845395964591624,-2.0214076496651376,0.5091330308292629
B,2.8979974253224503,2.088615799885825,-2.026953812638851,0.503760062888604
B,2.901140589558158,2.092698645403971,-2.032492581789158,0.49835883201530284
B,2.904283753793866,2.0967880767493514,-2.038023784397833,0.49292929820307924
B,2.9074269180295733,2.1008840368153443,-2.0435472464571633,0.4874714223858479
B,2.910570082265281,2.104986467647305,-2.049062792668416,0.4819851664524447
B,2.9137132465009885,2.1090953104369463,-2.0545702464404316,0.4764704932614637
B,2.9168564107366963,2.113210505516742,-2.0600694298883724,0.47092736665617546
B,2.919999574972404,2.1173319923543525,-2.065560163832598,0.4653557514795557
B,2.9231427392081115,2.1214597095470737,-2.0710422677976883,0.4597556135893979
B,2.9262859034438193,2.125593594816321,-2.0765155600116163,0.45412691987352255
B,2.9294290676795267,2.1297335850021324,-2.0819798574050656,0.44846963826508573
B,2.9325722319152345,2.13387961605771,-2.087434975610901,0.44278373775796764
B,2.9357153961509423,2.1380316230439824,-2.0928807289637863,0.4370691884222629
B,2.9388585603866497,2.142189540124214,-2.098316930499973,0.4313259614198547
B,2.9420017246223575,2.1463533005586375,-2.1037433919572366,0.4255540290200743
B,2.9451448888580654,2.150522836699123,-2.109159923774972,0.4197533646154557
B,2.9482880530937727,2.1546980799838944,-2.1145663350944717,0.4139239427375706
B,2.9514312173294805,2.1588789609322734,-2.1199624337593495,0.4080657390729444
B,2.954574381565188,2.163065409139466,-2.125348026316145,0.4021787304790649
B,2.9577175458008957,2.1672573532714012,-2.130722918015107,0.39626289500046136
B,2.9608607100366036,2.1714547210596016,-2.1360869128111397,0.39031821188487376
B,2.964003874272311,2.175657439296103,-2.1414398133649346,0.38434466159949354
B,2.9671470385080188,2.1798654338284225,-2.146781421044281,0.37834222584728
B,2.970290202743726,2.18407862955458,-2.1521115359255667,0.37231088758336267
B,2.973433366979434,2.1882969504181595,-2.1574299567954562,0.36625063103150196
B,2.9765765312151418,2.192520319403428,-2.162736481152762,0.3601614417006355
B,2.979719695450849,2.1967486585305136,-2.1680309052105127,0.3540433064014869
B,2.982862859686557,2.200981888850634,-2.173313023898215,0.3478962132632415
B,2.9860060239222648,2.2052199304413747,-2.1785826308643004,0.3417201517502955
B,2.989149188157972,2.209462702402047,-2.1838395184787984,0.3355151126790652
B,2.99229235239368,2.213710122849088,-2.189083477836191,0.32928108823485414
B,2.9954355166293873,2.2179621089115304,-2.194314298758482,0.32301807198879273
B,2.998578680865095,2.2222185767265406,-2.199531769798476,0.31672605891482164
B,3.001721845100803,2.2264794414350195,-2.2047356782432748,0.3104050454067449
B,3.0048650093365104,2.230744617177271,-2.2099258101179746,0.30405502929532824
B,3.008008173572218,2.235014017088747,-2.2151019501895983,0.2976760098654485
B,3.0111513378079255,2.2392875532958554,-2.2202638819712344,0.2912679878733025
B,3.0142945020436334,2.243565136911856,-2.2254113877264117,0.2848309655636488
B,3.017437666279341,2.2478466780328143,-2.2305442484736866,0.2783649466871072
B,3.0205808305150486,2.252132085733657,-2.2356622439914773,0.27186993651749314
B,3.0237239947507564,2.2564212680642877,-2.2407651528231156,0.2653459418691893
B,3.026867158986464,2.2607141320457904,-2.2458527522821368,0.25879297111456406
B,3.0300103232221716,2.2650105836667302,-2.2509248184578166,0.2522110342014165
B,3.0331534874578794,2.269310527879524,-2.2559811262209393,0.2456001426704515
B,3.0362966516935868,2.2736138685969047,-2.261021449229809,0.23896030967279408
B,3.0394398159292946,2.2779205086884833,-2.2660455599365155,0.2322915499875161
B,3.0425829801650024,2.2822303499773984,-2.271053229593445,0.22559388003919995
B,3.0457261444007098,2.286543293237054,-2.276044228260036,0.21886731791551242
B,3.0488693086364176,2.2908592381879713,-2.2810183248098044,0.21211188338479717
B,3.052012472872125,2.295178083494725,-2.285975286937615,0.2053275979136905
B,3.0551556371078328,2.299499726762989,-2.2909148811672195,0.19851448468473337
B,3.0582988013435406,2.303824064536678,-2.2958368728590473,0.19167256861400617
B,3.061441965579248,2.3081509922952073,-2.300741026218278,0.18480187636875908
B,3.064585129814956,2.3124804044508522,-2.305627104303175,0.17790243638504327
B,3.0677282940506636,2.316812194346214,-2.310494869033678,0.17097427888534858
B,3.070871458286371,2.3211462542518126,-2.3153440812002968,0.16401743589622841
B,3.074014622522079,2.325482475363781,-2.3201745004732546,0.15703194126591427
B,3.077157786757786,2.3298207478016795,-2.324985885411923,0.15001783068192873
B,3.080300950993494,2.3341609606064373,-2.329777993474544,0.14297514168866737
B,3.083444115229202,2.338503001738407,-2.334550581028222,0.13590391370497593
B,3.086587279464909,2.342846758075544,-2.339303403359215,0.1288041880416941
B,3.089730443700617,2.34719211541172,-2.34403621468351,0.12167600791917245
B,3.0928736079363244,2.351538958455155,-2.34874876815769,0.11451941848476797
B,3.096016772172032,2.3558871708269886,-2.353440815890098,0.10733446683029009
B,3.09915993640774,2.360236635059975,-2.358112108952291,0.10012120200942247
B,3.1023031006434474,2.364587232597329,-2.3627623973908074,0.09287967505509258
B,3.105446264879155,2.368938843791695,-2.36739143023922,0.08560993899679334
B,3.108589429114863,2.37329134790426,-2.3719989555304974,0.07831204887786336
B,3.1117325933505704,2.3776446231040183,-2.3765847203096824,0.07098606177270288
B,3.114875757586278,2.381998546467171,-2.3811484706468637,0.06363203680392936
B,3.1180189218219856,2.386352993976672,-2.385689951650462,0.05625003515948005
B,3.1211620860576934,2.390707840521939,-2.3902089074808397,0.04884012010963056
B,3.1243052502934012,2.395062959898698,-2.3947050813642115,0.041402357023956136
B,3.1274484145291086,2.3994182248089895,-2.3991782156068724,0.03393681338820522
B,3.1305915787648164,2.4037735068613397,-2.4036280516097617,0.026443558821091336
B,3.133734743000524,2.4081286765710788,-2.408054329883325,0.018922665091008824
B,3.1368779072362316,2.4124836033608275,-2.412456790062714,0.01137420613264162
B,3.1400210714719394,2.416838155561143,-2.416835170923303,0.003798258063492061
B,3.143164235707647,2.4211922004113404,-2.421189210396538,-0.0038051007997015923
B,3.1463073999433546,2.425545604060475,-2.4255186455861133,-0.011435789924653342
B,3.149450564179062,2.429898231568492,-2.4298232127844654,-0.019093726547317245
B,3.15259372841477,2.434249946907565,-2.4341026474896204,-0.026778825655806842
B,3.1557368926504776,2.438600612963596,-2.438356684422357,-0.03449099997441885
B,3.158880056886185,2.442950091537894,-2.4425850575437056,-0.04223015994779309
B,3.162023221121893,2.4472982433490458,-2.446787500072793,-0.04999621372520319
B,3.1651663853576006,2.45164492803496,-2.450963744505018,-0.05778906714497332
B,3.168309549593308,2.4559900041550944,-2.455113522630559,-0.06560862371904559
B,3.171452713829016,2.4603333291928795,-2.459236565553238,-0.07345478461769406
B,3.174595878064723,2.4646747595583247,-2.463332603709709,-0.08132744865437924
B,3.177739042300431,2.46901415059082,-2.467401366888999,-0.08922651227077623
B,3.180882206536139,2.4733513565621252,-2.4714425842523826,-0.09715186952194858
B,3.184025370771846,2.477686230679569,-2.475455984353614,-0.10510341206170146
B,3.187168535007554,2.4820186250894345,-2.479441295159491,-0.11308102912810802
B,3.1903116992432614,2.486348390880546,-2.483398244070769,-0.12108460752920362
B,3.1934548634789692,2.4906753780880693,-2.4873265579434243,-0.1291140316288816
B,3.196598027714677,2.494999435697508,-2.491225963110262,-0.1371691833329625
B,3.1997411919503844,2.4993204116489034,-2.4950961854028626,-0.14524994207546987
B,3.2028843561860922,2.503638152841261,-2.498936950173898,-0.1533561848051089
B,3.2060275204218,2.507952505137171,-2.5027479823197725,-0.16148778597194124
B,3.2091706846575074,2.5122633133676464,-2.5065290063036207,-0.16964461751428359
B,3.2123138488932153,2.516570421337186,-2.5102797461786612,-0.17782654884582552
B,3.2154570131289226,2.5208736718290443,-2.5139999256118877,-0.186033446842961
B,3.2186001773646304,2.525172906610728,-2.5176892679081133,-0.19426517583236716
B,3.2217433416003383,2.529467966439705,-2.5213474960343616,-0.20252159757880328
B,3.2248865058360456,2.5337586910693544,-2.5249743326446135,-0.21080257127316415
B,3.2280296700717535,2.5380449192551224,-2.5285695001048865,-0.2191079535207816
B,3.231172834307461,2.5423264887609123,-2.5321327205186708,-0.227437598329969
B,3.2343159985431686,2.546603236365715,-2.535663715752717,-0.23579135710084526
B,3.2374591627788765,2.5508749978704555,-2.53916220746316,-0.2441690786144071
B,3.240602327014584,2.5551416081050706,-2.5426279171219845,-0.25257060902188544
B,3.2437454912502917,2.5594029009358423,-2.546060566043854,-0.26099579183438265
B,3.2468886554859995,2.563658709272944,-2.549459875413264,-0.2694444679127829
B,3.250031819721707,2.5679088650782296,-2.5528255663120394,-0.2779164754579639
B,3.2531749839574147,2.572153199373277,-2.556157359747188,-0.2864116500013085
B,3.256318148193122,2.57639154224765,-2.5594549766790706,-0.2949298243955052
B,3.25946131242883,2.5806237228674225,-2.562718138049932,-0.30347082880567816
B,3.2626044766645377,2.5848495694839295,-2.5659465648127475,-0.3120344907008142
B,3.265747640900245,2.5890689094427772,-2.5691399779604196,-0.3206206348455244
B,3.268890805135953,2.5932815691930933,-2.5722980985553003,-0.3292290832921341
B,3.2720339693716602,2.597487374297021,-2.5754206477590427,-0.3378596553730942
B,3.275177133607368,2.6016861494394745,-2.5785073468627884,-0.346512167693753
B,3.278320297843076,2.6058777184381308,-2.581557917317673,-0.35518643412545475
B,3.2814634620787833,2.6100619042536786,-2.584572080765658,-0.3638822657990045
B,3.284606626314491,2.61423852900033,-2.587549559070692,-0.37259947109849245
B,3.287749790550199,2.6184074139565645,-2.590490074350178,-0.3813378556554708
B,3.2908929547859063,2.6225683795761427,-2.5933933490067624,-0.3900972223435142
B,3.294036119021614,2.6267212454993785,-2.5962591057604443,-0.3988773712731583
B,3.2971792832573215,2.6308658305646513,-2.5990870676809816,-0.407678099787208
B,3.3003224474930293,2.635001952820193,-2.6018769582206165,-0.41649920245645466
B,3.303465611728737,2.639129429536115,-2.60462850124709,-0.4253404710757702
B,3.3066087759644445,2.643248077216716,-2.607341421076978,-0.43420169466061614
B,3.3097519402001523,2.6473577116130262,-2.610015442509302,-0.4430826594439586
B,3.3128951044358597,2.6514581477356196,-2.612650290859441,-0.4519831488735851
B,3.3160382686715675,2.6555491998676986,-2.615245691993343,-0.46090294360986117
B,3.3191814329072753,2.6596306815784176,-2.617801372362004,-0.4698418215238913
B,3.3223245971429827,2.6637024057364784,-2.620317059036234,-0.478799557696124
B,3.3254677613786905,2.66776418452399,-2.6227924797417073,-0.48777592441539486
B,3.328610925614398,2.6718158294505807,-2.6252273628942753,-0.4967706911783997
B,3.3317540898501057,2.675857151367779,-2.6276214376355473,-0.5057836246896334
B,3.3348972540858135,2.6798879604836428,-2.629974433868736,-0.514814488861765
B,3.338040418321521,2.683908066377672,-2.6322860822947676,-0.5238630448164855
B,3.3411835825572287,2.6879172780159566,-2.6345561144486274,-0.5329290508858191
B,3.3443267467929365,2.6919154037666018,-2.63678426273597,-0.5420122626138951
B,3.347469911028644,2.695902251415409,-2.6389702604699625,-0.551112432759206
B,3.3506130752643517,2.6998776281818153,-2.641113841908365,-0.5602293112973474
B,3.353756239500059,2.7038413407350896,-2.643214742290843,-0.5693626454242314
B,3.356899403735767,2.707793195210795,-2.6452726978765058,-0.5785121795598097
B,3.3600425679714747,2.711732997227506,-2.647287445981664,-0.5876776553522773
B,3.363185732207182,2.7156605519037726,-2.6492587250177957,-0.5968588116827857
B,3.36632889644289,2.719575663875361,-2.651186274529725,-0.6060553846706666
B,3.3694720606785973,2.723478137312732,-2.6530698352339988,-0.6152671076791533
B,3.372615224914305,2.727367775938781,-2.6549091490574552,-0.6244937113216357
B,3.375758389150013,2.7312443830468287,-2.6567039591759807,-0.6337349234684182
B,3.3789015533857203,2.7351077615188704,-2.6584540100534495,-0.6429904692540157
B,3.382044717621428,2.7389577138440693,-2.6601590474808363,-0.6522600710849789
B,3.385187881857136,2.742794042137494,-2.661818818615483,-0.66154344864824
B,3.3883310460928433,2.7466165481591194,-2.6634330720205477,-0.6708403189200128
B,3.391474210328551,2.750425033333061,-2.6650015577045822,-0.6801503961752297
B,3.3946173745642585,2.7542192987670546,-2.6665240271612642,-0.6894733919975153
B,3.3977605387999663,2.757999145272185,-2.6680002334092667,-0.6988090152897285
B,3.400903703035674,2.761764373382851,-2.669429931032253,-0.7081569722850395
B,3.4040468672713815,2.7655147833769647,-2.670812876218984,-0.7175169665585742
B,3.4071900315070893,2.769250175296399,-2.672148826803556,-0.7268886990396249
B,3.4103331957427967,2.7729703489676596,-2.6734375423057246,-0.7362718680244076
B,3.4134763599785045,2.77667510402279,-2.674678783971333,-0.7456661691894068
B,3.4166195242142123,2.780364239920507,-2.6758723148128185,-0.755071295605273
B,3.4197626884499197,2.7840375559675716,-2.6770178996498175,-0.7644869377513064
B,3.4229058526856275,2.787694851340369,-2.6781153051498086,-0.7739127835305144
B,3.4260490169213353,2.79133592510672,-2.679164299868843,-0.7833485182852389
B,3.4291921811570427,2.7949605762479117,-2.680164654292314,-0.792793824813375
B,3.4323353453927505,2.7985686036809403,-2.6811161408757664,-0.8022483833851735
B,3.435478509628458,2.8021598062809656,-2.682018534085746,-0.8117118717606163
B,3.4386216738641657,2.8057339829039845,-2.6828716104406687,-0.8211839652074003
B,3.4417648380998735,2.8092909324096964,-2.6836751485516985,-0.8306643365194882
B,3.444908002335581,2.812830453684584,-2.6844289291636367,-0.8401526560362669
B,3.4480511665712887,2.816352345665188,-2.6851327351958014,-0.8496485916622954
B,3.451194330806996,2.819856407361581,-2.685786351782893,-0.8591518088876386
B,3.454337495042704,2.8233424378810286,-2.686389566315828,-0.8686619708088097
B,3.4574806592784117,2.826810236451842,-2.6869421684825445,-0.8781787381502933
B,3.460623823514119,2.8302596024474207,-2.687443950308756,-0.8877017692866785
B,3.463766987749827,2.833690335410466,-2.687894706198651,-0.8972307202653875
B,3.4669101519855348,2.837102235077376,-2.688294232975522,-0.9067652448299912
B,3.470053316221242,2.8404951014028157,-2.6886423299223203,-0.9163049944441363
B,3.47319648045695,2.8438687345844516,-2.6889387988221225,-0.9258496183160684
B,3.4763396446926573,2.8472229350878457,-2.6891834439984907,-0.935398763423741
B,3.479482808928365,2.8505575036715234,-2.6893760723557336,-0.9449520745405428
B,3.482625973164073,2.8538722414121795,-2.689516493419039,-0.9545091942616021
B,3.4857691373997803,2.8571669497300403,-2.689604519374474,-0.964069763030698
B,3.488912301635488,2.860441430414376,-2.6896399651088463,-0.9736334191677718
B,3.4920554658711955,2.863695485649145,-2.689622648249408,-0.9831997988970159
B,3.4951986301069033,2.86692891803878,-2.689552389203397,-0.9927685363755778
B,3.498341794342611,2.8701415306340956,-2.6894290111973955,-1.0023392637228319
B,3.5014849585783185,2.873333126958335,-2.6892523403165107,-1.0119116110502597
B,3.5046281228140264,2.8765035110333197,-2.689022205543344,-1.0214852064919129
B,3.507771287049734,2.8796524874057225,-2.6887384387967557,-1.0310596762354503
B,3.5109144512854416,2.8827798611734523,-2.688400874970411,-1.0406346445537733
B,3.5140576155211494,2.8858854380121346,-2.6880093519710844,-1.0502097338372367
B,3.5172007797568567,2.8889690242016877,-2.6875637107567196,-1.0597845646264263
B,3.5203439439925646,2.892030426653003,-2.6870637953742356,-1.0693587556455304
B,3.5234871082282724,2.8950694529347,-2.686509452997068,-1.078931923836263
B,3.5266302724639798,2.89808591129996,-2.685900533962412,-1.0885036843923632
B,3.5297734366996876,2.901079610713445,-2.685236891808197,-1.0980736507946665
B,3.532916600935395,2.9040503608782737,-2.6845183833097406,-1.1076414348467143
B,3.5360597651711028,2.9069979722630643,-2.6837448685160923,-1.1172066467109438
B,3.5392029294068106,2.909922256129026,-2.6829162107860456,-1.1267688949454044
B,3.542346093642518,2.9128230245571105,-2.6820322768238216,-1.1363277865410408
B,3.5454892578782258,2.9157000904751995,-2.68109293671439,-1.1458829269595099
B,3.548632422113933,2.918553267685323,-2.6800980639584324,-1.1554339201715254
B,3.551775586349641,2.9213823708909183,-2.6790475355069305,-1.1649803686957505
B,3.554918750585349,2.9241872157241064,-2.677941231795372,-1.1745218736382004
B,3.558061914821056,2.92696761877298,-2.6767790367775515,-1.1840580347321712
B,3.561205079056764,2.929723397608908,-2.6755608379589666,-1.1935884503786875
B,3.564348243292472,2.932454370813844,-2.6742865264297966,-1.2031127176874448
B,3.567491407528179,2.9351603580076167,-2.672955996897438,-1.2126304325182602
B,3.570634571763887,2.937841179875228,-2.6715691477186065,-1.222141189523024
B,3.5737777359995944,2.9404966581941188,-2.670125880930978,-1.2316445821881192
B,3.576920900235302,2.943126615861417,-2.6686261022843683,-1.2411402028773453
B,3.58006406447101,2.9457308769211425,-2.6670697212714183,-1.2506276428752894
B,3.5832072287067174,2.9483092665913944,-2.66545665115782,-1.260106492431185
B,3.586350392942425,2.950861611291464,-2.6637868090120067,-1.2695763408032166
B,3.5894935571781326,2.9533877386689116,-2.662060115734356,-1.2790367763032673
B,3.5926367214138404,2.955887477626581,-2.6602764960858614,-1.2884873863421271
B,3.595779885649548,2.958360658349537,-2.658435878716268,-1.2979277574751107
B,3.5989230498852556,2.9608071123319317,-2.656538196191669,-1.3073574754481136
B,3.6020662141209634,2.9632266724037915,-2.6545833850215406,-1.316776125244085
B,3.605209378356671,2.9656191727577044,-2.652571385685215,-1.326183291129891
B,3.6083525425923786,2.967984448975414,-2.6505021426577744,-1.3355785567035878
B,3.6114957068280864,2.9703223380543124,-2.648375604435361,-1.3449615049420833
B,3.614638871063794,2.9726326784338095,-2.6461917235598857,-1.354331718249161
B,3.6177820352995016,2.974915310021588,-2.6439504566431293,-1.3636887785038894
B,3.6209251995352094,2.9771700742197296,-2.641651764390229,-1.3730322671093713
B,3.624068363770917,2.979396813950706,-2.639295611622538,-1.3823617650418536
B,3.6272115280066246,2.981595373683223,-2.636881967299841,-1.391676852900169
B,3.630354692242332,2.98376559945792,-2.6344108045419325,-1.4009771109554967
B,3.63349785647804,2.9859073389129036,-2.631882100649528,-1.4102621192014502
B,3.6366410207137476,2.988020441309121,-2.6292958371245216,-1.419531457404455
B,3.639784184949455,2.9901047575555553,-2.626651999689556,-1.4287847051544273
B,3.642927349185163,2.9921601402342484,-2.6239505783069195,-1.438021441915738
B,3.6460705134208706,2.994186443625123,-2.621191567196746,-1.4472412470784295
B,3.649213677656578,2.9961835237306196,-2.6183749648545125,-1.4564437000097061
B,3.652356841892286,2.9981512383001236,-2.615500774067828,-1.4656283801056655
B,3.655500006127993,3.000089446854186,-2.6125690019325107,-1.4747948668432573
B,3.658643170363701,3.0019980107085207,-2.609579659867927,-1.483942739832474
B,3.661786334599409,3.0038767929977785,-2.6065327636316096,-1.4930715788687374
B,3.664929498835116,3.0057256586990935,-2.6034283333331283,-1.502180963985494
B,3.668072663070824,3.0075444746553814,-2.6002663934472148,-1.5112704755069917
B,3.6712158273065314,3.0093331095983897,-2.5970469728261256,-1.520339694101213
B,3.674358991542239,3.0110914341715014,-2.5937701047112514,-1.529388200832991
B,3.677502155777947,3.012819320952272,-2.5904358267439536,-1.5384155772172474
B,3.6806453200136544,3.0145166444746927,-2.587044180975624,-1.5474214052723727
B,3.6837884842493622,3.0161832812511857,-2.583595213876957,-1.5564052675737292
B,3.68693164848507,3.017819109794312,-2.58008897634645,-1.5653667473072446
B,3.6900748127207774,3.0194240106381884,-2.5765255237180935,-1.5743054283231086
B,3.6932179769564852,3.0209978663596098,-2.5729049157682677,-1.5832208951895492
B,3.6963611411921926,3.0225405615988667,-2.5692272167218397,-1.5921127332466574
B,3.6995043054279004,3.0240519830802524,-2.565492495257441,-1.6009805286602818
B,3.7026474696636082,3.0255320196322493,-2.5617008245119393,-1.6098238684759423
B,3.7057906338993156,3.0269805622073984,-2.557852282084088,-1.6186423406727752
B,3.7089337981350234,3.0283975039018354,-2.553946950037352,-1.6274355342174918
B,3.712076962370731,3.0297827399744843,-2.549984914901909,-1.6362030391183109
B,3.7152201266064386,3.0311361678659177,-2.545966267675814,-1.6449444464788974
B,3.7183632908421465,3.0324576872168616,-2.5418911038253404,-1.6536593485522437
B,3.721506455077854,3.0337471998863452,-2.537759523284473,-1.6623473387945142
B,3.7246496193135616,3.0350046099694916,-2.533571630453566,-1.671008011918831
B,3.7277927835492695,3.0362298238149403,-2.529327534197161,-1.6796409639489664
B,3.730935947784977,3.0374227500418924,-2.5250273478409517,-1.6882457922729563
B,3.7340791120206847,3.0385832995567843,-2.520671189167908,-1.6968220956966105
B,3.737222276256392,3.039711385569571,-2.5162591804135563,-1.7053694744968846
B,3.7403654404921,3.0408069236096207,-2.5117914482603916,-1.7138875304751389
B,3.7435086047278077,3.0418698315412147,-2.5072681238314622,-1.7223758670102294
B,3.746651768963515,3.0429000295786457,-2.502689342683082,-1.730834089111445
B,3.749794933199223,3.0438974403009134,-2.4980552447967033,-1.73926180347127
B,3.7529380974349302,3.044861988666002,-2.493365974569931,-1.7476586185179357
B,3.756081261670638,3.045793602024749,-2.4886216808066806,-1.7560241444677878
B,3.759224425906346,3.0466922101342933,-2.4838225167064985,-1.7643579933774154
B,3.7623675901420532,3.0475577451710896,-2.4789686398530106,-1.7726597791955485
B,3.765510754377761,3.0483901417435066,-2.4740602122015334,-1.7809291178147153
B,3.7686539186134684,3.0491893369039795,-2.4690974000658357,-1.7891656271226153
B,3.7717970828491763,3.049955270160729,-2.4640803741040416,-1.7973689270532334
B,3.774940247084884,3.0506878834890423,-2.459009309303704,-1.8055386396376492
B,3.7780834113205914,3.0513871213420987,-2.4538843849660186,-1.813674389054542
B,3.7812265755562993,3.052052930661354,-2.4487057846892024,-1.8217758016803813
B,3.784369739792007,3.052685260886466,-2.4434736963510413,-1.8298425061392714
B,3.7875129040277145,3.053284063964766,-2.438188312090589,-1.8378741333524562
B,3.7906560682634223,3.053849294360269,-2.4328498282890405,-1.8458703165874624
B,3.7937992324991296,3.0543809090622207,-2.427458445549782,-1.8538306915068574
B,3.7969423967348375,3.054878867593177,-2.4220143686776043,-1.861754896216631
B,3.8000855609705453,3.0553431320166173,-2.4165178066571085,-1.8696425713141618
B,3.8032287252062527,3.055773666944083,-2.4109689726302905,-1.8774933599357762
B,3.8063718894419605,3.056170439541843,-2.4053680838733102,-1.885306907803879
B,3.809515053677668,3.056533419537081,-2.3997153617724654,-1.8930828632736303
B,3.8126582179133757,3.0568625792236084,-2.394011031799359,-1.900820877379186
B,3.8158013821490835,3.057157893467089,-2.388255323485273,-1.9085206038794504
B,3.818944546384791,3.057419339709787,-2.3824484703947544,-1.916181699303363
B,3.8220877106204987,3.0576468979748306,-2.37659071009842,-1.923803822994692
B,3.8252308748562065,3.057840550869985,-2.3706822841449866,-1.9313866371563104
B,3.828374039091914,3.0580002835909417,-2.364723438032532,-1.9389298068939684
B,3.8315172033276217,3.0581260839241198,-2.3587144211789903,-1.9464330002595343
B,3.834660367563329,3.058217942248975,-2.352655486891905,-1.9538958882936848
B,3.837803531799037,3.0582758515398214,-2.3465468923374204,-1.9613181450680601
B,3.8409466960347447,3.058299807367163,-2.340388898508551,-1.968699447726838
B,3.844089860270452,3.058289807898527,-2.3341817701927097,-1.9760394765277434
B,3.84723302450616,3.0582458538988173,-2.3279257759385166,-1.9833379148824746
B,3.8503761887418673,3.0581679487301656,-2.3216211880219024,-1.990594449396521
B,3.853519352977575,3.058056098351295,-2.315268282411496,-1.9978087699083882
B,3.856662517213283,3.057910311316393,-2.308867338733329,-2.004980569528192
B,3.8598056814489903,3.057730598773493,-2.302418640234853,-2.012109544675636
B,3.862948845684698,3.0575169744623643,-2.2959224737482717,-2.019195395117349
B,3.866092009920406,3.057269454711913,-2.2893791296532244,-2.0262378240035694
B,3.8692351741561133,3.0569880584370934,-2.2827889018388046,-2.03323653790418
B,3.872378338391821,3.056672807135332,-2.276152087664927,-2.040191246844076
B,3.8755215026275285,3.0563237248824695,-2.2694689879230863,-2.0471016643378555
B,3.8786646668632363,3.055940838328206,-2.2627399067964564,-2.0539675074238306
B,3.881807831098944,3.055524176691078,-2.255965151819414,-2.0607884966973433
B,3.8849509953346515,3.05507377175294,-2.2491450338364385,-2.0675643563433814
B,3.8880941595703593,3.0545896578529788,-2.242279866960425,-2.074294814168496
B,3.8912373238060667,3.0540718718812374,-2.235369968530435,-2.0809796016319835
B,3.8943804880417745,3.053520453271674,-2.2284156590688573,-2.087618453876369
B,3.8975236522774823,3.052935443994744,-2.2214172622380417,-2.0942111097571385
B,3.9006668165131897,3.05231688854951,-2.2143751047963733,-2.100757311871748
B,3.9038099807488975,3.05166483395529,-2.20728951655382,-2.107256806587885
B,3.9069531449846053,3.0509793297428316,-2.2001608303269715,-2.1137093440709744
B,3.9100963092203127,3.050260427945035,-2.1929893818935713,-2.1201146783109355
B,3.9132394734560205,3.04950818308721,-2.185775509946548,-2.126472567148179
B,3.916382637691728,3.048722652176884,-2.1785195560475907,-2.1327827722988255
B,3.9195258019274357,3.047903894693153,-2.171221864580234,-2.139045059379167
B,3.9226689661631435,3.0470519725755874,-2.163882782702514,-2.1452591979293327
B,3.925812130398851,3.0461669502126973,-2.1565026602991737,-2.15142496143619
B,3.9289552946345587,3.0452488944299523,-2.1490818499334434,-2.1575421273554536
B,3.932098458870266,3.0442978744773694,-2.1416207067984234,-2.1636104771329916
B,3.935241623105974,3.0433139620166667,-2.134119588668051,-2.1696297962253586
B,3.9383847873416817,3.0422972311079968,-2.126578855847704,-2.175599874119516
B,3.941527951577389,3.041247758196244,-2.1189988711244188,-2.181520504351751
B,3.944671115813097,3.0401656220969207,-2.1113799997167617,-2.1873914845258047
B,3.9478142800488047,3.039050903981641,-2.1037226092243637,-2.1932126163301784
B,3.950957444284512,3.037903687363183,-2.0960270695771146,-2.1989837055546357
B,3.95410060852022,3.036724058080161,-2.08829375298406,-2.204704562105905
B,3.9572437727559273,3.0355121042812883,-2.0805230338819944,-2.210375000022547
B,3.960386936991635,3.0342679164092483,-2.072715288883761,-2.215994837489029
B,3.963530101227343,3.032991587184191,-2.064870896726304,-2.2215638968489717
B,3.9666732654630503,3.031683211586833,-2.0569902382184475,-2.227082004617582
B,3.969816429698758,3.0303428868411877,-2.049073696188438,-2.2325489914932746
B,3.9729595939344655,3.028970712396932,-2.0411216554312723,-2.237964692368465
B,3.9761027581701733,3.027566789911398,-2.033134502655799,-2.2433289463395605
B,3.979245922405881,3.0261312232312134,-2.0251126264316364,-2.248641596716115
B,3.9823890866415885,3.0246641183735914,-2.0170564171359016,-2.253902491029187
B,3.9855322508772963,3.023165583507266,-2.008966266899769,-2.2591114810388695
B,3.9886754151130037,3.0216357289331057,-2.000842569554897,-2.2642684227410097
B,3.9918185793487115,3.0200746670643674,-1.992685720579681,-2.2693731763731115
B,3.9949617435844194,3.0184825124066528,-1.9844961170454225,-2.2744256064194364
B,3.9981049078201267,3.016859381537522,-1.9762741575623595,-2.279425581615278
B,4.0012480720558345,3.0152053930858096,-1.9680202422256163,-2.2843729749504518
B,4.004391236291542,3.0135206677106225,-1.9597347725610759,-2.289267663671958
B,4.00753440052725,3.0118053280800448,-1.9514181514711724,-2.2941095292858575
B,4.010677564762958,3.010059498849549,-1.9430707831806582,-2.298898457558337
B,4.013820728998665,3.0082833066401182,-1.9346930731823024,-2.303634338515994
B,4.016963893234373,3.0064768800160926,-1.926285428182593,-2.3083170664453148
B,4.020107057470081,3.004640349462739,-1.9178482560474235,-2.3129465398913625
B,4.023250221705788,3.002773847363566,-1.9093819657477797,-2.317522661655704
B,4.026393385941495,3.0008775079773646,-1.900886967305449,-2.322045338793524
B,4.029536550177204,2.9989514674150155,-1.8923636717387688,-2.326514482609992
B,4.032679714412911,2.9969958636160414,-1.8838124910084273,-2.330930008655834
B,4.035822878648618,2.9950108363249317,-1.8752338379633053,-2.3352918367221642
B,4.038966042884327,2.992996527067228,-1.8666281262864124,-2.339599890834534
B,4.042109207120034,2.9909530791253993,-1.8579957704409171,-2.343854099246233
B,4.045252371355741,2.988880637514497,-1.8493371856162526,-2.3480543944308496
B,4.04839553559145,2.9867793489576044,-1.8406527876743652,-2.352200713074078
B,4.051538699827157,2.98464936186109,-1.831942993096088,-2.3562929960647843
B,4.054681864062864,2.9824908262896628,-1.8232082189276366,-2.3603311884853597
B,4.057825028298573,2.9803038939412523,-1.8144488827272844,-2.3643152396013316
B,4.06096819253428,2.9780887181217035,-1.8056654025121985,-2.3682451028502585
B,4.064111356769987,2.975845453719312,-1.7968581967054478,-2.372120735829933
B,4.067254521005695,2.973574257179185,-1.788027684083212,-2.3759421002858567
B,4.070397685241403,2.9712752864774634,-1.7791742837221982,-2.3797091620980355
B,4.07354084947711,2.9689487010953854,-1.770298414947277,-2.383421891267078
B,4.076684013712818,2.9665946619932155,-1.7614004972793322,-2.3870802618996207
B,4.079827177948526,2.9642133315840464,-1.7524809503833745,-2.390684252193078
B,4.082970342184233,2.961804873707468,-1.7435401940169009,-2.394233844419717
B,4.086113506419941,2.9593694536031294,-1.73457864797851,-2.397729024910098
B,4.089256670655649,2.9569072378841845,-1.7255967320568049,-2.4011697840358464
B,4.092399834891356,2.9544183945106424,-1.7165948659795904,-2.404556116191792
B,4.095542999127064,2.9519030927626186,-1.7075734693633455,-2.4078880197774857
B,4.098686163362771,2.9493615032135034,-1.69853296166303,-2.411165497178083
B,4.101829327598479,2.9467937977030516,-1.6894737621222,-2.4143885547446238
B,4.104972491834187,2.9442001493103964,-1.6803962897234617,-2.4175572027736973
B,4.108115656069894,2.9415807323270027,-1.6713009631392521,-2.42067145548653
B,4.111258820305602,2.938935722229561,-1.6621882006829858,-2.4237313310074713
B,4.11440198454131,2.9362652956528366,-1.653058420260567,-2.4267368513419165
B,4.117545148777017,2.933569630362465,-1.643912039322247,-2.4296880423536558
B,4.120688313012725,2.930848905227727,-1.6347494748148907,-2.4325849337416785
B,4.123831477248433,2.928103300194284,-1.6255711431346258,-2.4354275590164134
B,4.12697464148414,2.9253329962568966,-1.6163774600798726,-2.438215955475456
B,4.130117805719848,2.922538175432124,-1.6071688408048042,-2.4409501641787505
B,4.133260969955556,2.9197190207310295,-1.5979456997732218,-2.4436302299232655
B,4.136404134191263,2.9168757161318704,-1.5887084507128335,-2.446256201217166
B,4.139547298426971,2.9140084465528004,-1.57945750656999,-2.448828130253484
B,4.142690462662679,2.911117397824589,-1.5701932794648485,-2.4513460728833105
B,4.145833626898386,2.908202756663356,-1.5609161806469969,-2.453810088588507
B,4.148976791134094,2.9052647106433374,-1.551626620451516,-2.4562202404539626
B,4.152119955369802,2.9023034481696737,-1.5423250082555193,-2.4585765951393888
B,4.155263119605509,2.899319158451259,-1.5330117524351734,-2.4608792228506777
B,4.158406283841217,2.8963120314736117,-1.5236872603231646,-2.463128197310828
B,4.161549448076925,2.893282257971816,-1.5143519381666797,-2.465323595730449
B,4.164692612312632,2.8902300294035173,-1.5050061910858754,-2.4674654987778535
B,4.16783577654834,2.8871555379219767,-1.495650423032821,-2.4695539905487554
B,4.170978940784048,2.8840589763492046,-1.4862850367509677,-2.471589158535576
B,4.174122105019755,2.8809405381491717,-1.47691043373513,-2.4735710935963717
B,4.177265269255463,2.877800417401097,-1.4675270141919552,-2.4754998899234018
B,4.18040843349117,2.874638808772826,-1.4581351770009385,-2.4773756450113282
B,4.183551597726878,2.871455907494315,-1.4487353196759523,-2.4791984596250893
B,4.186694761962586,2.868251909331203,-1.4393278383273163,-2.480968437767419
B,4.189837926198293,2.865027010558491,-1.4299131276243748,-2.4826856866460565
B,4.192981090434001,2.8617814079343438,-1.4204915807586471,-2.4843503166406453
B,4.196124254669709,2.8585152986739994,-1.411063589407507,-2.4859624412693178
B,4.199267418905416,2.8552288804238026,-1.4016295436983968,-2.487522177155007
B,4.202410583141124,2.8519223512353684,-1.3921898321736106,-2.4890296439914668
B,4.205553747376832,2.8485959095398825,-1.3827448417556365,-2.4904849645090272
B,4.208696911612539,2.8452497541225257,-1.3732949577130276,-2.4918882644400946
B,4.211840075848247,2.8418840840970603,-1.3638405636268651,-2.4932396724844046
B,4.214983240083955,2.8384990988805514,-1.354382041357778,-2.494539320274034
B,4.218126404319662,2.8350949981682434,-1.3449197710135123,-2.4957873423381955
B,4.221269568555369,2.831671981908595,-1.3354541309170915,-2.4969838760678105
B,4.224412732791078,2.828230250278478,-1.3259854975755359,-2.498129061679885
B,4.227555897026785,2.824770003658541,-1.3165142456491694,-2.499223042181684
B,4.230699061262492,2.821291442608739,-1.3070407479214772,-2.500265963334734
B,4.233842225498201,2.8177947678440454,-1.2975653752695626,-2.5012579736186424
B,4.236985389733908,2.8142801802103405,-1.2880884966351835,-2.50219922419476
B,4.240128553969615,2.810747880660478,-1.2786104789963457,-2.5030898688696945
B,4.243271718205324,2.807198070230544,-1.269131687339499,-2.503930064058676
B,4.246414882441031,2.8036309500163132,-1.2596524846323187,-2.5047199687488026
B,4.249558046676738,2.80004672114988,-1.2501732317970407,-2.5054597444621485
B,4.252701210912447,2.796445584776505,-1.2406942876844071,-2.50614955521878
B,4.255844375148154,2.7928277420316623,-1.2312160090481952,-2.5067895674996548
B,4.258987539383861,2.7891933940182803,-1.2217387505203028,-2.5073799502094416
B,4.262130703619569,2.7855427417842034,-1.2122628645864477,-2.5079208746392534
B,4.265273867855277,2.781875986299854,-1.2027887015624283,-2.508412514429306
B,4.268417032090984,2.778193328436124,-1.1933166095709893,-2.5088550455315244
B,4.271560196326692,2.774494968942466,-1.1838469345192377,-2.5092486461720886
B,4.2747033605624,2.7707811084252176,-1.1743800200766645,-2.509593496813938
B,4.2778465247981075,2.7670519473261486,-1.164916207653749,-2.5098897801192463
B,4.280989689033815,2.7633076859012267,-1.1554558363811154,-2.5101376809118676
B,4.284132853269523,2.759548524199614,-1.1459992430892907,-2.5103373861397675
B,4.2872760175052305,2.755774662042906,-1.1365467622890408,-2.510489084837453
B,4.290419181740938,2.7519862990045842,-1.1270987261522551,-2.5105929680883983
B,4.293562345976646,2.7481836343897164,-1.117655464493427,-2.510649228987485
B,4.2967055102123535,2.7443668672149015,-1.108217304751708,-2.5106580626034667
B,4.299848674448061,2.7405361961884345,-1.0987845719735032,-2.510619665941454
B,4.302991838683768,2.73669181969073,-1.0893575887956606,-2.5105342379054427
B,4.3061350029194765,2.732833935754982,-1.0799366754292075,-2.5104019792608865
B,4.309278167155184,2.7289627420480738,-1.070522149643666,-2.5102230925973186
B,4.312421331390891,2.7250784358517266,-1.0611143267518979,-2.509997782291044
B,4.3155644956265995,2.7211812140439053,-1.0517135195955307,-2.509726254467894
B,4.318707659862307,2.717271273080474,-1.0423200385309355,-2.5094087169660604
B,4.321850824098014,2.7133488089770914,-1.0329341914157295,-2.5090453792990144
B,4.3249939883337225,2.709414017291375,-1.0235562835958523,-2.5086364526185205
B,4.32813715256943,2.7054670931053106,-1.0141866178931798,-2.508182149677749
B,4.331280316805137,2.7015082310079146,-1.004825494593658,-2.507682684794494
B,4.3344234810408455,2.6975376250781555,-0.9954732114359947,-2.5071382738145105
B,4.337566645276553,2.693555468868139,-0.9861300636008817,-2.5065491340749695
B,4.34070980951226,2.689561955386534,-0.9767963437007258,-2.5059154843680442
B,4.343852973747968,2.6855572770822733,-0.9674723417699252,-2.5052375449046287
B,4.346996137983676,2.681541625828504,-0.9581583452556545,-2.5045155372782024
B,4.350139302219383,2.677515192906804,-0.9488546390091793,-2.5037496844288407
B,4.353282466455091,2.6734781689916503,-0.9395615052776574,-2.502940210607383
B,4.356425630690799,2.6694307441351532,-0.9302792236964706,-2.5020873413397564
B,4.359568794926506,2.6653731077520537,-0.9210080712820594,-2.5011913033914746
B,4.362711959162214,2.661305448604975,-0.9117483224252341,-2.5002523247323056
B,4.365855123397922,2.6572279547899345,-0.9025002488850004,-2.4992706345011158
B,4.368998287633629,2.6531408137221293,-0.8932641197828776,-2.498246462970906
B,4.372141451869337,2.649044212121968,-0.8840402015976765,-2.497180041514035
B,4.375284616105045,2.644938336001368,-0.8748287581607785,-2.4960716025676337
B,4.378427780340752,2.64082337065032,-0.8656300506518921,-2.4949213795992287
B,4.38157094457646,2.6366995006237026,-0.8564443375952544,-2.4937296070725687
B,4.384714108812167,2.632566909728365,-0.8472718748563228,-2.49249652041366
B,4.387857273047875,2.628425781010463,-0.8381129156389115,-2.491222355977022
B,4.391000437283583,2.624276296743065,-0.828967710482797,-2.4899073510121625
B,4.39414360151929,2.6201186384139996,-0.8198365072617476,-2.4885517436302766
B,4.397286765754998,2.6159529867139772,-0.8107195511820192,-2.4871557727711795
B,4.400429929990706,2.611779521524963,-0.8016170847812889,-2.485719678170472
B,4.403573094226413,2.6075984219088006,-0.7925293479279998,-2.4842437003269398
B,4.406716258462121,2.603409866096101,-0.7834565778211553,-2.4827280804702077
B,4.409859422697829,2.5992140314753853,-0.7743990089905357,-2.4811730605286284
B,4.413002586933536,2.5950110945824716,-0.7653568732973087,-2.4795788830974272
B,4.416145751169244,2.5908012310901243,-0.7563303999350716,-2.4779457914071
B,4.419288915404952,2.5865846157979604,-0.7473198154313025,-2.4762740292920746
B,4.422432079640659,2.5823614226225846,-0.7383253436491839,-2.47456384115962
B,4.4255752438763665,2.5781318245879996,-0.7293472057898484,-2.4728154719590356
B,4.428718408112075,2.573895993816248,-0.7203856203949967,-2.4710291671510975
B,4.431861572347782,2.5696541015183127,-0.7114408033499126,-2.4692051726777824
B,4.4350047365834895,2.565406317985249,-0.70251296788683,-2.467343734932259
B,4.438147900819198,2.5611528125795746,-0.6936023245886933,-2.465445100729162
B,4.441291065054905,2.556893753726898,-0.6847090813932821,-2.4635095172751402
B,4.4444342292906125,2.552629308907782,-0.6758334435976743,-2.461537232139691
B,4.447577393526321,2.548359644649858,-0.6669756138630831,-2.4595284932262755
B,4.450720557762028,2.5440849265201737,-0.6581357922200435,-2.4574835487437254
B,4.4538637219977355,2.5398053191177725,-0.6493141760739163,-2.455402647177929
B,4.457006886233444,2.535520986066516,-0.640510960210752,-2.4532860372638203
B,4.460150050469151,2.5312320900081375,-0.6317263368034832,-2.4511339679576505
B,4.4632932147048585,2.5269387925955233,-0.6229604954184201,-2.448946688409561
B,4.466436378940566,2.52264125448623,-0.6142136230220887,-2.446724447936453
B,4.469579543176274,2.5183396353362237,-0.6054859039883659,-2.4444674959951453
B,4.4727227074119815,2.5140340937938537,-0.5967775201059368,-2.4421760821558487
B,4.475865871647689,2.5097247874940387,-0.5880886505860279,-2.4398504560759258
B,4.479009035883397,2.505411873052686,-0.5794194720704579,-2.4374908674739606
B,4.4821522001191045,2.50109550606133,-0.5707701586399756,-2.435097566104134
B,4.485295364354812,2.49677584108198,-0.5621408818228619,-2.4326708017308967
B,4.48843852859052,2.492453031642194,-0.5535318106038287,-2.4302108241039524
B,4.4915816928262275,2.48812723023037,-0.5449431114331916,-2.4277178829335515
B,4.494724857061935,2.4837985882912315,-0.5363749482362844,-2.4251922278660794
B,4.497868021297643,2.4794672562215463,-0.527827482423158,-2.4226341084599703
B,4.501011185533351,2.4751333833660407,-0.5193008728985323,-2.420043774161915
B,4.504154349769058,2.470797118013517,-0.510795276071975,-2.4174214742833855
B,4.507297514004765,2.466458607393184,-0.5023108458683482,-2.414767457977465
B,4.510440678240474,2.462117997671184,-0.49384773373847846,-2.4120819742159947
B,4.513583842476181,2.457775433947324,-0.4854060886700719,-2.409365271767023
B,4.516727006711888,2.4534310602519933,-0.4769860571988317,-2.406617599172568
B,4.519870170947597,2.4490850195432894,-0.4685877834198196,-2.4038392047266917
B,4.523013335183304,2.4447374537043323,-0.4602114089990299,-2.401030336453888
B,4.526156499419011,2.440388503540761,-0.45185707318515317,-2.398191242087766
B,4.52929966365472,2.4360383087784334,-0.44352491282156625,-2.3953221690500657
B,4.532442827890427,2.4316870080612993,-0.43521506235851837,-2.392423364429963
B,4.535585992126134,2.427334738949464,-0.4269276538654927,-2.389495074963698
B,4.538729156361842,2.4229816379174314,-0.4186628170437768,-2.3865375470145045
B,4.54187232059755,2.4186278403525234,-0.41042067923920306,-2.3835510265528495
B,4.545015484833257,2.414273480553489,-0.4022013654550807,-2.3805357591369902
B,4.548158649068965,2.409918691729263,-0.3940049983652751,-2.377491989893817
B,4.551301813304673,2.40556360599792,-0.38583169832747755,-2.3744199635000234
B,4.55444497754038,2.401208354385795,-0.37768158339663477,-2.371319924163576
B,4.557588141776088,2.3968530668267536,-0.36955476933851533,-2.3681921156054826
B,4.560731306011796,2.3924978721616466,-0.36145136964344865,-2.365036781041868
B,4.563874470247503,2.3881428981379256,-0.35337149554021047,-2.361854163166364
B,4.567017634483211,2.3837882714094034,-0.3453152560100294,-2.358644504132778
B,4.570160798718919,2.3794341175361855,-0.3372827578007505,-2.355408045538082
B,4.573303962954626,2.3750805609847614,-0.32927410544113267,-2.3521450284056957
B,4.576447127190334,2.370727725128234,-0.3212894012552503,-2.348855693169066
B,4.579590291426041,2.3663757322467087,-0.3133287453770413,-2.3455402796555416
B,4.582733455661749,2.3620247035278332,-0.30539223576496005,-2.3421990270705493
B,4.585876619897457,2.3576747590674794,-0.29747996821675465,-2.3388321739820617
B,4.589019784133164,2.3533260178705695,-0.2895920363843328,-2.335439958305357
B,4.592162948368872,2.3489785978520383,-0.2817285317887493,-2.3320226172880667
B,4.59530611260458,2.344632615837953,-0.2738895438352952,-2.3285803874955264
B,4.598449276840287,2.340288187566741,-0.26607515982865937,-2.325113504796395
B,4.601592441075995,2.3359454276905773,-0.25828546498820293,-2.3216222043485764
B,4.604735605311703,2.3316044497768953,-0.25052054246331845,-2.3181067205854227
B,4.60787876954741,2.327265366310019,-0.24278047334885142,-2.3145672872022134
B,4.611021933783118,2.3229282886929328,-0.23506533670061933,-2.311004137142922
B,4.614165098018826,2.3185933272491783,-0.22737520955100426,-2.307417502587265
B,4.617308262254533,2.314260591224861,-0.21971016692459513,-2.3038076149380204
B,4.6204514264902405,2.3099301887907884,-0.2120702818539167,-2.3001747048086254
B,4.623594590725949,2.305602227044722,-0.2044556253952072,-2.2965190020110517
B,4.626737754961656,2.30127681201375,-0.19686626664426615,-2.2928407355439493
B,4.6298809191973636,2.2969540486567643,-0.18930227275233386,-2.2891401335810575
B,4.633024083433072,2.2926340408670565,-0.18176370894204014,-2.2854174234598896
B,4.636167247668779,2.2883168914750227,-0.17425063852339828,-2.2816728316706802
B,4.639310411904487,2.28400270225097,-0.16676312290982243,-2.2779065838455925
B,4.642453576140195,2.279691573908031,-0.15930122163420207,-2.2741189047481942
B,4.645596740375902,2.2753836061051853,-0.15186499236501147,-2.2703100182631912
B,4.64873990461161,2.2710788974503715,-0.14445449092243115,-2.266480147386413
B,4.651883068847318,2.266777545503702,-0.13706977129451606,-2.2626295142150554
B,4.655026233083025,2.2624796467807835,-0.12971088565338806,-2.2587583399381868
B,4.658169397318733,2.2581852967561087,-0.12237788437143009,-2.254866844827483
B,4.66131256155444,2.253894589866562,-0.11507081603751901,-2.250955248228231
B,4.664455725790148,2.249607619515003,-0.1077897274732602,-2.2470237685505685
B,4.667598890025856,2.245324478073945,-0.10053466374924531,-2.2430726232609723
B,4.670742054261563,2.2410452568893056,-0.09330566820129733,-2.239102028873978
B,4.673885218497271,2.2367700462842546,-0.08610278244673891,-2.2351122009441484
B,4.677028382732979,2.2324989355631426,-0.07892604640066242,-2.231103354058284
B,4.680171546968686,2.2282320130154942,-0.07177549829217997,-2.2270757018278453
B,4.683314711204394,2.223969365920095,-0.06465117468068786,-2.2230294568816302
B,4.686457875440102,2.2197110805491502,-0.057553110472123525,-2.218964830858673
B,4.689601039675809,2.2154572421725076,-0.050481338935194464,-2.2148820344013638
B,4.692744203911517,2.211207935061959,-0.043435891717612356,-2.2107812771487976
B,4.695887368147225,2.2069632424956183,-0.03641679886231181,-2.206662767730356
B,4.699030532382932,2.202723246762348,-0.029424088823632764,-2.2025267137594855
B,4.702173696618639,2.1984880291662714,-0.022457788483502102,-2.1983733218277157
B,4.705316860854348,2.194257670031334,-0.015517923167580001,-2.1942027974988783
B,4.708460025090055,2.1900322487059394,-0.008604516661392092,-2.190015345303548
B,4.711603189325762,2.18581184356763,-0.0017175912264137182,-2.1858111687336814
B,4.714746353561471,2.1815965320278403,0.005142832383858875,-2.181590470237476
B,4.717889517797178,2.177386390536702,0.011976734907870622,-2.1773534512144312
B,4.721032682032885,2.1731814945878964,0.01878409856002252,-2.1731003120106007
B,4.724175846268594,2.1689819187235715,0.025564907014706727,-2.1688312519140616
B,4.727319010504301,2.164787736539306,0.0323191453903816,-2.164546469150572
B,4.730462174740008,2.1605990206891152,0.03904680023370605,-2.16024616087942
B,4.733605338975717,2.1564158428905156,0.0457478595037006,-2.1559305231894745
B,4.736748503211424,2.1522382739296346,0.05242231255595489,-2.151599751095426
B,4.739891667447131,2.1480663836663534,0.059070150126900256,-2.1472540385341996
B,4.743034831682839,2.1439002410395074,0.0656913643181135,-2.142893578361577
B,4.746177995918547,2.139739914072116,0.07228594858068399,-2.138518562348977
B,4.749321160154254,2.135585469876664,0.07885389769962349,-2.1341291811804433
B,4.752464324389962,2.1314369746604083,0.08539520777835037,-2.12972562444978
B,4.75560748862567,2.127294493730727,0.09190987622321416,-2.1253080806578852
B,4.758750652861377,2.123158091500511,0.0983979017280797,-2.1208767372102515
B,4.761893817097085,2.119027831493572,0.10485928425898856,-2.1164317804146306
B,4.765036981332793,2.1149037763500984,0.11129402503886623,-2.1119733954788718
B,4.7681801455685004,2.110785987832137,0.11770212653229357,-2.107501766508931
B,4.771323309804208,2.106674526829096,0.12408359243036003,-2.103017076507029
B,4.774466474039916,2.1025694533632864,0.1304384276355677,-2.0985195073699816
B,4.7776096382756235,2.0984708265954892,0.13676663824680382,-2.0940092398876904
B,4.780752802511331,2.094378704830536,0.14306823154439946,-2.089486453741778
B,4.783895966747038,2.0902931455229252,0.14934321597524117,-2.084951327504385
B,4.7870391309827465,2.0862142052824546,0.15559160113796647,-2.080404038637117
B,4.790182295218454,2.082141939879882,0.1618133977682223,-2.0758447634901462
B,4.793325459454161,2.0780764042525894,0.16800861772401585,-2.0712736773014417
B,4.7964686236898695,2.0740176525102845,0.17417727397112656,-2.0666909541961656
B,4.799611787925577,2.0699657379407097,0.18031938056859503,-2.062096767186202
B,4.802754952161284,2.065920713015364,0.18643495265430624,-2.0574912881698175
B,4.8058981163969925,2.0618826293952432,0.1925240064306369,-2.052874687931472
B,4.8090412806327,2.0578515379366036,0.19858655915018367,-2.048247136141763
B,4.812184444868407,2.053827488696713,0.2046226291015878,-2.043608801357491
B,4.8153276091041155,2.049810530939637,0.21063223559542796,-2.0389598510218656
B,4.818470773339823,2.045800713142029,0.216615398950196,-2.0343004514648473
B,4.82161393757553,2.0417980829989157,0.22257214047837243,-2.0296307679035914
B,4.824757101811238,2.03780268742951,0.22850248247257082,-2.024950964443042
B,4.827900266046946,2.033814572583013,0.23440644819177753,-2.020261204076626
B,4.831043430282653,2.0298337838444414,0.2402840618476695,-2.015561648687092
B,4.834186594518361,2.025860365840434,0.24613534859103525,-2.010852459047433
B,4.837329758754069,2.021894362445085,0.25196033449827004,-2.006133794821955
B,4.840472922989776,2.0179358167857697,0.2577590465579597,-2.0014058145674465
B,4.843616087225484,2.013984771248966,0.26353151265756936,-1.99666867573445
B,4.846759251461192,2.0100412674860877,0.2692777615702074,-1.9919225346686593
B,4.849902415696899,2.0061053464193157,0.27499782294148023,-1.9871675466124161
B,4.853045579932607,2.0021770482474173,0.2806917272764543,-1.982403865706305
B,4.856188744168315,1.998256412451574,0.2863595059266937,-1.97763164499086
B,4.859331908404022,1.9943434778012066,0.2920011910773919,-1.9728510364083742
B,4.86247507263973,1.9904382823597868,0.2976168157346103,-1.968062190804795
B,4.865618236875437,1.9865408634906518,0.3032064137125937,-1.9632652579317273
B,4.868761401111145,1.9826512578628124,0.3087700196211903,-1.958460386448529
B,4.871904565346853,1.9787695014567552,0.3143076688533554,-1.9536477239245014
B,4.87504772958256,1.97489562957023,0.3198193975727662,-1.94882741684116
B,4.878190893818268,1.9710296768240387,0.3253052427015163,-1.9439996105946067
B,4.881334058053976,1.9671716771678152,0.3307652419079072,-1.939164449497989
B,4.884477222289683,1.9633216638857822,0.336199433594347,-1.9343220767840283
B,4.887620386525391,1.9594796696025156,0.34160785688533324,-1.929472634607652
B,4.890763550761099,1.9556457262886902,0.3469905516155296,-1.9246162640486983
B,4.893906714996806,1.9518198652668068,0.3523475583179544,-1.9197531051146945
B,4.897049879232514,1.9480021172169173,0.3576789182122502,-1.9148832967437226
B,4.900193043468222,1.9441925121823356,0.3629846731930508,-1.910006976807361
B,4.903336207703929,1.9403910795753254,0.3682648658184585,-1.9051242821136918
B,4.9064793719396365,1.9365978481827841,0.3735195392986025,-1.9002353484103882
B,4.909622536175345,1.9328128461719059,0.3787487374843034,-1.8953403103878705
B,4.912765700411052,1.9290361010958346,0.383952504855826,-1.8904393016825365
B,4.9159088646467595,1.9252676398992914,0.38913088651174343,-1.885532454880046
B,4.919052028882468,1.9215074889241928,0.394283928157885,-1.880619901518684
B,4.922195193118175,1.9177556739152537,0.39941167609638134,-1.8757017720927889
B,4.9253383573538825,1.9140122200255612,0.4045141772148195,-1.870778196056228
B,4.928481521589591,1.9102771518221406,0.4095914789754816,-1.8658493018259505
B,4.931624685825298,1.9065504932915025,0.41464362940468097,-1.860915216785597
B,4.9347678500610055,1.9028322678451597,0.4196706770822077,-1.855976067289154
B,4.937911014296713,1.8991224983251358,0.42467267113085616,-1.8510319786646825
B,4.941054178532421,1.895421207009447,0.42964966120605874,-1.8460830752180866
B,4.9441973427681285,1.891728415617569,0.43460169748560684,-1.8411294802369516
B,4.947340507003836,1.8880441453158723,0.43952883065948206,-1.8361713159944122
B,4.950483671239544,1.8843684167230437,0.4444311119197717,-1.8312087037530884
B,4.9536268354752515,1.8807012499154891,0.44930859295068004,-1.8262417637690698
B,4.956769999710959,1.8770426644327005,0.4541613259186476,-1.8212706152959333
B,4.959913163946667,1.8733926792826108,0.458989363462554,-1.8162953765888186
B,4.9630563281823745,1.869751312946926,0.46379275868401587,-1.8113161649085519
B,4.966199492418082,1.8661185833864236,0.4685715651377929,-1.8063330965257962
B,4.96934265665379,1.862494508046235,0.4733258368222755,-1.801346286725259
B,4.9724858208894975,1.8588791038611059,0.47805562817006847,-1.7963558498099392
B,4.975628985125205,1.8552723872606212,0.4827609940386802,-1.7913618991054012
B,4.978772149360912,1.8516743741744135,0.48744198970129277,-1.786364546964099
B,4.9819153135966205,1.8480850800373434,0.4920986708376342,-1.7813639047697323
B,4.985058477832328,1.8445045197946572,0.496731093524936,-1.7763600829416428
B,4.988201642068035,1.8409327079071094,0.5013393142289974,-1.7713531909392326
B,4.9913448063037436,1.8373696583560684,0.5059233897953294,-1.766343337266427
B,4.994487970539451,1.8338153846485947,0.5104833774403938,-1.7613306294761701
B,4.997631134775158,1.8302698998224844,0.5150193347429437,-1.756315174174938
B,5.000774299010867,1.8267332164512924,0.5195313196354449,-1.7512970770272924
B,5.003917463246574,1.8232053466493305,0.5240193903955888,-1.7462764427604642
B,5.007060627482281,1.8196863020766285,0.528483605637909,-1.7412533751689527
B,5.01020379171799,1.8161760939438734,0.5329240243054741,-1.736227977119158
B,5.013346955953697,1.812674733017327,0.5373407056616746,-1.7312003505540459
B,5.016490120189404,1.8091822296236981,0.5417337092821072,-1.7261705964978158
B,5.019633284425112,1.8056985936550034,0.5461030950465385,-1.7211388150606124
B,5.02277644866082,1.8022238345733899,0.5504489231309647,-1.7161051054432461
B,5.025919612896527,1.7987579614159341,0.5547712539997507,-1.7110695659419435
B,5.029062777132235,1.7953009827994062,0.5590701483978725,-1.7060322939531054
B,5.032205941367943,1.7918529069250082,0.5633456673432328,-1.7009933859780906
B,5.03534910560365,1.788413741583089,0.5675978721190674,-1.6959529376280258
B,5.038492269839358,1.7849834941578155,0.5718268242664459,-1.69091104362861
B,5.041635434075066,1.781562171631828,0.5760325855768496,-1.6858677978249552
B,5.044778598310773,1.7781497805908617,0.5802152180848352,-1.6808232931864364
B,5.047921762546481,1.7747463272283317,0.584374784060793,-1.6757776218115439
B,5.051064926782189,1.7713518173498985,0.5885113460037812,-1.670730874932766
B,5.054208091017896,1.7679662563779985,0.592624966634443,-1.6656831429214742
B,5.057351255253604,1.7645896493563413,0.5967157088880176,-1.6606345152928161
B,5.060494419489311,1.7612220009543826,0.6007836359074253,-1.6555850807106272
B,5.063637583725019,1.7578633154717633,0.6048288110364389,-1.6505349269923457
B,5.066780747960727,1.7545135968427221,0.6088512978129332,-1.6454841411139436
B,5.069923912196434,1.7511728486404698,0.6128511599622258,-1.6404328092148523
B,5.073067076432142,1.747841074081541,0.6168284613904897,-1.6353810166029066
B,5.07621024066785,1.7445182760301154,0.6207832661782465,-1.630328847759296
B,5.079353404903557,1.741204457002299,0.6247156385739493,-1.6252763863435087
B,5.082496569139265,1.737899619170386,0.6286256429876355,-1.6202237151982914
B,5.085639733374973,1.7346037643670857,0.6325133439846585,-1.6151709163546157
B,5.08878289761068,1.731316894089716,0.6363788062795084,-1.6101180710366332
B,5.091926061846388,1.7280390095043676,0.6402220947296984,-1.6050652596666446
B,5.095069226082096,1.724770111450045,0.6440432743297325,-1.600012561870074
B,5.098212390317803,1.7215102004427625,0.6478424102051559,-1.5949600564804294
B,5.1013555545535105,1.7182592766796214,0.6516195676066731,-1.589907821544277
B,5.104498718789219,1.7150173400428514,0.6553748119043473,-1.5848559343262085
B,5.107641883024926,1.7117843901038248,0.659108208581869,-1.579804471313815
B,5.1107850472606335,1.708560426127033,0.6628198232309094,-1.5747535082226471
B,5.113928211496342,1.705345447074039,0.666509721545538,-1.5697031200011813
B,5.117071375732049,1.7021394516074,0.6701779693167145,-1.5646533808357892
B,5.1202145399677566,1.6989424380945517,0.6738246324268625,-1.5596043641556865
B,5.123357704203465,1.6957544046116682,0.6774497768445058,-1.5545561426378922
B,5.126500868439172,1.6925753489474933,0.6810534686189764,-1.5495087882121834
B,5.12964403267488,1.689405268607133,0.6846357738752044,-1.5444623720660335
B,5.132787196910588,1.6862441608158245,0.6881967588085667,-1.5394169646495546
B,5.135930361146295,1.6830920225226762,0.6917364896798085,-1.5343726356804364
B,5.139073525382003,1.679948850404367,0.6952550328100403,-1.5293294541488645
B,5.14221668961771,1.6768146408688271,0.6987524545757969,-1.5242874883224464
B,5.145359853853418,1.6736893900588816,0.7022288214041681,-1.519246805751121
B,5.148503018089126,1.6705730938558698,0.7056841997679927,-1.514207473272068
B,5.151646182324833,1.6674657478832238,0.7091186561811283,-1.5091695570145953
B,5.154789346560541,1.6643673475100285,0.7125322571937807,-1.5041331224050296
B,5.157932510796249,1.661277887854548,0.7159250693878965,-1.4990982341715982
B,5.161075675031956,1.6581973637877172,0.7192971593726328,-1.494064956349287
B,5.164218839267664,1.6551257699366082,0.7226485937798807,-1.4890333522847
B,5.167362003503372,1.6520631006878712,0.7259794392598545,-1.4840034846409123
B,5.170505167739079,1.6490093501911338,0.7292897624767527,-1.4789754154022938
B,5.173648331974787,1.645964512362382,0.7325796301044734,-1.4739492058793366
B,5.176791496210495,1.6429285808873086,0.7358491088223926,-1.4689249167134706
B,5.179934660446202,1.639901549224628,0.7390982653112128,-1.4639026078818533
B,5.183077824681909,1.636883410609367,0.7423271662488635,-1.4588823387021608
B,5.186220988917618,1.6338741580561231,0.7455358783064681,-1.4538641678373563
B,5.189364153153325,1.6308737843623,0.7487244681443666,-1.4488481533004574
B,5.192507317389032,1.6278822821113026,0.751893002408205,-1.4438343524592694
B,5.195650481624741,1.6248996436757142,0.7550415477250783,-1.438822822041123
B,5.198793645860448,1.6219258612204424,0.7581701706997297,-1.4338136181375933
B,5.201936810096155,1.6189609267058296,0.7612789379108175,-1.4288067962091922
B,5.205079974331864,1.6160048318907452,0.7643679159072309,-1.4238024110900613
B,5.208223138567571,1.613057568335644,0.7674371712044625,-1.4188005169926439
B,5.211366302803278,1.6101191274055953,0.7704867702810458,-1.4138011675123339
B,5.214509467038987,1.6071895002732859,0.7735167795750401,-1.408804415632118
B,5.217652631274694,1.6042686779219992,0.77652726548057,-1.4038103137272029
B,5.220795795510401,1.601356651148556,0.7795182943444292,-1.398818913569612
B,5.223938959746109,1.5984534105662385,0.7824899324627282,-1.3938302663327822
B,5.227082123981817,1.5955589466076803,0.7854422460776019,-1.3888444225961316
B,5.230225288217524,1.5926732495277338,0.7883753013739638,-1.3838614323496203
B,5.233368452453232,1.589796309406303,0.7912891644763229,-1.3788813449982795
B,5.23651161668894,1.5869281161511564,0.7941839014456441,-1.373904209366735
B,5.239654780924647,1.5840686595007116,0.7970595782762598,-1.3689300737037127
B,5.242797945160355,1.5812179290267887,0.7999162608928407,-1.3639589856865137
B,5.245941109396063,1.5783759141373404,0.8027540151474091,-1.3589909924254826
B,5.24908427363177,1.5755426040791582,0.8055729068164018,-1.354026140468458
B,5.252227437867478,1.572717987940546,0.808373001597791,-1.3490644758051917
B,5.255370602103186,1.5699020546539697,0.8111543651082452,-1.3441060438717605
B,5.2585137663388934,1.567094792998687,0.813917062880339,-1.3391508895549595
B,5.261656930574601,1.5642961916033395,0.8166611603598186,-1.3341990571966638
B,5.264800094810308,1.5615062389485288,0.8193867229029052,-1.3292505905981828
B,5.2679432590460165,1.5587249233693614,0.8220938157736509,-1.3243055330245888
B,5.271086423281724,1.5559522330579747,0.8247825041413375,-1.319363927209033
B,5.274229587517431,1.5531881560660266,0.8274528530779254,-1.3144258153570267
B,5.2773727517531395,1.55043268030717,0.8301049275555437,-1.3094912391507172
B,5.280515915988847,1.5476857935595,0.832738792444024,-1.3045602397531393
B,5.283659080224554,1.5449474834679717,0.8353545125084865,-1.2996328578124392
B,5.2868022444602625,1.5422177375467967,0.8379521524069601,-1.2947091334660858
B,5.28994540869597,1.539496543181819,0.8405317766880502,-1.2897891063450646
B,5.293088572931677,1.5367838876328568,0.843093449788652,-1.284872815578035
B,5.2962317371673855,1.5340797580360268,0.8456372360317006,-1.279960299795482
B,5.299374901403093,1.5313841414060474,0.8481631996239658,-1.2750515971338467
B,5.3025180656388,1.5286970246385077,0.8506714046538906,-1.270146745239621
B,5.305661229874508,1.526018394512122,0.8531619150894653,-1.2652457812734372
B,5.308804394110216,1.5233482376909557,0.8556347947761471,-1.2603487419141264
B,5.311947558345923,1.5206865407266332,0.8580901074348143,-1.255455663362766
B,5.315090722581631,1.5180332900605131,0.8605279166597671,-1.2505665813466897
B,5.318233886817339,1.5153884720258486,0.8629482859167616,-1.2456815311234888
B,5.321377051053046,1.5127520728499246,0.8653512785410821,-1.2408005474849928
B,5.324520215288754,1.5101240786561645,0.8677369577356577,-1.2359236647612162
B,5.327663379524462,1.5075044754662228,0.8701053865692107,-1.2310509168242942
B,5.330806543760169,1.5048932492020524,0.872456627974442,-1.2261823370923985
B,5.333949707995877,1.502290385687946,0.874790744746259,-1.2213179585336174
B,5.337092872231585,1.49969587065256,0.8771077995400354,-1.2164578136698276
B,5.340236036467292,1.4971096897309173,0.8794078548699042,-1.211601934580544
B,5.343379200703,1.49453182846638,0.8816909731070944,-1.2067503529067336
B,5.346522364938707,1.4919622723126105,0.883957216478296,-1.2019030998546225
B,5.349665529174415,1.489401006635505,0.8862066470640617,-1.1970602061994748
B,5.352808693410123,1.4868480167151092,0.8884393267972412,-1.1922217022893513
B,5.35595185764583,1.4843032877475084,0.8906553174614543,-1.1873876180488403
B,5.359095021881538,1.4817668048466992,0.892854680689592,-1.1825579829827724
B,5.362238186117246,1.479238553046444,0.8950374779623504,-1.177732826179916
B,5.365381350352953,1.476718517302096,0.8972037706068036,-1.1729121763166392
B,5.368524514588661,1.474206682492411,0.8993536197950012,-1.1680960616605591
B,5.371667678824369,1.4717030334213383,0.9014870865425999,-1.1632845100741709
B,5.374810843060076,1.469207554819786,0.9036042317075303,-1.158477549018443
B,5.377954007295783,1.4667202313473728,0.9057051159886896,-1.1536752055564015
B,5.381097171531492,1.464241047594154,0.9077897999246669,-1.1488775063566867
B,5.384240335767199,1.461769988082335,0.9098583438924969,-1.144084477697094
B,5.3873835000029064,1.4593070372679555,0.9119108081064478,-1.1392961454680794
B,5.390526664238615,1.4568521795425633,0.9139472526168348,-1.1345125351762566
B,5.393669828474322,1.4544053992348656,0.9159677373088609,-1.1297336719478686
B,5.3968129927100295,1.4519666806123577,0.9179723219014932,-1.1249595805322294
B,5.399956156945738,1.4495360078829373,0.9199610659463604,-1.1201902853051526
B,5.403099321181445,1.447113365196501,0.9219340288266796,-1.1154258102723589
B,5.4062424854171525,1.4446987366465156,0.9238912697562164,-1.11066617907285
B,5.409385649652861,1.4422921062715761,0.9258328477782639,-1.1059114149822713
B,5.412528813888568,1.4398934580569482,0.9277588217646527,-1.1011615409162543
B,5.4156719781242755,1.437502775936082,0.9296692504147882,-1.096416579433724
B,5.418815142359983,1.4351200437921208,0.9315641922547128,-1.0916765527401984
B,5.421958306595691,1.4327452454593799,0.9334437056361925,-1.0869414826910564
B,5.4251014708313985,1.4303783647248196,0.9353078487358292,-1.082211390794795
B,5.428244635067106,1.4280193853294891,0.9371566795542021,-1.0774862982162485
B,5.431387799302814,1.4256682909699605,0.9389902559150287,-1.0727662257798
B,5.4345309635385215,1.4233250652997453,0.9408086354643506,-1.0680511939725694
B,5.437674127774229,1.4209896919306881,0.9426118756697477,-1.0633412229475692
B,5.440817292009937,1.4186621544343494,0.944400033819572,-1.0586363325268509
B,5.4439604562456445,1.416342436343371,0.9461731670222047,-1.0539365422046276
B,5.447103620481352,1.4140305211528197,0.94793133220534,-1.0492418711503673
B,5.45024678471706,1.411726392321519,0.9496745861152877,-1.0445523382118718
B,5.4533899489527675,1.4094300332733671,0.9514029853162993,-1.0398679619183382
B,5.456533113188475,1.407141427398629,0.9531165861899183,-1.035188760483385
B,5.459676277424182,1.4048605580552223,0.9548154449343501,-1.0305147518080708
B,5.4628194416598905,1.4025874085699819,0.9564996175638528,-1.0258459534838846
B,5.465962605895598,1.400321962239914,0.9581691599081511,-1.0211823827957232
B,5.469105770131305,1.3980642023334247,0.959824127611871,-1.0165240567248301
B,5.4722489343670135,1.3958141120915435,0.9614645761339936,-1.011870991951733
B,5.475392098602721,1.3935716747291271,0.9630905607473278,-1.007223204859152
B,5.478535262838428,1.3913368734360467,0.9647021365380101,-1.002580711534883
B,5.4816784270741366,1.389109691378362,0.966299358405015,-0.9979435277746656
B,5.484821591309844,1.386890111699482,0.9678822810596888,-0.9933116690850337
B,5.487964755545551,1.3846781175213059,0.9694509590253054,-0.9886851506861338
B,5.49110791978126,1.3824736919453542,0.9710054466366362,-0.9840639875145338
B,5.494251084016967,1.3802768180538854,0.9725457980395402,-0.9794481942260104
B,5.497394248252674,1.3780874789109931,0.974072067190574,-0.9748377851983061
B,5.500537412488382,1.3759056575636943,0.9755843078566173,-0.9702327745338779
B,5.50368057672409,1.3737313370430018,0.9770825736145194,-0.9656331760626187
B,5.506823740959797,1.371564500364983,0.9785669178507572,-0.9610390033445649
B,5.509966905195505,1.3694051305318025,0.9800373937611185,-0.956450269672573
B,5.513110069431213,1.3672532105327546,0.9814940543503967,-0.951866988074986
B,5.51625323366692,1.3651087233452812,0.9829369524321012,-0.9472891713182816
B,5.519396397902628,1.3629716519359745,0.9843661406281915,-0.9427168319096878
B,5.522539562138336,1.3608419792615662,0.9857816713688186,-0.9381499820997897
B,5.525682726374043,1.3587196882699102,0.9871835968920869,-0.9335886338851195
B,5.528825890609751,1.3566047619009416,0.988571969243834,-0.9290327990107123
B,5.531969054845459,1.3544971830876302,0.9899468402774203,-0.9244824889726558
B,5.535112219081166,1.3523969347569214,0.9913082616535374,-0.9199377150206195
B,5.538255383316874,1.3503039998306596,0.9926562848400321,-0.9153984881603546
B,5.541398547552581,1.3482183612265028,0.993990961111743,-0.9108648191561854
B,5.544541711788289,1.346140001858824,0.9953123415503522,-0.9063367185334765
B,5.547684876023997,1.3440689046396033,0.9966204770442519,-0.9018141965810866
B,5.550828040259704,1.342005052479298,0.9979154182884246,-0.8972972633537906
B,5.553971204495412,1.3399484282877137,0.9991972157843381,-0.892785928674697
B,5.55711436873112,1.3378990149748557,1.0004659198398504,-0.8882802021376425
B,5.560257532966827,1.3358567954517695,1.0017215805691357,-0.8837800931095602
B,5.563400697202535,1.3338217526313698,1.0029642478926144,-0.8792856107328391
B,5.566543861438243,1.3317938694292615,1.0041939715369004,-0.8747967639276634
B,5.56968702567395,1.3297731287645431,1.005410801034764,-0.8703135613943268
B,5.572830189909658,1.3277595135606042,1.006614785725103,-0.865836011615535
B,5.575973354145366,1.3257530067459098,1.007805974752926,-0.8613641228586926
B,5.579116518381073,1.3237535912547724,1.0089844170693516,-0.8568979031781603
B,5.5822596826167805,1.3217612500281144,1.0101501614316153,-0.8524373604175061
B,5.585402846852489,1.3197759660142199,1.0113032564030915,-0.847982502211732
B,5.588546011088196,1.317797722169477,1.0124437503533243,-0.8435333359894899
B,5.5916891753239035,1.315826501459105,1.0135716914580721,-0.8390898689752669
B,5.594832339559612,1.3138622868578753,1.0146871276993616,-0.8346521081915657
B,5.597975503795319,1.311905061350822,1.0157901068655517,-0.8302200604610654
B,5.6011186680310265,1.309954807933939,1.0168806765514125,-0.8257937324087563
B,5.604261832266735,1.3080115096148683,1.0179588841582095,-0.8213731304640661
B,5.607404996502442,1.306075149413583,1.0190247768938019,-0.8169582608629711
B,5.6105481607381495,1.30414571036305,1.0200784017727493,-0.8125491296500771
B,5.613691324973858,1.3022231755098943,1.021119805616431,-0.8081457426806967
B,5.616834489209565,1.3003075279150458,1.022149035053169,-0.803748105622908
B,5.619977653445273,1.2983987506543784,1.023166136518368,-0.7993562239595855
B,5.62312081768098,1.2964968268193422,1.024171156254662,-0.7949701029904284
B,5.626263981916688,1.294601739517581,1.0251641403120666,-0.7905897478339623
B,5.629407146152396,1.2927134718735496,1.0261451345481478,-0.7862151634295348
B,5.632550310388103,1.2908320070291084,1.027114184628192,-0.7818463545392792
B,5.635693474623811,1.2889573281441211,1.0280713360253912,-0.7774833257500758
B,5.638836638859519,1.2870894183970403,1.0290166340210327,-0.773126081475496
B,5.641979803095226,1.2852282609854768,1.0299501237046988,-0.7687746259577176
B,5.645122967330934,1.2833738391267715,1.0308718499744762,-0.764428963269439
B,5.648266131566642,1.2815261360585506,1.0317818575371693,-0.7600890973157731
B,5.651409295802349,1.2796851350392746,1.032680190908528,-0.7557550318361186
B,5.654552460038057,1.277850819348779,1.033566894413477,-0.7514267704060231
B,5.657695624273765,1.2760231722888071,1.0344420121863556,-0.7471043164390327
B,5.660838788509472,1.2742021771835321,1.0353055881711668,-0.7427876731885148
B,5.663981952745179,1.272387817380074,1.0361576661218304,-0.7384768437494774
B,5.667125116980888,1.2705800762490065,1.036998289602447,-0.734171831060366
B,5.670268281216595,1.2687789371848561,1.0378275019875634,-0.7298726379048521
B,5.673411445452302,1.266984383606594,1.0386453464624532,-0.7255792669135961
B,5.676554609688011,1.2651963989581174,1.039451866023397,-0.7212917205660039
B,5.679697773923718,1.2634149667087293,1.0402471034779717,-0.7170100011919704
B,5.682840938159425,1.2616400703536017,1.0410311014453495,-0.712734110973597
B,5.685984102395134,1.2598716934142389,1.0418039023565986,-0.7084640519469035
B,5.689127266630841,1.25810981943893,1.0425655484549912,-0.7041998260035289
B,5.692270430866548,1.2563544320031936,1.043316081796322,-0.6999414348924041
B,5.695413595102257,1.254605514710215,1.0440555442492265,-0.6956888802214213
B,5.698556759337964,1.2528630511912804,1.0447839774955094,-0.6914421634590904
B,5.701699923573671,1.2511270251061957,1.0455014230304778,-0.6872012859361697
B,5.704843087809379,1.249397420143706,1.0462079221632783,-0.682966248847294
B,5.707986252045087,1.2476742200219053,1.0469035160172449,-0.6787370532525835
B,5.711129416280794,1.2459574084886378,1.047588245530243,-0.6745137000792419
B,5.714272580516502,1.2442469693218938,1.04826215145503,-0.6702961901231346
B,5.71741574475221,1.2425428863301984,1.0489252743596125,-0.6660845240503581
B,5.720558908987917,1.2408451433529957,1.049577654627611,-0.6618787023988003
B,5.723702073223625,1.2391537242610207,1.050219332458632,-0.6576787255796731
B,5.726845237459333,1.2374686129566717,1.0508503478686426,-0.653484593879046
B,5.72998840169504,1.2357897933743722,1.0514707406903487,-0.6492963074593625
B,5.733131565930748,1.2341172494809258,1.0520805505735817,-0.6451138663609353
B,5.736274730166456,1.2324509652758666,1.0526798169856864,-0.6409372705034381
B,5.739417894402163,1.2307909247918056,1.0532685792119139,-0.6367665196873847
B,5.742561058637871,1.2291371120947632,1.0538468763558198,-0.6326016135955835
B,5.745704222873578,1.2274895112845052,1.054414747339667,-0.628442551794593
B,5.7488473871092864,1.2258481064948652,1.05497223090483,-0.6242893337361549
B,5.751990551344994,1.2242128818940676,1.0555193656122064,-0.6201419587586244
B,5.755133715580701,1.222583821685037,1.05605618984263,-0.6160004260883737
B,5.7582768798164095,1.220960910105709,1.0565827417972886,-0.6118647348411949
B,5.761420044052117,1.219344131429332,1.0570990594981455,-0.6077348840236905
B,5.764563208287824,1.217733469964763,1.057605180788366,-0.6036108725346409
B,5.7677063725235325,1.2161289100567583,1.0581011433327434,-0.59949269916637
B,5.77084953675924,1.21453043608626,1.0585869846181328,-0.5953803626060991
B,5.773992700994947,1.2129380324706758,1.0590627419538867,-0.591273861437278
B,5.7771358652306555,1.211351683664152,1.0595284524722925,-0.587173194140915
B,5.780279029466363,1.2097713741578455,1.0599841531290148,-0.5830783590968945
B,5.78342219370207,1.2081970884801851,1.0604298807035406,-0.578989354585273
B,5.786565357937778,1.206628811197132,1.0608656717996265,-0.5749061787875749
B,5.789708522173486,1.2050665269124325,1.0612915628457504,-0.5708288297880694
B,5.792851686409193,1.2035102202678694,1.0617075900955648,-0.5667573055750438
B,5.795994850644901,1.2019598759435013,1.062113789628352,-0.5626916040420525
B,5.799138014880609,1.200415478657904,1.0625101973494844,-0.5586317229891661
B,5.802281179116316,1.198877013168406,1.062896848990886,-0.5545776601242096
B,5.805424343352024,1.1973444642713134,1.0632737801114962,-0.5505294130639778
B,5.808567507587732,1.1958178168021374,1.063641026097736,-0.546486979335451
B,5.811710671823439,1.1942970556358137,1.0639986221639763,-0.5424503563769996
B,5.814853836059147,1.1927821656869166,1.0643466033530116,-0.5384195415395675
B,5.817997000294854,1.1912731319098697,1.0646850045365301,-0.5343945320878563
B,5.821140164530562,1.1897699392991519,1.0650138604155912,-0.5303753252014909
B,5.82428332876627,1.1882725728895005,1.0653332055211022,-0.5263619179761834
B,5.827426493001977,1.1867810177561056,1.0656430742142977,-0.522354307424873
B,5.830569657237685,1.1852952590148045,1.0659435006872213,-0.5183524904788671
B,5.833712821473393,1.1838152818222711,1.066234518963209,-0.5143564639889708
B,5.8368559857091,1.1823410713761984,1.0665161628973732,-0.5103662247265979
B,5.839999149944808,1.1808726129154794,1.066788466177091,-0.5063817693848793
B,5.843142314180516,1.1794098917203844,1.0670514623224907,-0.5024030945797634
B,5.846285478416223,1.1779528931127308,1.0673051846869435,-0.4984301968510957
B,5.849428642651931,1.1765016024560515,1.0675496664575528,-0.4944630726636974
B,5.852571806887639,1.1750560051557624,1.0677849406556499,-0.4905017184084365
B,5.855714971123346,1.1736160866593164,1.068011040137285,-0.4865461304032766
B,5.858858135359053,1.172181832456365,1.068227997593726,-0.4825963048943289
B,5.862001299594762,1.1707532280789084,1.0684358455519531,-0.4786522380568873
B,5.865144463830469,1.1693302591014452,1.0686346163751579,-0.4747139259964596
B,5.868287628066176,1.1679129111411157,1.068824342263241,-0.4707813647497803
B,5.871430792301885,1.1665011698578458,1.0690050552533161,-0.46685455028582207
B,5.874573956537592,1.1650950209544837,1.0691767872202071,-0.4629334785067989
B,5.877717120773299,1.163694450176933,1.0693395698769523,-0.4590181452491491
B,5.880860285009008,1.1622994433142853,1.0694934347753087,-0.45510854628452063
B,5.884003449244715,1.1609099861989467,1.0696384133062538,-0.4512046773207459
B,5.8871466134804225,1.1595260647067616,1.0697745367004923,-0.447306534002798
B,5.890289777716131,1.1581476647571332,1.0699018360289614,-0.44341411191374885
B,5.893432941951838,1.1567747723131419,1.0700203422033367,-0.43952740657571654
B,5.8965761061875455,1.1554073733816574,1.0701300859765408,-0.4356464134507963
B,5.899719270423253,1.1540454540134506,1.0702310979432488,-0.43177112794199163
B,5.902862434658961,1.1526890003033008,1.0703234085403985,-0.42790154539413183
B,5.9060055988946685,1.151337998390101,1.0704070480476984,-0.4240376610947865
B,5.909148763130376,1.149992434456958,1.0704820465881368,-0.420179470275161
B,5.912291927366084,1.148652294731291,1.070548434128493,-0.4163269681109934
B,5.9154350916017915,1.1473175654849277,1.0706062404798449,-0.41248014972344277
B,5.918578255837499,1.145988233034196,1.070655495298082,-0.40863901017995974
B,5.921721420073207,1.1446642837400123,1.0706962280844141,-0.404803544495158
B,5.9248645843089145,1.1433457040079713,1.0707284681858844,-0.4009737476316788
B,5.928007748544622,1.1420324802884263,1.0707522447958784,-0.3971496145010366
B,5.93115091278033,1.1407245990765709,1.0707675869546374,-0.3933311399644662
B,5.9342940770160375,1.139422046912519,1.070774523549768,-0.38951831883376353
B,5.937437241251745,1.138124810381378,1.0707730833167566,-0.38571114587210714
B,5.940580405487452,1.1368328761133224,1.0707632948394772,-0.3819096157948835
B,5.9437235697231605,1.1355462307836637,1.0707451865507063,-0.3781137232704979
B,5.946866733958868,1.1342648611129194,1.0707187867326335,-0.3743234629211846
B,5.950009898194575,1.1329887538668748,1.070684123517372,-0.3705388293237977
B,5.9531530624302835,1.1317178958566485,1.0706412248874724,-0.366759817010605
B,5.956296226665991,1.130452273938751,1.0705901186764315,-0.36298642047007396
B,5.959439390901698,1.1291918750151417,1.070530832569205,-0.35921863414764066
B,5.9625825551374065,1.1279366860332842,1.0704633941027175,-0.3554564524464813
B,5.965725719373114,1.1266866939862008,1.0703878306663752,-0.35169986972827594
B,5.968868883608821,1.1254418859125195,1.0703041695025732,-0.34794888031395593
B,5.9720120478445295,1.124202248896524,1.070212437707208,-0.34420347848445354
B,5.975155212080237,1.1229677700682008,1.0701126622301866,-0.34046365848144466
B,5.978298376315944,1.1217384366032792,1.070004869875936,-0.3367294145080743
B,5.981441540551652,1.1205142357232756,1.0698890873039113,-0.33300074072968683
B,5.98458470478736,1.1192951546955308,1.0697653410291057,-0.329277631274542
B,5.987727869023067,1.1180811808332487,1.0696336574225576,-0.32556008023453104
B,5.990871033258775,1.116872301495529,1.0694940627118583,-0.321848081665875
B,5.994014197494483,1.1156685040874015,1.0693465829816589,-0.31814162958982606
B,5.99715736173019,1.1144697760598574,1.0691912441741782,-0.3144407179933627
B,6.000300525965898,1.1132761049098754,1.0690280720897058,-0.31074534082986766
B,6.003443690201606,1.112087478180451,1.0688570923871104,-0.30705549201980975
B,6.006586854437313,1.110903883460621,1.0686783305843424,-0.3033711654514191
B,6.009730018673021,1.1097253083854852,1.068491812058939,-0.29969235498134605
B,6.012873182908729,1.1085517406362275,1.068297562048527,-0.2960190544353236
B,6.016016347144436,1.107383167940137,1.068095605651326,-0.29235125760882325
B,6.019159511380144,1.106219578070622,1.0678859678266486,-0.28868895826769525
B,6.022302675615851,1.1050609588472293,1.0676686733954042,-0.2850321501488135
B,6.025445839851559,1.103907298135654,1.0674437470405962,-0.28138082696070715
B,6.028589004087267,1.1027585838477554,1.0672112133078244,-0.27773498238419364
B,6.031732168322974,1.101614803941564,1.0669710966057815,-0.2740946100729939
B,6.034875332558682,1.1004759464212912,1.0667234212067516,-0.270459703654352
B,6.03801849679439,1.0993419993373381,1.0664682112471078,-0.26683025672964866
B,6.041161661030097,1.0982129507862972,1.0662054907278067,-0.263206262874999
B,6.044304825265805,1.0970887889109597,1.0659352835148856,-0.2595877156418549
B,6.047447989501513,1.0959695019003146,1.0656576133399542,-0.25597460855759996
B,6.05059115373722,1.0948550779895514,1.0653725038006892,-0.2523669351261317
B,6.053734317972928,1.0937455054600578,1.0650799783613267,-0.24876468882844494
B,6.056877482208636,1.0926407726394185,1.0647800603531528,-0.24516786312321182
B,6.060020646444343,1.0915408679014098,1.0644727729749932,-0.24157645144734521
B,6.0631638106800505,1.0904457796659957,1.0641581392937043,-0.2379904472165683
B,6.066306974915759,1.0893554963993184,1.063836182244658,-0.2344098438259714
B,6.069450139151466,1.0882700066136952,1.0635069246322328,-0.23083463465057083
B,6.0725933033871735,1.087189298867603,1.063170389130296,-0.22726481304585064
B,6.075736467622882,1.0861133617656709,1.06282659828269,-0.22370037234830986
B,6.078879631858589,1.0850421839586677,1.0624755745037169,-0.22014130587600325
B,6.0820227960942965,1.083975754143487,1.0621173400786188,-0.2165876069290685
B,6.085165960330005,1.0829140610631327,1.061751917164061,-0.21303926879025686
B,6.088309124565712,1.0818570935067042,1.0613793277886108,-0.2094962847254592
B,6.0914522888014195,1.0808048403093784,1.0609995938532182,-0.2059586479842177
B,6.094595453037128,1.079757290352389,1.0606127371316916,-0.20242635180024124
B,6.097738617272835,1.0787144325630107,1.0602187792711752,-0.19889938939191656
B,6.1008817815085425,1.0776762559145343,1.0598177417926247,-0.195377753962805
B,6.10402494574425,1.0766427494262478,1.059409646091281,-0.19186143870214456
B,6.107168109979958,1.0756139021634108,1.0589945134371428,-0.1883504367853411
B,6.1103112742156656,1.0745897032372327,1.0585723649754384,-0.18484474137446086
B,6.113454438451373,1.0735701418048442,1.058143221727095,-0.18134434561870805
B,6.116597602687081,1.072555207069273,1.0577071045892086,-0.17784924265490706
B,6.119740766922789,1.071544888279417,1.0572640343355124,-0.17435942560798004
B,6.122883931158496,1.070539174730013,1.0568140316168404,-0.1708748875914104
B,6.126027095394204,1.0695380557616094,1.0563571169615946,-0.16739562170771155
B,6.129170259629912,1.0685415207605355,1.055893310776208,-0.16392162104889046
B,6.132313423865619,1.0675495591588688,1.055422633345606,-0.16045287869689812
B,6.135456588101327,1.0665621604344033,1.0549451048336682,-0.1569893877240847
B,6.138599752337035,1.065579314110617,1.054460745283687,-0.15353114119364977
B,6.141742916572742,1.0646010097566359,1.0539695746188265,-0.15007813216008015
B,6.144886080808449,1.0636272369872004,1.0534716126425792,-0.14663035366959254
B,6.148029245044158,1.062657985462628,1.0529668790392195,-0.14318779876056636
B,6.151172409279865,1.0616932448887777,1.05245539337426,-0.13975046046397843
B,6.154315573515572,1.060733005017012,1.0519371750949023,-0.13631833180382355
B,6.157458737751281,1.0597772556441563,1.0514122435304873,-0.1328914057975395
B,6.160601901986988,1.0588259866124634,1.0508806178929477,-0.12946967545642854
B,6.163745066222695,1.05787918780957,1.050342317277252,-0.1260531337860656
B,6.166888230458404,1.0569368491684568,1.0497973606618538,-0.12264177378671151
B,6.170031394694111,1.0559989606674085,1.0492457669091362,-0.11923558845372222
B,6.173174558929818,1.0550655123299693,1.0486875547658558,-0.11583457077794534
B,6.176317723165527,1.0541364942249,1.0481227428635829,-0.1124387137461215
B,6.179460887401234,1.053211896466136,1.047551349719145,-0.1090480103412819
B,6.182604051636941,1.052291709212741,1.0469733937350638,-0.10566245354313362
B,6.185747215872649,1.0513759226688628,1.0463888931999938,-0.10228203632845036
B,6.188890380108357,1.050464527083686,1.045797866289157,-0.09890675167145387
B,6.192033544344064,1.0495575127513892,1.0452003310647804,-0.09553659254419777
B,6.195176708579772,1.0486548700110934,1.0445963054765255,-0.09217155191693766
B,6.19831987281548,1.047756589246817,1.043985807361922,-0.0888116227585065
B,6.201463037051187,1.0468626608874274,1.0433688544467972,-0.08545679803668639
B,6.204606201286895,1.0459730754065917,1.0427454643457048,-0.08210707071856821
B,6.207749365522603,1.045087823322726,1.0421156545623502,-0.0787624337709163
B,6.21089252975831,1.0442068951989498,1.0414794424900191,-0.07542288016052981
B,6.214035693994018,1.0433302816430294,1.040836845411997,-0.07208840285459178
B,6.217178858229726,1.0424579733073314,1.0401878805019944,-0.06875899482102382
B,6.220322022465433,1.0415899608887698,1.0395325648245666,-0.06543464902883692
B,6.223465186701141,1.0407262351287536,1.0388709153355327,-0.062115358448470825
B,6.226608350936848,1.0398667868131348,1.0382029488823927,-0.058801116052139425
B,6.229751515172556,1.039011606772155,1.037528682204744,-0.055491914814167154
B,6.232894679408264,1.0381606858803931,1.0368481319346952,-0.05218774771132792
B,6.236037843643971,1.0373140150567097,1.036161314597279,-0.04888860772317148
B,6.239181007879679,1.0364715852641935,1.0354682466108633,-0.04559448783235493
B,6.242324172115387,1.0356333875101078,1.0347689442875607,-0.042305381024971306
B,6.245467336351094,1.0347994128458333,1.0340634238336366,-0.03902128029086651
B,6.2486105005868025,1.0339696523668145,1.033351701349915,-0.03574217862396169
B,6.25175366482251,1.0331440972125023,1.032633792832184,-0.03246806902257245
B,6.254896829058217,1.0323227385662987,1.031909714171598,-0.029198944489716917
B,6.258039993293925,1.0315055676554996,1.0311794811550798,-0.025934798033429945
B,6.261183157529633,1.030692575751238,1.03044310946572,-0.022675622667068924
B,6.26432632176534,1.0298837541684276,1.029700614683177,-0.01942141140962222
B,6.267469486001048,1.029079094265703,1.0289520122840699,-0.016172157286005476
B,6.270612650236756,1.0282785874453642,1.0281973176423773,-0.012927853327363497
B,6.273755814472463,1.027482225153317,1.0274365460298296,-0.009688492571369172
B,6.276898978708171,1.0266899988790144,1.0266697126162994,-0.006454068062511464
B,6.280042142943879,1.0259019001553986,1.0258968324701938,-0.0032245728523888914
B,6.283185307179586,1.0251179205588408,1.0251179205588408,-2.51081476032195e-16
C,0.0,0.7086270720759338,0.7086270720759338,0.0
C,0.003143164235707647,0.7070150027132573,0.7070115102453438,0.002222260611502437
C,0.006286328471415294,0.7054111354106906,0.70539719726419,0.004434416897958079
C,0.009429492707122941,0.7038154241967451,0.7037841344372854,0.006636524060479479
C,0.012572656942830588,0.7022278234256447,0.7021723229829062,0.008828636922406766
C,0.015715821178538234,0.7006482877748275,0.7005617640340046,0.011010809932106987
C,0.018858985414245882,0.6990767722424728,0.6989524586394075,0.013183097165751738
C,0.022002149649953527,0.697513232145045,0.6973444077649955,0.015345552330073252
C,0.025145313885661175,0.6959576231148602,0.6957376122948723,0.017498228765099093
C,0.028288478121368824,0.6944099010976686,0.6941320730325101,0.019641179446865522
C,0.03143164235707647,0.6928700223502618,0.6925277907018882,0.021774456990109832
C,0.03457480659278411,0.6913379434380951,0.69092476594861,0.023898113650941667
C,0.037717970828491765,0.6898136212329321,0.6893229993410092,0.026012201329493518
C,0.04086113506419941,0.688297012910507,0.6877224913712389,0.02811677157255054
C,0.044004299299907054,0.6867880759482072,0.6861232424563469,0.03021187557615988
C,0.047147463535614706,0.6852867681227736,0.6845252529393374,0.03229756418821955
C,0.05029062777132235,0.6837930475080204,0.6829285230902167,0.0343738879110471
C,0.053433792007029995,0.682306872472574,0.6813330531070269,0.03644089690392816
C,0.05657695624273765,0.6808282016776299,0.6797388431168649,0.0384986409856451
C,0.05972012047844529,0.6793569940747275,0.6781458931768878,0.04054716963698576
C,0.06286328471415294,0.6778932089035438,0.6765542032753039,0.042586532003232536
C,0.06600644894986059,0.6764368056897055,0.6749637733323535,0.04461677689663211
C,0.06914961318556823,0.6749877442426188,0.6733746032012727,0.04663795279884546
C,0.07229277742127588,0.6735459846533153,0.6717866926692473,0.04865010786337891
C,0.07543594165698353,0.672111487292319,0.6702000414583518,0.050653289917995954
C,0.07857910589269117,0.670684212807528,0.6686146492264786,0.05264754646711008
C,0.08172227012839882,0.6692641221221145,0.6670305155682511,0.05463292469415884
C,0.08486543436410647,0.6678511764324425,0.6654476400159284,0.056609471463959164
C,0.08800859859981411,0.6664453372060015,0.6638660220402942,0.05857723332504406
C,0.09115176283552176,0.6650465661793588,0.6622856610515373,0.06053625651198115
C,0.09429492707122941,0.6636548253561269,0.6607065564001179,0.062486586947672555
C,0.09743809130693705,0.6622700770049491,0.6591287073776232,0.06442827024563691
C,0.1005812555426447,0.6608922836575007,0.6575521132176113,0.06636135171227327
C,0.10372441977835235,0.6595214081065068,0.6559767730964443,0.06828587634910702
C,0.10686758401405999,0.6581574134037772,0.6544026861341097,0.07020188885501837
C,0.11001074824976764,0.6568002628582561,0.6528298513950308,0.07210943362845278
C,0.1131539124854753,0.6554499200340894,0.651258267888867,0.07400855476961432
C,0.11629707672118293,0.6541063487487067,0.6496879345713018,0.07589929608264137
C,0.11944024095689058,0.652769513070919,0.6481188503448221,0.07778170107776528
C,0.12258340519259824,0.6514393773190347,0.6465510140594863,0.07965581297345196
C,0.12572656942830587,0.6501159060589862,0.6449844245136809,0.08152167469852625
C,0.12886973366401352,0.648799064102477,0.6434190804548693,0.08337932889427985
C,0.13201289789972118,0.6474888165051409,0.6418549805803282,0.08522881791656213
C,0.13515606213542883,0.6461851285647174,0.6402921235378759,0.08707018383785478
C,0.13829922637113645,0.6448879658192426,0.6387305079265899,0.08890346844932959
C,0.1414423906068441,0.6435972940452536,0.6371701322975151,0.09072871326289028
C,0.14458555484255176,0.6423130792560094,0.6356109951543618,0.09254595951319783
C,0.1477287190782594,0.6410352876997255,0.6340530949541963,0.09435524815967994
C,0.15087188331396706,0.6397638858578231,0.6324964301081196,0.09615661988852442
C,0.1540150475496747,0.6384988404431925,0.6309409989819388,0.09795011511465675
C,0.15715821178538233,0.6372401183984724,0.629386799896829,0.09973577398370209
C,0.16030137602109,0.6359876868943407,0.6278338311299856,0.10151363637393145
C,0.16344454025679764,0.6347415133278221,0.6262820909152691,0.10328374189819256
C,0.1665877044925053,0.6335015653206079,0.6247315774438402,0.10504612990582533
C,0.16973086872821294,0.63226781071739,0.6231822888647864,0.1068008394845622
C,0.1728740329639206,0.6310402175842098,0.621634223285741,0.10854790946241315
C,0.17601719719962822,0.6298187542068185,0.6200873787734925,0.11028737840953591
C,0.17916036143533587,0.6286033890890534,0.6185417533545865,0.11201928464009125
C,0.18230352567104352,0.6273940909512257,0.6169973450159199,0.11374366621408347
C,0.18544668990675117,0.6261908287285223,0.6154541517053257,0.11546056093918623
C,0.18858985414245882,0.6249935715694215,0.6139121713321517,0.11717000637255398
C,0.19173301837816648,0.6238022888341204,0.61237140176783,0.1188720398226188
C,0.1948761826138741,0.6226169500929759,0.6108318408464386,0.12056669835087296
C,0.19801934684958175,0.6214375251249591,0.6092934863652567,0.12225401877363748
C,0.2011625110852894,0.6202639839161216,0.6077563360853118,0.12393403766381635
C,0.20430567532099705,0.6190962966580749,0.606220387731919,0.12560679135263697
C,0.2074488395567047,0.6179344337464823,0.6046856389952134,0.1272723159313767
C,0.21059200379241233,0.6167783657795631,0.6031520875306755,0.12893064725307538
C,0.21373516802811998,0.6156280635566094,0.6016197309596487,0.13058182093423482
C,0.21687833226382763,0.6144834980765146,0.6000885668698508,0.13222587235650402
C,0.22002149649953529,0.6133446405363147,0.5985585928158773,0.13386283666835153
C,0.22316466073524294,0.6122114623297411,0.5970298063196994,0.1354927487867242
C,0.2263078249709506,0.611083935045786,0.5955022048711531,0.13711564339869292
C,0.2294509892066582,0.6099620304672784,0.5939757859284245,0.13873155496308487
C,0.23259415344236586,0.6088457205694736,0.5924505469185258,0.14034051771210335
C,0.23573731767807352,0.6077349775186525,0.5909264852377659,0.14194256565293398
C,0.23888048191378117,0.6066297736707335,0.5894035982522149,0.14353773256933886
C,0.24202364614948882,0.6055300815698956,0.5878818832981614,0.14512605202323736
C,0.24516681038519647,0.6044358739472139,0.5863613376825654,0.14670755735627491
C,0.2483099746209041,0.6033471237193031,0.5848419586835016,0.1482822816913786
C,0.25145313885661175,0.6022638039869767,0.5833237435506006,0.14985025793430118
C,0.2545963030923194,0.6011858880339133,0.5818066895054805,0.15141151877515205
C,0.25773946732802705,0.6001133493253367,0.5802907937421761,0.15296609668991648
C,0.2608826315637347,0.5990461615067046,0.578776053427558,0.15451402394196262
C,0.26402579579944235,0.5979842984024103,0.5772624657017505,0.15605533258353635
C,0.26716896003515,0.5969277340144927,0.5757500276785401,0.15759005445724442
C,0.27031212427085766,0.5958764425213594,0.5742387364457803,0.1591182211975257
C,0.2734552885065653,0.5948303982765183,0.5727285890657898,0.16063986423211066
C,0.2765984527422729,0.5937895758073212,0.5712195825757475,0.16215501478346944
C,0.27974161697798056,0.5927539498137157,0.5697117139880773,0.16366370387024787
C,0.2828847812136882,0.5917234951670101,0.5682049802908331,0.1651659623086927
C,0.28602794544939586,0.5906981869086462,0.5666993784480752,0.16666182071406496
C,0.2891711096851035,0.589678000248983,0.5651949054002414,0.16815130950204238
C,0.29231427392081116,0.5886629105660909,0.5636915580645153,0.16963445889011053
C,0.2954574381565188,0.5876528934045544,0.5621893333351863,0.17111129889894272
C,0.29860060239222647,0.5866479244742866,0.5606882280840075,0.17258185935376927
C,0.3017437666279341,0.5856479796493519,0.5591882391605473,0.1740461698857355
C,0.30488693086364177,0.5846530349667987,0.5576893633925352,0.17550425993324925
C,0.3080300950993494,0.5836630666255022,0.5561915975862052,0.1769561587433173
C,0.311173259335057,0.582678050985016,0.5546949385266319,0.17840189537287135
C,0.31431642357076467,0.5816979645644341,0.5531993829780636,0.17984149869008373
C,0.3174595878064723,0.5807227840412612,0.55170492768425,0.181274997375672
C,0.32060275204218,0.5797524862502925,0.5502115693687649,0.18270241992419356
C,0.3237459162778876,0.5787870481825038,0.5487193047353266,0.1841237946453302
C,0.3268890805135953,0.5778264469839487,0.54722813046811,0.18553914966516172
C,0.3300322447493029,0.576870659954667,0.545738043232058,0.18694851292743006
C,0.3331754089850106,0.5759196645476004,0.5442490396731863,0.18835191219479316
C,0.33631857322071823,0.5749734383675178,0.5427611164188847,0.18974937505006864
C,0.3394617374564259,0.5740319591699499,0.5412742700782146,0.19114092889746806
C,0.34260490169213353,0.5730952048601311,0.5397884972422008,0.19252660096382077
C,0.3457480659278412,0.5721631534919518,0.5383037944841205,0.19390641829978836
C,0.3488912301635488,0.5712357832669176,0.5368201583597881,0.19528040778106964
C,0.35203439439925643,0.5703130725331188,0.5353375854078355,0.19664859610959562
C,0.3551775586349641,0.5693949997842069,0.5338560721499885,0.19801100981471534
C,0.35832072287067174,0.5684815436583799,0.5323756150913392,0.19936767525437177
C,0.3614638871063794,0.5675726829373764,0.5308962107206155,0.20071861861626916
C,0.36460705134208704,0.5666683965454772,0.5294178555104448,0.20206386591903042
C,0.3677502155777947,0.5657686635485156,0.5279405459176159,0.2034034430133454
C,0.37089337981350234,0.5648734631528959,0.5264642783833356,0.20473737558311053
C,0.37403654404921,0.5639827747046191,0.5249890493334837,0.20606568914655882
C,0.37717970828491765,0.5630965776883174,0.5235148551788609,0.2073884090573811
C,0.3803228725206253,0.5622148517262969,0.5220416923154374,0.20870556050583858
C,0.38346603675633295,0.5613375765775868,0.5205695571245943,0.21001716851986618
C,0.38660920099204055,0.560464732136997,0.5190984459733631,0.21132325796616727
C,0.3897523652277482,0.5595962984341846,0.517628355214662,0.2126238535512999
C,0.39289552946345585,0.558732255632726,0.5161592811875284,0.2139189798227541
C,0.3960386936991635,0.5578725840291984,0.5146912202173476,0.21520866117002085
C,0.39918185793487115,0.5570172640522671,0.5132241686160786,0.21649292182565238
C,0.4023250221705788,0.5561662762617822,0.511758122682477,0.21777178586631427
C,0.40546818640628646,0.5553196013478799,0.5102930787023132,0.21904527721382877
C,0.4086113506419941,0.5544772201300953,0.5088290329485897,0.2203134196362107
C,0.41175451487770176,0.5536391135564781,0.5073659816817535,0.2215762367486942
C,0.4148976791134094,0.552805262702718,0.5059039211499049,0.22283375201475164
C,0.41804084334911706,0.5519756487712768,0.5044428475890053,0.2240859887471047
C,0.42118400758482466,0.5511502530905277,0.5029827572230802,0.22533297010872744
C,0.4243271718205323,0.5503290571139008,0.5015236462644201,0.22657471911384086
C,0.42747033605623996,0.5495120424190365,0.5000655109137776,0.22781125862890006
C,0.4306135002919476,0.5486991907069456,0.49860834736056237,0.22904261137357357
C,0.43375666452765527,0.5478904838011759,0.49715215178303307,0.23026879992171462
C,0.4368998287633629,0.5470859036469857,0.4956969203484857,0.23148984670232509
C,0.44004299299907057,0.5462854323105248,0.4942426492134404,0.23270577400051146
C,0.4431861572347782,0.5454890519780208,0.49278933452382395,0.23391660395843336
C,0.4463293214704859,0.5446967449549731,0.49133697241515095,0.23512235857624472
C,0.4494724857061935,0.5439084936653534,0.4898855590127013,0.23632305971302708
C,0.4526156499419012,0.5431242806508122,0.48843509043169525,0.2375187290877161
C,0.45575881417760883,0.5423440885698918,0.486985562777466,0.23870938828001997
C,0.4589019784133164,0.5415679001972464,0.4855369721456296,0.23989505873133113
C,0.4620451426490241,0.5407956984228681,0.4840893146222519,0.2410757617456308
C,0.46518830688473173,0.5400274662513188,0.4826425862840136,0.24225151849038584
C,0.4683314711204394,0.5392631868009694,0.48119678319837256,0.24342234999743897
C,0.47147463535614703,0.5385028433032438,0.47975190142372265,0.2445882771638916
C,0.4746177995918547,0.5377464191018706,0.47830793700955204,0.24574932075298003
C,0.47776096382756233,0.5369938976521395,0.47686488599659704,0.2469055013949445
C,0.48090412806327,0.5362452625201649,0.47542274441699545,0.24805683958789126
C,0.48404729229897764,0.5355004973821547,0.4739815082944356,0.24920335569864807
C,0.4871904565346853,0.534759586023685,0.47254117364430465,0.2503450699636126
C,0.49033362077039294,0.534022512338982,0.471101736473834,0.2514820024895946
C,0.4934767850061006,0.5332892603302077,0.4696631927822419,0.25261417325465085
C,0.4966199492418082,0.5325598141067536,0.4682255385608751,0.253741602108914
C,0.49976311347751584,0.5318341578845377,0.4667887697933463,0.2548643087754143
C,0.5029062777132235,0.5311122759853097,0.46535288245567163,0.25598231285089545
C,0.5060494419489312,0.5303941528359605,0.4639178725164043,0.25709563380662354
C,0.5091926061846388,0.529679772967837,0.46248373593676706,0.25820429098918957
C,0.5123357704203464,0.5289691210160635,0.4610504686707816,0.25930830362130614
C,0.5154789346560541,0.5282621817188684,0.4596180666653974,0.2604076908025973
C,0.5186220988917617,0.5275589399169154,0.4581865258606165,0.26150247151038203
C,0.5217652631274694,0.5268593805526413,0.4567558421896179,0.2625926646004525
C,0.524908427363177,0.5261634886695986,0.45532601157887925,0.26367828880784466
C,0.5280515915988847,0.5254712494118041,0.45389702994829667,0.2647593627476043
C,0.5311947558345923,0.5247826480230914,0.4524688932113022,0.26583590491554565
C,0.5343379200703,0.5240976698464701,0.45104159727497994,0.26690793368900523
C,0.5374810843060076,0.5234163003234901,0.4496151380401803,0.2679754673275887
C,0.5406242485417153,0.5227385249936096,0.4481895114016315,0.2690385239739125
C,0.5437674127774229,0.5220643294935703,0.44676471324805,0.270097121654339
C,0.5469105770131306,0.5213936995567762,0.44534073946224895,0.27115127827970686
C,0.5500537412488382,0.5207266210126777,0.4439175859212447,0.27220101164605415
C,0.5531969054845458,0.5200630797861617,0.442495248496361,0.2732463394353368
C,0.5563400697202535,0.5194030618969454,0.44107372305333303,0.2742872792161419
C,0.5594832339559611,0.5187465534589752,0.4396530054524072,0.27532384844439295
C,0.5626263981916688,0.518093540679832,0.438233091548442,0.27635606446405264
C,0.5657695624273764,0.5174440098601387,0.43681397719100434,0.2773839445078176
C,0.5689127266630841,0.5167979473929752,0.4353956582244668,0.2784075056978093
C,0.5720558908987917,0.5161553397632963,0.43397813048810097,0.279426765046258
C,0.5751990551344994,0.5155161735473552,0.4325613898161709,0.28044173945618284
C,0.578342219370207,0.5148804354121317,0.43114543203802386,0.2814524457220652
C,0.5814853836059147,0.5142481121147645,0.4297302529781799,0.2824589005305178
C,0.5846285478416223,0.5136191905019887,0.42831584845641935,0.2834611204609474
C,0.5877717120773299,0.5129936575095777,0.42690221428786984,0.28445912198621365
C,0.5909148763130376,0.512371500161789,0.4254893462830898,0.28545292147328083
C,0.5940580405487452,0.5117527055708164,0.42407724024815335,0.28644253518386675
C,0.5972012047844529,0.511137260936244,0.4226658919847303,0.2874279792750843
C,0.6003443690201605,0.510525153544507,0.42125529729016764,0.28840926980007925
C,0.6034875332558682,0.5099163707683553,0.4198454519575672,0.2893864227086629
C,0.6066306974915758,0.5093109000663226,0.4184363517758637,0.2903594538479388
C,0.6097738617272835,0.508708728982199,0.41702799252989986,0.29132837896292585
C,0.6129170259629911,0.5081098451445084,0.4156203700005015,0.29229321369717526
C,0.6160601901986988,0.5075142362659899,0.4142134799645496,0.29325397359338323
C,0.6192033544344064,0.5069218901430838,0.41280731819505273,0.2942106740939988
C,0.622346518670114,0.5063327946554209,0.4114018804612165,0.2951633305418266
C,0.6254896829058217,0.5057469377653173,0.4099971625285127,0.29611195818062475
C,0.6286328471415293,0.5051643075172724,0.4085931601587471,0.29705657215569864
C,0.631776011377237,0.5045848920374708,0.4071898691101248,0.29799718751448906
C,0.6349191756129446,0.5040086795332895,0.40578728513731577,0.29893381920715656
C,0.6380623398486523,0.5034356582928076,0.4043854039915179,0.29986648208716055
C,0.64120550408436,0.5028658166843208,0.4029842214205197,0.3007951909118338
C,0.6443486683200677,0.5022991431558604,0.4015837331687607,0.301719960342953
C,0.6474918325557752,0.5017356262347152,0.40018393497739213,0.3026408049473043
C,0.650634996791483,0.5011752545269575,0.39878482258433406,0.3035577391972438
C,0.6537781610271906,0.5006180167169739,0.39738639172433404,0.30447077747125506
C,0.6569213252628983,0.5000639015669985,0.3959886381290222,0.3053799340545006
C,0.6600644894986059,0.4995128979166514,0.3945915575269665,0.30628522313936996
C,0.6632076537343135,0.4989649946824799,0.39319514564372676,0.3071866588260234
C,0.6663508179700212,0.49842018085750367,0.39179939820190623,0.30808425512293025
C,0.6694939822057288,0.4978784455107647,0.3904043109212044,0.30897802594740464
C,0.6726371464414365,0.4973397777868789,0.38900987951846566,0.30986798512613545
C,0.6757803106771441,0.4968041669055932,0.38761609970772964,0.31075414639571247
C,0.6789234749128518,0.4962716021613459,0.3862229672002788,0.3116365234031492
C,0.6820666391485594,0.49574207292282974,0.38483047770468526,0.31251512970639994
C,0.6852098033842671,0.4952155686325593,0.3834386269268564,0.3133899787748742
C,0.6883529676199747,0.4946920788064427,0.38204741057008057,0.31426108398994623
C,0.6914961318556824,0.4941715930333548,0.3806568243350696,0.3151284586454603
C,0.69463929609139,0.49365410097471574,0.37926686392000225,0.3159921159482326
C,0.6977824603270976,0.4931395923640724,0.37787752502056565,0.31685206901854884
C,0.7009256245628053,0.492628057006683,0.37648880332999574,0.3177083308906575
C,0.7040687887985129,0.4921194847791054,0.375100694539117,0.3185609145132594
C,0.7072119530342206,0.49161386562878856,0.3737131943363808,0.31940983274999385
C,0.7103551172699282,0.49111118957366834,0.37232629840790377,0.32025509837991994
C,0.7134982815056359,0.4906114467017646,0.3709400024375031,0.32109672409799456
C,0.7166414457413435,0.4901146271707844,0.3695543021067338,0.3219347225155465
C,0.7197846099770512,0.4896207212077256,0.3681691930949218,0.3227691061607469
C,0.7229277742127588,0.4891297191084861,0.3667846710791992,0.32359988747907525
C,0.7260709384484665,0.488641611237475,0.365400731734536,0.32442707883378247
C,0.7292141026841741,0.48815638802722733,0.36401737073377255,0.3252506925063498
C,0.7323572669198817,0.487674039978022,0.36263458374765045,0.326070740696944
C,0.7355004311555894,0.4871945576575031,0.3612523664448426,0.32688723552486915
C,0.738643595391297,0.4867179317003039,0.35987071449198266,0.32770018902901416
C,0.7417867596270047,0.4862441528076746,0.35848962355369307,0.32850961316829774
C,0.7449299238627123,0.4857732117471124,0.3571090892926127,0.3293155198221087
C,0.74807308809842,0.48530509935199556,0.35572910736942337,0.33011792079074337
C,0.7512162523341276,0.4848398065212196,0.354349673442876,0.3309168277958388
C,0.7543594165698353,0.4843773242188373,0.3529707831698146,0.33171225248080355
C,0.7575025808055429,0.48391764347370136,0.35159243220520164,0.3325042064112438
C,0.7606457450412506,0.48346075537910993,0.3502146162021404,0.3332927010753867
C,0.7637889092769582,0.4830066510924553,0.3488373308118975,0.33407774788450006
C,0.7669320735126659,0.4825553218348757,0.34746057168392513,0.3348593581733089
C,0.7700752377483735,0.48210675889090965,0.34608433446588144,0.3356375432004078
C,0.7732184019840811,0.48166095360815336,0.34470861480365056,0.336412314148671
C,0.7763615662197888,0.48121789739692133,0.34333340834136244,0.33718368212565863
C,0.7795047304554964,0.48077758172990903,0.3419587107214107,0.33795165816401895
C,0.7826478946912041,0.4803399981418594,0.34058451758447095,0.3387162532218888
C,0.7857910589269117,0.47990513822923153,0.3392108245695178,0.33947747818328927
C,0.7889342231626194,0.4794729936498721,0.33783762731384065,0.3402353438585193
C,0.792077387398327,0.4790435561226902,0.3364649214530599,0.34098986098454487
C,0.7952205516340347,0.478616817427334,0.33509270262114127,0.34174104022538665
C,0.7983637158697423,0.47819276940387123,0.3337209664504104,0.34248889217250245
C,0.80150688010545,0.47777140395247114,0.3323497085715656,0.3432334273451681
C,0.8046500443411576,0.47735271303309074,0.3309789246136915,0.3439746561908546
C,0.8077932085768652,0.47693668866516187,0.32960861020427007,0.34471258908560204
C,0.8109363728125729,0.47652332292728244,0.32823876096919247,0.34544723633439084
C,0.8140795370482805,0.47611260795690974,0.3268693725327699,0.34617860817150925
C,0.8172227012839882,0.4757045359500559,0.32550044051774296,0.3469067147609186
C,0.8203658655196958,0.4752990991609872,0.3241319605452916,0.347631566196615
C,0.8235090297554035,0.47489628990192473,0.32276392823504335,0.34835317250298825
C,0.8266521939911111,0.4744961005427478,0.3213963392050815,0.3490715436351775
C,0.8297953582268188,0.4740985235107011,0.32002918907195255,0.3497866894794244
C,0.8329385224625264,0.4737035512901025,0.31866247345067267,0.3504986198534227
C,0.8360816866982341,0.47331117642205495,0.3172961879547339,0.35120734450666574
C,0.8392248509339417,0.47292139150416024,0.3159303281961101,0.35191287312079017
C,0.8423680151696493,0.47253418919023493,0.314564889785261,0.35261521530991735
C,0.845511179405357,0.4721495621900294,0.3131998683311368,0.3533143806209918
C,0.8486543436410646,0.4717675032689491,0.3118352594411823,0.35401037853411654
C,0.8517975078767723,0.4713880052477778,0.3104710587213391,0.35470321846288594
C,0.8549406721124799,0.47101106100240386,0.30910726177604897,0.3553929097547155
C,0.8580838363481876,0.47063666346354865,0.3077438642082547,0.3560794616911692
C,0.8612270005838952,0.4702648056164973,0.3063808616194025,0.3567628834882835
C,0.8643701648196029,0.46989548050083174,0.30501824960944157,0.3574431842968892
C,0.8675133290553105,0.4695286812101666,0.3036560237768257,0.35812037320293033
C,0.8706564932910182,0.4691644008918864,0.30229417971851125,0.35879445922777997
C,0.8737996575267258,0.46880263274688644,0.3009327130299577,0.3594654513285543
C,0.8769428217624335,0.46844337002931447,0.2995716193051248,0.3601333583984225
C,0.8800859859981411,0.46808660604631613,0.2982108941364718,0.36079818926691576
C,0.8832291502338487,0.4677323341577815,0.29685053311495385,0.3614599527002324
C,0.8863723144695564,0.4673805477760944,0.2954905318300194,0.3621186574015406
C,0.889515478705264,0.4670312403658841,0.2941308858696066,0.36277431201127885
C,0.8926586429409717,0.466684405443779,0.29277159082013887,0.36342692510745356
C,0.8958018071766793,0.4663400365781621,0.29141264226652047,0.36407650520593404
C,0.898944971412387,0.4659981273889295,0.2900540357921309,0.3647230607607451
C,0.9020881356480946,0.46565867154725094,0.28869576697882,0.36536660016435735
C,0.9052312998838024,0.46532166277533155,0.28733783140690083,0.366007131747974
C,0.90837446411951,0.4649870948461771,0.28598022465514367,0.36664466378181654
C,0.9115176283552177,0.4646549615833603,0.2846229423007683,0.36727920447540663
C,0.9146607925909253,0.46432525686079,0.283265979919437,0.3679107619778466
C,0.9178039568266328,0.4639979746024819,0.2819093330852458,0.3685393443780967
C,0.9209471210623406,0.4636731087823316,0.28055299737071604,0.3691649597052501
C,0.9240902852980482,0.46335065342389,0.2791969683467853,0.36978761592880577
C,0.9272334495337559,0.4630306026001404,0.277841241582798,0.3704073209589389
C,0.9303766137694635,0.4627129504332775,0.2764858126464951,0.3710240826467683
C,0.9335197780051712,0.46239769109448914,0.2751306771040036,0.37163790878462216
C,0.9366629422408788,0.46208481880373936,0.2737758305198259,0.37224880710630115
C,0.9398061064765865,0.46177432782955374,0.2724212684568281,0.3728567852873392
C,0.9429492707122941,0.46146621248880704,0.27106698647622857,0.37346185094526185
C,0.9460924349480018,0.46116046714651215,0.2697129801375848,0.3740640116398423
C,0.9492355991837094,0.4608570862156117,0.268359244998782,0.37466327487335543
C,0.952378763419417,0.46055606415677114,0.26700577661601843,0.3752596480908289
C,0.9555219276551247,0.4602573954781742,0.26565257054379326,0.37585313868029274
C,0.9586650918908323,0.45996107473531994,0.2642996223348915,0.37644375397302615
C,0.96180825612654,0.45966709653082183,0.26294692754037013,0.3770315012438022
C,0.9649514203622476,0.459375455514209,0.261594481709543,0.37761638771113015
C,0.9680945845979553,0.45908614638172884,0.2602422803899658,0.37819842053749586
C,0.9712377488336629,0.4587991638761522,0.2588903191274201,0.3787776068295999
C,0.9743809130693706,0.4585145027865796,0.25753859346589736,0.37935395363859276
C,0.9775240773050782,0.45823215794825056,0.2561870989475826,0.3799274679603094
C,0.9806672415407859,0.4579521242423533,0.2548358311128375,0.3804981567355001
C,0.9838104057764935,0.4576743965958374,0.2534847855001827,0.3810660268500594
C,0.9869535700122012,0.45739896998122803,0.2521339576462809,0.3816310851352544
C,0.9900967342479088,0.4571258394164416,0.2507833430859178,0.3821933383679485
C,0.9932398984836164,0.45685499996460377,0.2494329373519847,0.3827527932708251
C,0.9963830627193241,0.4565864467338691,0.24808273597545885,0.3833094565126082
C,0.9995262269550317,0.4563201748772421,0.2467327344853846,0.3838633347082806
C,1.0026693911907394,0.4560561795924007,0.24538292840885378,0.3844144344193014
C,1.005812555426447,0.45579445612152103,0.2440333132709857,0.3849627621538194
C,1.0089557196621546,0.4555349997511044,0.24268388459490683,0.38550832436688653
C,1.0120988838978624,0.4552778058118052,0.24133463790172993,0.3860511274606677
C,1.01524204813357,0.45502286967826183,0.23998556871053353,0.3865911777846492
C,1.0183852123692776,0.4547701867689279,0.2386366725383396,0.38712848163584507
C,1.0215283766049852,0.4545197525459066,0.23728794490009267,0.3876630452590017
C,1.0246715408406928,0.45427156251478534,0.23593938130863687,0.3881948748467993
C,1.0278147050764006,0.45402561222447363,0.23459097727469425,0.3887239765400534
C,1.0309578693121082,0.4537818972670412,0.2332427283068413,0.38925035642791206
C,1.0341010335478158,0.453540413277559,0.2318946299114861,0.3897740205480528
C,1.0372441977835234,0.4533011559339407,0.23054667759284453,0.39029497488687687
C,1.0403873620192312,0.4530641209567872,0.22919886685291646,0.39081322537970153
C,1.0435305262549388,0.4528293041092318,0.22785119319146185,0.39132877791095083
C,1.0466736904906464,0.45259670119678713,0.2265036521059757,0.3918416383143437
C,1.049816854726354,0.4523663080671942,0.22515623909166327,0.3923518123730811
C,1.0529600189620618,0.4521381206102728,0.22380894964141515,0.3928593058200303
C,1.0561031831977694,0.4519121347577735,0.22246177924578156,0.39336412433790807
C,1.059246347433477,0.4516883464832311,0.22111472339294624,0.3938662735594612
C,1.0623895116691846,0.45146675180182,0.2197677775687004,0.3943657590676457
C,1.0655326759048922,0.4512473467702112,0.21842093725641623,0.39486258639580424
C,1.0686758401406,0.4510301274864307,0.21707419793701999,0.395356761027841
C,1.0718190043763076,0.45081509008971926,0.21572755508896502,0.3958482883983954
C,1.0749621686120152,0.4506022307603944,0.21438100418820388,0.39633717389301376
C,1.0781053328477228,0.4503915457197132,0.21303454070816077,0.3968234228483186
C,1.0812484970834306,0.45018303122973735,0.21168816011970343,0.3973070405521773
C,1.0843916613191382,0.4499766835931991,0.21034185789111476,0.3977880322438674
C,1.0875348255548458,0.4497724991533694,0.20899562948806383,0.39826640311424166
C,1.0906779897905534,0.44957047429392727,0.2076494703735772,0.39874215830589016
C,1.0938211540262612,0.4493706054388303,0.2063033760080091,0.39921530291330126
C,1.0969643182619688,0.4491728890521875,0.20495734184901251,0.39968584198302015
C,1.1001074824976764,0.4489773216381329,0.20361136335150842,0.4001537805138063
C,1.103250646733384,0.44878389974070126,0.20226543596765598,0.4006191234567889
C,1.1063938109690916,0.448592619943705,0.20091955514682208,0.4010818757156205
C,1.1095369752047994,0.44840347887061216,0.19957371633555004,0.4015420421466287
C,1.112680139440507,0.44821647318442703,0.19822791497752928,0.4019996275589663
C,1.1158233036762146,0.44803159958757094,0.19688214651356298,0.40245463671475995
C,1.1189664679119222,0.44784885482176573,0.19553640638153702,0.40290707432925693
C,1.12210963214763,0.4476682356679172,0.19419069001638747,0.4033569450709696
C,1.1252527963833376,0.447489738946002,0.19284499285006917,0.40380425356181904
C,1.1283959606190452,0.447313361514954,0.19149931031152204,0.40424900437727646
C,1.1315391248547528,0.44713910027255327,0.190153637826639,0.40469120204650344
C,1.1346822890904604,0.44696695215531657,0.18880797081823256,0.4051308510524896
C,1.1378254533261682,0.44679691413838823,0.1874623047060014,0.4055679558321892
C,1.1409686175618758,0.44662898323543376,0.18611663490649694,0.40600252077665616
C,1.1441117817975834,0.446463156498534,0.18477095683308897,0.40643455023117714
C,1.147254946033291,0.44629943101808095,0.1834252658959317,0.40686404849540286
C,1.1503981102689989,0.44613780392267516,0.18207955750192892,0.4072910198234785
C,1.1535412745047064,0.4459782723790241,0.18073382705469976,0.4077154684241706
C,1.156684438740414,0.4458208335918426,0.17938806995454304,0.4081373984609955
C,1.1598276029761216,0.44566548480375395,0.17804228159840227,0.4085568140523424
C,1.1629707672118295,0.44551222329519297,0.17669645737982975,0.40897371927159804
C,1.166113931447537,0.44536104638431,0.1753505926889513,0.40938811814726744
C,1.1692570956832447,0.44521195142687686,0.17400468291242938,0.40980001466309474
C,1.1724002599189522,0.44506493581619333,0.1726587234334271,0.4102094127581809
C,1.1755434241546598,0.4449199969829958,0.1713127096315715,0.410616316327101
C,1.1786865883903677,0.44477713239536687,0.16996663688291644,0.4110207292200195
C,1.1818297526260753,0.4446363395586466,0.16862050055990593,0.41142265524280364
C,1.1849729168617829,0.4444976160153444,0.16727429603133584,0.4118220981571357
C,1.1881160810974905,0.44436095934505326,0.16592801866231688,0.4122190616806238
C,1.1912592453331983,0.4442263671643647,0.1645816638142362,0.41261354948691
C,1.1944024095689059,0.4440938371267852,0.1632352268447197,0.41300556520577847
C,1.1975455738046135,0.44396336692265365,0.16188870310759268,0.4133951124232609
C,1.200688738040321,0.44383495427906094,0.16054208795284186,0.4137821946817409
C,1.2038319022760289,0.44370859695977005,0.159195376726576,0.41416681548005657
C,1.2069750665117365,0.4435842927651379,0.15784856477098688,0.4145489782736017
C,1.210118230747444,0.44346203953203805,0.1565016474243094,0.41492868647442543
C,1.2132613949831517,0.4433418351337858,0.15515462002078229,0.41530594345133026
C,1.2164045592188593,0.44322367748006297,0.15380747789060775,0.4156807525299687
C,1.219547723454567,0.44310756451684524,0.1524602163599111,0.4160531169929379
C,1.2226908876902747,0.44299349422633066,0.15111283075070092,0.4164230400798737
C,1.2258340519259823,0.4428814646268689,0.1497653163808275,0.4167905249875423
C,1.2289772161616899,0.4427714737728918,0.14841766856394212,0.41715557486993077
C,1.2321203803973977,0.44266351975484614,0.1470698826094558,0.417518192838336
C,1.2352635446331053,0.44255760069912664,0.14572195382249814,0.4178783819614522
C,1.2384067088688129,0.44245371476801054,0.1443738775038748,0.4182361452654567
C,1.2415498731045205,0.4423518601595938,0.14302564895002604,0.41859148573409466
C,1.244693037340228,0.4422520351077285,0.14167726345298448,0.41894440630876206
C,1.2478362015759359,0.44215423788196057,0.14032871630033222,0.419294909888587
C,1.2509793658116435,0.44205846678747035,0.1389800027751587,0.41964299933050936
C,1.254122530047351,0.4419647201650132,0.13763111815601706,0.4199886774493604
C,1.2572656942830587,0.441872996390862,0.13628205771688137,0.4203319470179389
C,1.2604088585187665,0.4417832938767504,0.13493281672710286,0.4206728107670869
C,1.263552022754474,0.44169561106981775,0.13358339045136675,0.421011271385764
C,1.2666951869901817,0.441609946452555,0.13223377414964743,0.42134733152111997
C,1.2698383512258893,0.44152629854275227,0.13088396307716507,0.4216809937785659
C,1.272981515461597,0.4414446658934471,0.12953395248434066,0.4220122607218441
C,1.2761246796973047,0.44136504709287416,0.12818373761675184,0.4223411348730961
C,1.2792678439330123,0.4412874407644165,0.1268333137150874,0.4226676187129298
C,1.28241100816872,0.4412118455665574,0.12548267601510252,0.42299171468048463
C,1.2855541724044275,0.4411382601928342,0.12413181974757327,0.42331342517349557
C,1.2886973366401353,0.4410666833717928,0.12278074013825092,0.423632752548356
C,1.291840500875843,0.4409971138669433,0.12142943240781634,0.4239496991201778
C,1.2949836651115505,0.4409295504767178,0.12007789177183352,0.4242642671628525
C,1.298126829347258,0.440863992034428,0.11872611344070333,0.42457645890910795
C,1.301269993582966,0.4408004374082253,0.117374092619617,0.4248862765505663
C,1.3044131578186735,0.44073888550106133,0.11602182450850959,0.42519372223779867
C,1.307556322054381,0.44067933525065,0.1146693043020123,0.42549879808037916
C,1.3106994862900887,0.44062178562943055,0.11331652718940556,0.4258015061469376
C,1.3138426505257965,0.44056623564453246,0.11196348835457148,0.42610184846521076
C,1.3169858147615041,0.44051268433774055,0.11061018297594628,0.42639982702209145
C,1.3201289789972117,0.44046113078546195,0.10925660622647168,0.4266954437636773
C,1.3232721432329193,0.4404115740986944,0.10790275327354726,0.4269887005953176
C,1.326415307468627,0.44036401342299514,0.10654861927898168,0.4272795993816583
C,1.3295584717043347,0.44031844793845143,0.10519419939894394,0.4275681419466867
C,1.3327016359400423,0.4402748768596526,0.1038394887839149,0.42785433007377344
C,1.33584480017575,0.4402332994356621,0.10248448257863733,0.42813816550571415
C,1.3389879644114575,0.4401937149499924,0.10112917592206709,0.4284196499447694
C,1.3421311286471653,0.44015612272057936,0.09977356394732309,0.4286987850527024
C,1.345274292882873,0.44012052209975955,0.09841764178163792,0.42897557245081697
C,1.3484174571185805,0.44008691247424714,0.09706140454630706,0.42925001371999255
C,1.3515606213542881,0.440055293265113,0.09570484735663895,0.4295221104007185
C,1.3547037855899957,0.4400256639277648,0.0943479653219043,0.42979186399312747
C,1.3578469498257035,0.4399980239519279,0.09299075354528509,0.4300592759570259
C,1.3609901140614111,0.43997237286162805,0.091633207123824,0.4303243477119251
C,1.3641332782971187,0.4399487102151747,0.09027532114837239,0.43058708063706924
C,1.3672764425328263,0.4399270356051457,0.08891709070353924,0.43084747607146273
C,1.3704196067685341,0.43990734865837355,0.08755851086763916,0.43110553531389656
C,1.3735627710042417,0.43988964903593236,0.08619957671264075,0.4313612596229723
C,1.3767059352399493,0.439873936433126,0.08484028330411378,0.43161465021712536
C,1.379849099475657,0.4398602105794775,0.08348062570117704,0.43186570827464676
C,1.3829922637113647,0.4398484712387203,0.08212059895644551,0.4321144349337036
C,1.3861354279470723,0.4398387182087894,0.08076019811597775,0.432360831292358
C,1.38927859218278,0.43983095132181477,0.07939941821922208,0.4326048984085844
C,1.3924217564184875,0.43982517044411534,0.07803825429896359,0.4328466373002861
C,1.3955649206541951,0.43982137547619476,0.07667670138127035,0.43308604894530994
C,1.398708084889903,0.4398195663527375,0.07531475448543941,0.4333231342814598
C,1.4018512491256105,0.43981974304260674,0.07395240862394302,0.4335578942065085
C,1.4049944133613181,0.4398219055488436,0.07258965880237374,0.4337903295782086
C,1.4081375775970257,0.43982605390866686,0.07122650001939008,0.43402044121430194
C,1.4112807418327336,0.43983218819347436,0.06986292726666157,0.43424822989252704
C,1.4144239060684412,0.4398403085088456,0.06849893552881395,0.4344736963506259
C,1.4175670703041487,0.4398504149945451,0.0671345197833733,0.4346968412863491
C,1.4207102345398563,0.43986250782452757,0.0657696750007109,0.43491766535745985
C,1.4238533987755642,0.4398765872069437,0.06440439614398709,0.435136169181736
C,1.4269965630112718,0.43989265338414735,0.06303867816909572,0.4353523533369709
C,1.4301397272469794,0.43991070663270415,0.06167251602460726,0.435566218360974
C,1.433282891482687,0.4399307472634005,0.0603059046517125,0.43577776475156754
C,1.4364260557183945,0.43995277562125495,0.05893883898416588,0.43598699296658483
C,1.4395692199541024,0.43997679208552987,0.057571313948228314,0.43619390342386505
C,1.44271238418981,0.4400027970697441,0.05620332446261018,0.43639849650124707
C,1.4458555484255176,0.44003079102168824,0.05483486543841343,0.43660077253656315
C,1.4489987126612252,0.44006077442343905,0.05346593177907408,0.436800731827629
C,1.452141876896933,0.44009274779137664,0.052096518380304116,0.4369983746322346
C,1.4552850411326406,0.44012671167620254,0.05072662013003362,0.43719370116813255
C,1.4584282053683482,0.440162666662958,0.04935623190835169,0.4373867116130247
C,1.4615713696040558,0.4402006133710448,0.04798534858744813,0.43757740610454876
C,1.4647145338397634,0.4402405524542467,0.046613965031554384,0.43776578474026195
C,1.4678576980754712,0.4402824846007515,0.045242076096884215,0.43795184757762434
C,1.4710008623111788,0.44032641053317545,0.043869676631574664,0.43813559463398044
C,1.4741440265468864,0.4403723310085875,0.04249676147562569,0.4383170258865388
C,1.477287190782594,0.44042024681853653,0.04112332546084073,0.4384961412723519
C,1.4804303550183018,0.44047015878907747,0.03974936341076615,0.43867294068829227
C,1.4835735192540094,0.44052206778080105,0.03837487014063136,0.43884742399102944
C,1.486716683489717,0.4405759746888627,0.03699984045728737,0.439019590997004
C,1.4898598477254246,0.44063188044301405,0.03562426915914633,0.439189441482401
C,1.4930030119611324,0.4406897860076348,0.034248151036120146,0.4393569751831215
C,1.49614617619684,0.44074969238176614,0.032871480869559364,0.43952219179475305
C,1.4992893404325476,0.4408116005991457,0.03149425343219094,0.4396850909725387
C,1.5024325046682552,0.4408755117282428,0.030116463488056678,0.43984567233134453
C,1.5055756689039628,0.4409414268722957,0.028738105792450876,0.44000393544562527
C,1.5087188331396706,0.4410093471693502,0.027359175091857882,0.4401598798493901
C,1.5118619973753782,0.4410792737922982,0.025979666123889664,0.44031350503616445
C,1.5150051616110858,0.4411512079489193,0.024599573617222363,0.44046481045895314
C,1.5181483258467934,0.44122515088192193,0.023218892291533396,0.4406137955302001
C,1.5212914900825012,0.44130110386898685,0.021837616857437833,0.4407604596217475
C,1.5244346543182088,0.4413790682228115,0.020455742016425048,0.4409048020647935
C,1.5275778185539164,0.44145904529115504,0.019073262460794153,0.4410468221498481
C,1.530720982789624,0.4415410364568859,0.017690172873590145,0.4411865191266881
C,1.5338641470253318,0.441625043138029,0.016306467928539223,0.4413238922043101
C,1.5370073112610394,0.4417110667878156,0.014922142289984409,0.4414589405508824
C,1.540150475496747,0.44179910889473334,0.013537190612819964,0.44159166329369565
C,1.5432936397324546,0.44188917098257824,0.01215160754242648,0.4417220595191111
C,1.5464368039681622,0.44198125461050747,0.010765387714605269,0.4418501282725088
C,1.54957996820387,0.4420753613730936,0.00937852575551244,0.44197586855823306
C,1.5527231324395776,0.4421714929003802,0.007991016281593256,0.4420992793395374
C,1.5558662966752852,0.4422696508579383,0.006602853899515206,0.44222035953852723
C,1.5590094609109928,0.4423698369469243,0.005214033206101809,0.44233910803610166
C,1.5621526251467006,0.44247205290413955,0.0038245487882655727,0.4424555236718939
C,1.5652957893824082,0.4425763005020906,0.002434395222941261,0.4425696052442094
C,1.5684389536181158,0.4426825815490507,0.0010435670770179214,0.4426813515099633
C,1.5715821178538234,0.4427908978891234,-0.0003479410927283745,0.4427907611846165
C,1.574725282089531,0.44290125140230613,-0.001740134739702549,0.44289783294210916
C,1.5778684463252388,0.4430136440045561,-0.003133019327558804,0.4430025654147938
C,1.5810116105609464,0.44312807764785744,-0.00452660033026869,0.44310495719336696
C,1.584154774796654,0.4432445543202886,-0.0059208832321904215,0.443205006826798
C,1.5872979390323616,0.4433630760460924,-0.0073158735281374865,0.443302712822258
C,1.5904411032680694,0.4434836448857462,-0.008711576723448107,0.4433980736450466
C,1.593584267503777,0.4436062629360344,-0.010107998334054409,0.4434910877185164
C,1.5967274317394846,0.44373093233012123,-0.011505143886552813,0.44358175342399775
C,1.5998705959751922,0.44385765523762566,-0.01290301891827374,0.44367006910072
C,1.6030137602109,0.4439864338646971,-0.014301628977352184,0.44375603304573247
C,1.6061569244466076,0.44411727045409277,-0.015700979622797952,0.4438396435138239
C,1.6093000886823152,0.444250167285256,-0.017101076424567197,0.44392089871743934
C,1.6124432529180228,0.4443851266743963,-0.018501924963633197,0.4439997968265969
C,1.6155864171537304,0.44452215097457026,-0.019903530832057963,0.4440763359688016
C,1.6187295813894382,0.44466124257576434,-0.02130589963306408,0.4441505142289588
C,1.6218727456251458,0.44480240390497827,-0.02270903698110635,0.44422232964928515
C,1.6250159098608534,0.4449456374263107,-0.024112948501944734,0.4442917802292189
C,1.628159074096561,0.4450909456410452,-0.025517639832716526,0.44435886392532736
C,1.6313022383322688,0.44523833108773847,-0.02692311662200946,0.44442357865121457
C,1.6344454025679764,0.4453877963423094,-0.028329384529934512,0.44448592227742556
C,1.637588566803684,0.4455393440181297,-0.029736449228199895,0.4445458926313503
C,1.6407317310393916,0.4456929767661155,-0.031144316400184464,0.44460348749712525
C,1.6438748952750994,0.44584869727482107,-0.032552991741011915,0.4446587046155339
C,1.647018059510807,0.4460065082705333,-0.03396248095762474,0.44471154168390575
C,1.6501612237465146,0.44616641251736755,-0.0353727897688594,0.4447619963560127
C,1.6533043879822222,0.44632841281736535,-0.036783923905520856,0.44481006624196506
C,1.6564475522179298,0.446492512010593,-0.038195889110457834,0.44485574890810514
C,1.6595907164536376,0.44665871297524185,-0.03960869113863847,0.44489904187689977
C,1.6627338806893452,0.4468270186277299,-0.04102233575722561,0.4449399426268304
C,1.6658770449250528,0.4469974319228048,-0.04243682874565353,0.44497844859228247
C,1.6690202091607604,0.4471699558536482,-0.04385217589570391,0.4450145571634325
C,1.6721633733964683,0.44734459345198174,-0.04526838301158267,0.44504826568613376
C,1.6753065376321759,0.447521347788174,-0.04668545590999655,0.44507957146180005
C,1.6784497018678834,0.4477002219713497,-0.048103400420230986,0.44510847174728846
C,1.681592866103591,0.4478812191494991,-0.04952222238422724,0.4451349637547794
C,1.6847360303392986,0.44806434250959026,-0.05094192765666034,0.44515904465165596
C,1.6878791945750065,0.44824959527768166,-0.05236252210501743,0.4451807115603808
C,1.691022358810714,0.4484369807190368,-0.053784011609675754,0.44519996155837216
C,1.6941655230464217,0.44862650213823985,-0.05520640206398201,0.445216791677877
C,1.6973086872821292,0.4488181628793137,-0.056629699374331134,0.4452311989058438
C,1.700451851517837,0.449011966325838,-0.05805390946024573,0.4452431801837925
C,1.7035950157535447,0.4492079159010701,-0.05947903825445548,0.44525273240768315
C,1.7067381799892523,0.44940601506806654,-0.060905091702977615,0.44525985242778304
C,1.7098813442249599,0.4496062673298068,-0.062332075765196955,0.44526453704853186
C,1.7130245084606677,0.4498086762293176,-0.06375999641394658,0.44526678302840483
C,1.7161676726963753,0.45001324534979953,-0.06518885963558847,0.4452665870797745
C,1.7193108369320829,0.4502199783147549,-0.06661867143009521,0.44526394586877055
C,1.7224540011677905,0.4504288787881172,-0.06804943781113128,0.445258856015138
C,1.725597165403498,0.4506399504743818,-0.06948116480613485,0.4452513140920934
C,1.7287403296392059,0.45085319711873856,-0.07091385845640023,0.44524131662617944
C,1.7318834938749135,0.4510686225072056,-0.07234752481715981,0.44522886009711726
C,1.735026658110621,0.4512862304667652,-0.07378216995766752,0.4452139409376577
C,1.7381698223463287,0.4515060248655006,-0.07521779996128161,0.4451965555334303
C,1.7413129865820365,0.4517280096127349,-0.07665442092554818,0.44517670022279016
C,1.744456150817744,0.45195218865917103,-0.07809203896228463,0.44515437129666374
C,1.7475993150534517,0.4521785659970339,-0.0795306601976643,0.44512956499839185
C,1.7507424792891593,0.4524071456602136,-0.08097029077230054,0.4451022775235719
C,1.753885643524867,0.4526379317244107,-0.08241093684133152,0.44507250501989715
C,1.7570288077605747,0.4528709283072826,-0.08385260457450505,0.44504024358699473
C,1.7601719719962823,0.45310613956859175,-0.08529530015626435,0.44500548927626155
C,1.7633151362319899,0.453343569710356,-0.08673902978583357,0.44496823809069863
C,1.7664583004676975,0.4535832229769996,-0.08818379967730379,0.44492848598474305
C,1.7696014647034053,0.45382510365550666,-0.0896296160597195,0.44488622886409807
C,1.7727446289391129,0.4540692160755758,-0.09107648517716493,0.4448414625855616
C,1.7758877931748205,0.45431556460977685,-0.09252441328885165,0.44479418295685264
C,1.779030957410528,0.4545641536737087,-0.0939734066692055,0.4447443857364353
C,1.782174121646236,0.4548149877261594,-0.09542347160795453,0.4446920666333417
C,1.7853172858819435,0.4550680712692676,-0.0968746144102166,0.4446372213069921
C,1.788460450117651,0.45532340884868566,-0.09832684139658827,0.4445798453670134
C,1.7916036143533587,0.4555810050537447,-0.09978015890323327,0.4445199343730556
C,1.7947467785890663,0.4558408645176211,-0.10123457328197137,0.44445748383460637
C,1.797889942824774,0.4561029919175051,-0.10269009090036806,0.4443924892108032
C,1.8010331070604817,0.45636739197477066,-0.1041467181418238,0.44432494591024424
C,1.8041762712961893,0.45663406945514745,-0.10560446140566462,0.44425484929079606
C,1.807319435531897,0.4569030291688944,-0.10706332710723213,0.44418219465940034
C,1.8104625997676047,0.45717427597097515,-0.10852332167797446,0.44410697727187787
C,1.8136057640033123,0.45744781476123514,-0.10998445156553698,0.4440291923327309
C,1.81674892823902,0.45772365048458047,-0.1114467232338542,0.4439488349949429
C,1.8198920924747275,0.45800178813115877,-0.11291014316324123,0.4438659003597767
C,1.8230352567104353,0.4582822327365419,-0.11437471785048609,0.4437803834765702
C,1.826178420946143,0.4585649893819097,-0.11584045380894167,0.4436922793425297
C,1.8293215851818505,0.45885006319423705,-0.11730735756861933,0.44360158290252233
C,1.832464749417558,0.45913745934648087,-0.11877543567628136,0.44350828904886425
C,1.8356079136532657,0.4594271830577713,-0.12024469469553493,0.44341239262110893
C,1.8387510778889735,0.45971923959360217,-0.12171514120692571,0.44331388840583136
C,1.8418942421246811,0.4600136342660253,-0.12318678180803197,0.4432127711364112
C,1.8450374063603887,0.46031037243384604,-0.12465962311355953,0.44310903549281333
C,1.8481805705960963,0.4606094595028203,-0.1261336717554364,0.44300267610136634
C,1.8513237348318041,0.4609109009258542,-0.12760893438290824,0.4428936875345382
C,1.8544668990675117,0.461214702203205,-0.12908541766263346,0.44278206431071093
C,1.8576100633032193,0.4615208688826848,-0.13056312827878008,0.4426678008939516
C,1.860753227538927,0.4618294065598649,-0.13204207293312137,0.4425508916937816
C,1.8638963917746347,0.4621403208782834,-0.13352225834513293,0.44243133106494426
C,1.8670395560103423,0.4624536175296539,-0.13500369125208928,0.44230911330716893
C,1.87018272024605,0.46276930225407703,-0.13648637840916206,0.44218423266493384
C,1.8733258844817575,0.4630873808402527,-0.13797032658951708,0.44205668332722586
C,1.8764690487174651,0.46340785912569565,-0.13945554258441287,0.44192645942729836
C,1.879612212953173,0.4637307429969523,-0.14094203320329926,0.4417935550424265
C,1.8827553771888805,0.46405603838982,-0.14242980527391566,0.4416579641936604
C,1.8858985414245881,0.4643837512895677,-0.14391886564239115,0.441519680845575
C,1.8890417056602957,0.4647138877311594,-0.14540922117334348,0.4413786989060191
C,1.8921848698960035,0.4650464537994795,-0.14690087874997948,0.44123501222586053
C,1.8953280341317111,0.4653814556295598,-0.14839384527419472,0.4410886145987292
C,1.8984711983674187,0.46571889940680905,-0.14988812766667511,0.4409394997607586
C,1.9016143626031263,0.46605879136724454,-0.1513837328669974,0.4407876613903233
C,1.904757526838834,0.4664011377977257,-0.1528806678337309,0.4406330931077755
C,1.9079006910745417,0.46674594503618977,-0.15437893954453913,0.4404757884751776
C,1.9110438553102493,0.46709321947188964,-0.15587855499628192,0.44031574099603343
C,1.914187019545957,0.46744296754563464,-0.15737952120511853,0.44015294411501654
C,1.9173301837816645,0.4677951957500317,-0.15888184520660995,0.43998739121769537
C,1.9204733480173724,0.4681499106297309,-0.16038553405582273,0.43981907563025674
C,1.92361651225308,0.46850711878167134,-0.1618905948274322,0.43964799061922627
C,1.9267596764887875,0.4688668268553307,-0.16339703461582702,0.43947412939118596
C,1.9299028407244951,0.4692290415529758,-0.16490486053521333,0.4392974850924896
C,1.933046004960203,0.46959376962991656,-0.1664140797197198,0.43911805080897537
C,1.9361891691959106,0.46996101789476113,-0.16792469932350243,0.43893581956567557
C,1.9393323334316181,0.4703307932096744,-0.1694367265208506,0.43875078432652403
C,1.9424754976673257,0.4707031024906379,-0.17095016850629285,0.4385629379940604
C,1.9456186619030333,0.4710779527077124,-0.17246503249470327,0.4383722734091319
C,1.9487618261387412,0.47145535088530305,-0.1739813257214082,0.43817878335059246
C,1.9519049903744488,0.4718353041024262,-0.17549905544229302,0.437982460534999
C,1.9550481546101564,0.47221781949297975,-0.17701822893391037,0.43778329761630475
C,1.958191318845864,0.4726029042460144,-0.17853885349358742,0.43758128718555006
C,1.9613344830815718,0.47299056560600844,-0.18006093643953439,0.43737642177054964
C,1.9644776473172794,0.47338081087314465,-0.18158448511095288,0.4371686938355789
C,1.967620811552987,0.47377364740358924,-0.18310950686814542,0.43695809578105443
C,1.9707639757886946,0.4741690826097739,-0.18463600909262454,0.43674461994321445
C,1.9739071400244024,0.4745671239606796,-0.18616399918722268,0.4365282585937946
C,1.97705030426011,0.47496777898212356,-0.187693484576202,0.43630900393970146
C,1.9801934684958176,0.4753710552570482,-0.18922447270536563,0.43608684812268295
C,1.9833366327315252,0.47577696042581286,-0.1907569710421681,0.4358617832189958
C,1.9864797969672328,0.4761855021864879,-0.19229098707582679,0.43563380123907036
C,1.9896229612029406,0.476596688295152,-0.1938265283174341,0.4354028941271718
C,1.9927661254386482,0.4770105265661904,-0.19536360230006855,0.43516905376105836
C,1.9959092896743558,0.4774270248725979,-0.19690221657890836,0.4349322719516372
C,1.9990524539100634,0.4778461911462827,-0.19844237873134374,0.43469254044261635
C,2.002195618145771,0.47826803337837404,-0.19998409635709047,0.4344498509101545
C,2.005338782381479,0.4786925596195316,-0.20152737707830345,0.43420419496250623
C,2.0084819466171866,0.47911977798025784,-0.20307222853969042,0.43395556413966546
C,2.011625110852894,0.4795496966312139,-0.2046186584086268,0.4337039499130057
C,2.014768275088602,0.47998232380353656,-0.20616667437527103,0.4334493436849155
C,2.017911439324309,0.48041766778915934,-0.20771628415267832,0.43319173678843287
C,2.021054603560017,0.4808557369411358,-0.20926749547691806,0.43293112048687477
C,2.024197767795725,0.48129653967396535,-0.21082031610718835,0.43266748597346444
C,2.027340932031432,0.48174008446392197,-0.21237475382593282,0.43240082437095456
C,2.03048409626714,0.4821863798493868,-0.2139308164389584,0.43213112673124787
C,2.0336272605028474,0.4826354344311814,-0.21548851177555067,0.4318583840350139
C,2.036770424738555,0.48308725687290593,-0.2170478476885933,0.4315825871913025
C,2.039913588974263,0.48354185590127896,-0.21860883205468448,0.43130372703715414
C,2.0430567532099704,0.48399924030648067,-0.2201714727742559,0.43102179433720694
C,2.046199917445678,0.4844594189424989,-0.22173577777169207,0.4307367797832992
C,2.0493430816813856,0.4849224007274779,-0.22330175499544816,0.4304486739940704
C,2.0524862459170934,0.4853881946440704,-0.22486941241817077,0.43015746751455636
C,2.055629410152801,0.4858568097397922,-0.2264387580368167,0.42986315081578297
C,2.0587725743885086,0.48632825512738026,-0.22800979987277395,0.42956571429435547
C,2.0619157386242164,0.48680253998515355,-0.22958254597198258,0.42926514827204354
C,2.065058902859924,0.48727967355737667,-0.2311570044050549,0.42896144299536404
C,2.0682020670956316,0.487759665154627,-0.23273318326739736,0.4286545886351596
C,2.0713452313313394,0.48824252415416475,-0.23431109067933303,0.42834457528617254
C,2.074488395567047,0.48872826000030606,-0.23589073478622236,0.42803139296661746
C,2.0776315598027546,0.48921688220479953,-0.23747212375858748,0.4277150316177476
C,2.0807747240384624,0.4897084003472051,-0.23905526579223366,0.4273954811034191
C,2.08391788827417,0.4902028240752773,-0.2406401691083734,0.4270727312096509
C,2.0870610525098776,0.49070016310535064,-0.24222684195375058,0.4267467716441806
C,2.090204216745585,0.4912004272227287,-0.24381529260076334,0.4264175920360174
C,2.093347380981293,0.49170362628207703,-0.24540552934759033,0.4260851819349899
C,2.0964905452170006,0.4922097702078176,-0.24699756051831376,0.42574953081129113
C,2.099633709452708,0.49271886899452877,-0.24859139446304565,0.4254106280550194
C,2.102776873688416,0.4932309327073469,-0.2501870395580541,0.42506846297571416
C,2.1059200379241236,0.4937459714823723,-0.25178450420588766,0.4247230248018901
C,2.109063202159831,0.4942639955270775,-0.2533837968355029,0.42437430268056464
C,2.112206366395539,0.4947850151207206,-0.2549849259023913,0.4240222856767834
C,2.115349530631246,0.49530904061476,-0.25658789988870545,0.4236669627731406
C,2.118492694866954,0.49583608243327465,-0.2581927273033877,0.4233083228692954
C,2.121635859102662,0.49636615107338605,-0.25979941668229717,0.42294635478148485
C,2.124779023338369,0.4968992571056845,-0.2614079765883379,0.4225810472420316
C,2.127922187574077,0.49743541117465934,-0.26301841561158884,0.4222123888988478
C,2.1310653518097844,0.49797462399913195,-0.264630742369431,0.42184036831493577
C,2.134208516045492,0.49851690637269275,-0.26624496550667837,0.4214649739678824
C,2.1373516802812,0.49906226916414176,-0.2678610936957066,0.421086194249351
C,2.1404948445169074,0.4996107233179329,-0.26947913563658327,0.4207040174645686
C,2.1436380087526152,0.5001622798546215,-0.27109910005719917,0.420318431831807
C,2.146781172988323,0.5007169498713164,-0.2727209957133979,0.41992942548186263
C,2.1499243372240304,0.501274744542135,-0.2743448313891076,0.419536986457529
C,2.1530675014597382,0.5018356751186622,-0.27597061589647276,0.4191411027130661
C,2.1562106656954456,0.5023997529304136,-0.2775983580759852,0.41874176211366565
C,2.1593538299311534,0.5029669893853022,-0.27922806679661777,0.4183389524349104
C,2.1624969941668613,0.5035373959701083,-0.2808597509559549,0.41793266136223023
C,2.1656401584025686,0.504110984250955,-0.282493419480327,0.417522876490353
C,2.1687833226382764,0.5046877658737858,-0.2841290813249438,0.41710958532275033
C,2.171926486873984,0.505267752564847,-0.28576674547402636,0.4166927752710797
C,2.1750696511096916,0.5058509561311745,-0.28740642094094326,0.41627243365462085
C,2.1782128153453995,0.5064373884610831,-0.2890481167683426,0.4158485476997083
C,2.181355979581107,0.5070270615246617,-0.2906918420282879,0.415421104539158
C,2.1844991438168146,0.5076199873742718,-0.2923376058223935,0.41499009121169
C,2.1876423080525225,0.508216178145049,-0.2939854172819581,0.41455549466134595
C,2.19078547228823,0.5088156460554105,-0.29563528556810154,0.4141173017369014
C,2.1939286365239377,0.5094184034075661,-0.2972872198719011,0.4136754991912739
C,2.197071800759645,0.510024462588032,-0.2989412294145261,0.4132300736809248
C,2.200214964995353,0.5106338360681517,-0.3005973234473763,0.4127810117652573
C,2.2033581292310607,0.5112465364046181,-0.3022555112522171,0.4123282999060086
C,2.206501293466768,0.5118625762400021,-0.3039158021413176,0.4118719244666374
C,2.209644457702476,0.5124819683032846,-0.3055782054575881,0.41141187171170557
C,2.2127876219381832,0.5131047254103934,-0.3072427305747174,0.41094812780625595
C,2.215930786173891,0.5137308604647433,-0.30890938689731123,0.4104806788151822
C,2.219073950409599,0.514360386457782,-0.31057818386103014,0.41000951070259706
C,2.2222171146453062,0.5149933164695405,-0.31224913093272827,0.40953460933119223
C,2.225360278881014,0.5156296636691864,-0.31392223761059285,0.4090559604615935
C,2.228503443116722,0.5162694413155839,-0.31559751342428266,0.4085735497517123
C,2.2316466073524293,0.5169126627578564,-0.31727496793506715,0.40808736275608865
C,2.234789771588137,0.5175593414359558,-0.3189546107359681,0.40759738492523157
C,2.2379329358238444,0.518209490881234,-0.32063645145189684,0.40710360160495157
C,2.2410761000595523,0.5188631247170218,-0.3223204997397973,0.40660599803568936
C,2.24421926429526,0.5195202566592098,-0.3240067652887841,0.4061045593518373
C,2.2473624285309675,0.5201809005168366,-0.32569525782028463,0.4055992705810569
C,2.2505055927666753,0.5208450701926804,-0.3273859870881807,0.4050901166435881
C,2.2536487570023827,0.5215127796838551,-0.32907896287894767,0.4045770823515556
C,2.2567919212380905,0.5221840430824127,-0.33077419501179844,0.4040601524082668
C,2.2599350854737983,0.5228588745759496,-0.3324716933388233,0.4035393114075059
C,2.2630782497095057,0.5235372884482177,-0.3341714677451324,0.40301454383282026
C,2.2662214139452135,0.524219299079742,-0.33587352814899896,0.402485834056802
C,2.269364578180921,0.524904920948441,-0.3375778845019998,0.40195316634036304
C,2.2725077424166287,0.5255941686302542,-0.3392845467891598,0.40141652483200363
C,2.2756509066523365,0.5262870567997742,-0.3409935250290934,0.40087589356707615
C,2.278794070888044,0.5269836002308823,-0.3427048292741476,0.400331256467041
C,2.2819372351237517,0.5276838137973929,-0.3444184696105469,0.3997825973387166
C,2.2850803993594595,0.5283877124736991,-0.34613445615853405,0.3992298998735245
C,2.288223563595167,0.5290953113354264,-0.3478527990725152,0.39867314764672596
C,2.2913667278308747,0.5298066255600916,-0.3495735085412042,0.398112324116654
C,2.294509892066582,0.5305216704277645,-0.3512965947877642,0.3975474126239373
C,2.29765305630229,0.5312404613217393,-0.3530220680699544,0.3969783963907191
C,2.3007962205379977,0.5319630137292071,-0.35474993868027194,0.3964052585198686
C,2.303939384773705,0.5326893432419367,-0.3564802169460972,0.3958279819941856
C,2.307082549009413,0.5334194655569615,-0.35821291322983934,0.3952465496755993
C,2.3102257132451203,0.5341533964772683,-0.3599480379290782,0.39466094430435944
C,2.313368877480828,0.5348911519124964,-0.36168560147671164,0.39407114849822056
C,2.316512041716536,0.5356327478796391,-0.36342561434109877,0.3934771447516208
C,2.3196552059522433,0.5363782005037526,-0.36516808702620507,0.3928789154348522
C,2.322798370187951,0.5371275260186703,-0.36691303007174836,0.3922764427932241
C,2.325941534423659,0.5378807407677224,-0.3686604540533423,0.3916697089462208
C,2.3290846986593663,0.5386378612044624,-0.37041036958264234,0.39105869588665076
C,2.332227862895074,0.5393989038933995,-0.37216278730749186,0.39044338547978935
C,2.3353710271307815,0.540163885510735,-0.373917717912065,0.3898237594625138
C,2.3385141913664893,0.5409328228451082,-0.3756751721170146,0.38919979944243127
C,2.341657355602197,0.5417057327983458,-0.37743516067961574,0.388571486897
C,2.3448005198379045,0.5424826323862174,-0.3791976943939112,0.38793880317264196
C,2.3479436840736123,0.5432635387391997,-0.38096278409085843,0.3873017294838482
C,2.3510868483093197,0.5440484691032439,-0.38273044063847245,0.38666024691227835
C,2.3542300125450275,0.5448374408405517,-0.38450067494197365,0.3860143364058497
C,2.3573731767807353,0.5456304714303561,-0.386273497943931,0.38536397877782064
C,2.3605163410164427,0.5464275784697095,-0.3880489206244083,0.38470915470586625
C,2.3636595052521505,0.5472287796742787,-0.3898269540011105,0.3840498447311448
C,2.3668026694878583,0.5480340928791452,-0.39160760912952663,0.38338602925735754
C,2.3699458337235657,0.5488435360396122,-0.39339089710307623,0.38271768854980037
C,2.3730889979592735,0.5496571272320202,-0.3951768290532551,0.38204480273440666
C,2.376232162194981,0.5504748846545663,-0.39696541614977815,0.3813673517967833
C,2.3793753264306887,0.5512968266281328,-0.3987566696007267,0.3806853155812375
C,2.3825184906663965,0.5521229715971212,-0.4005506006526913,0.3799986737897959
C,2.385661654902104,0.5529533381302932,-0.4023472205909169,0.3793074059812153
C,2.3888048191378117,0.5537879449216196,-0.4041465407394481,0.37861149156998447
C,2.391947983373519,0.5546268107911346,-0.40594857246127203,0.377910909825319
C,2.395091147609227,0.5554699546857987,-0.40775332715846396,0.3772056398701456
C,2.3982343118449347,0.5563173956803674,-0.40956081627232965,0.37649566068007945
C,2.401377476080642,0.557169152978268,-0.4113710512835501,0.37578095108239234
C,2.40452064031635,0.5580252459124835,-0.41318404371232553,0.3750614897549717
C,2.4076638045520578,0.5588856939464426,-0.41499980511851686,0.37433725522527106
C,2.410806968787765,0.5597505166749189,-0.41681834710179017,0.37360822586925235
C,2.413950133023473,0.5606197338249368,-0.41863968130175977,0.37287437991031785
C,2.4170932972591803,0.561493365256683,-0.42046381939812866,0.37213569541823416
C,2.420236461494888,0.5623714309644295,-0.4222907731108334,0.37139215030804673
C,2.423379625730596,0.5632539510774597,-0.4241205542001835,0.3706437223389849
C,2.4265227899663033,0.5641409458610055,-0.4259531744670042,0.3698903891133586
C,2.429665954202011,0.565032435717191,-0.427788645752778,0.3691321280754437
C,2.4328091184377185,0.565928441185983,-0.4296269799397837,0.3683689165103609
C,2.4359522826734263,0.5668289829461514,-0.4314681889512394,0.3676007315429418
C,2.439095446909134,0.5677340818162355,-0.4333122847514399,0.3668275501365881
C,2.4422386111448415,0.5686437587555195,-0.43515927934589765,0.36604934909211967
C,2.4453817753805493,0.5695580348650159,-0.4370091847814822,0.36526610504661255
C,2.448524939616257,0.5704769313884559,-0.4388620131465574,0.36447779447222833
C,2.4516681038519645,0.5714004697132902,-0.4407177765711206,0.3636843936750331
C,2.4548112680876724,0.5723286713716961,-0.4425764872269409,0.36288587879380524
C,2.4579544323233797,0.5732615580415931,-0.44443815732769415,0.36208222579883503
C,2.4610975965590876,0.5741991515476684,-0.44630279912910215,0.3612734104907121
C,2.4642407607947954,0.5751414738624092,-0.4481704249290665,0.3604594084991045
C,2.4673839250305027,0.576088547107144,-0.45004104706780473,0.35964019528152585
C,2.4705270892662106,0.5770403935530933,-0.45191467792798584,0.35881574612209216
C,2.473670253501918,0.5779970356224278,-0.4537913299348628,0.3579860361302693
C,2.4768134177376258,0.5789584958893363,-0.4556710155564083,0.3571510402396082
C,2.4799565819733336,0.5799247970811019,-0.45755374730344467,0.35631073320647055
C,2.483099746209041,0.5808959620791867,-0.459439537729778,0.3554650896087431
C,2.4862429104447488,0.5818720139203275,-0.46132839943232956,0.35461408384454046
C,2.489386074680456,0.5828529757976374,-0.4632203450512645,0.35375769013089836
C,2.492529238916164,0.5838388710617193,-0.4651153872701238,0.35289588250245374
C,2.4956724031518718,0.584829723221787,-0.4670135388159513,0.3520286348101158
C,2.498815567387579,0.5858255559467961,-0.4689148124594228,0.35115592071972396
C,2.501958731623287,0.5868263930665851,-0.4708192210149738,0.3502777137106948
C,2.505101895858995,0.5878322585730238,-0.4727267773409241,0.3493939870746585
C,2.508245060094702,0.5888431766211732,-0.47463749433960434,0.34850471391408216
C,2.51138822433041,0.589859171530455,-0.47655138495748095,0.3476098671408818
C,2.5145313885661174,0.5908802677858287,-0.47846846218527767,0.346709419475024
C,2.517674552801825,0.5919064900389811,-0.4803887390581001,0.34580334344311225
C,2.520817717037533,0.5929378631095237,-0.482312228655555,0.3448916113769656
C,2.5239608812732404,0.5939744119862013,-0.48423894410187196,0.34397419541218155
C,2.527104045508948,0.5950161618281098,-0.48616889856602247,0.3430510674866877
C,2.5302472097446556,0.596063137965924,-0.48810210526183617,0.3421221993392823
C,2.5333903739803634,0.5971153659031375,-0.49003857744812057,0.34118756250816085
C,2.536533538216071,0.5981728713173095,-0.49197832842877387,0.3402471283294305
C,2.5396767024517786,0.5992356800613241,-0.4939213715529001,0.3393008679356119
C,2.5428198666874864,0.6003038181646615,-0.4958677202149235,0.3383487522541281
C,2.545963030923194,0.6013773118346758,-0.49781738785469803,0.33739075200578045
C,2.5491061951589016,0.6024561874578869,-0.49977038795761886,0.3364268377032124
C,2.5522493593946094,0.6035404716012815,-0.5017267340547318,0.3354569796493579
C,2.5553925236303168,0.6046301910136253,-0.5036864397228393,0.33448114793587924
C,2.5585356878660246,0.6057253726267858,-0.505649518584608,0.33349931244158915
C,2.5616788521017324,0.6068260435570668,-0.5076159843086719,0.3325114428308614
C,2.56482201633744,0.6079322311065524,-0.5095858506097356,0.3315175085520263
C,2.5679651805731476,0.6090439627644652,-0.5115591312486769,0.3305174788357526
C,2.571108344808855,0.6101612662085316,-0.5135358400326441,0.329511322693417
C,2.574251509044563,0.611284169306363,-0.5155159908151566,0.328499008915457
C,2.5773946732802706,0.6124127001168437,-0.5174995974961989,0.3274805060697128
C,2.580537837515978,0.613546886891535,-0.5194866740223163,0.3264557824997526
C,2.583681001751686,0.6146867580760876,-0.5214772343867077,0.32542480632318344
C,2.5868241659873936,0.6158323423116671,-0.5234712926293154,0.3243875454299502
C,2.589967330223101,0.616983668436391,-0.5254688628369145,0.32334396748061706
C,2.593110494458809,0.6181407654867787,-0.527469959143201,0.3222940399046351
C,2.596253658694516,0.6193036626992113,-0.5294745957288745,0.32123772989859634
C,2.599396822930224,0.6204723895114065,-0.5314827868217229,0.32017500442447044
C,2.602539987165932,0.6216469755639025,-0.5334945466967019,0.3191058302078287
C,2.605683151401639,0.6228274507015569,-0.5355098896760146,0.3180301737360512
C,2.608826315637347,0.6240138449750572,-0.5375288301291875,0.3169480012565182
C,2.6119694798730544,0.625206188642443,-0.5395513824731437,0.3158592787747883
C,2.615112644108762,0.6264045121706426,-0.5415775611722771,0.3147639720527578
C,2.61825580834447,0.6276088462370205,-0.543607380738519,0.3136620466068073
C,2.6213989725801774,0.6288192217309385,-0.5456408557314064,0.3125534677059299
C,2.624542136815885,0.6300356697553312,-0.5476780007581475,0.3114382003698443
C,2.627685301051593,0.6312582216282924,-0.5497188304736822,0.3103162093670928
C,2.6308284652873004,0.6324869088846751,-0.5517633595807411,0.3091874592131206
C,2.6339716295230082,0.633721763277707,-0.5538116028299045,0.30805191416833994
C,2.6371147937587156,0.6349628167806161,-0.5558635750196536,0.3069095382361784
C,2.6402579579944234,0.6362101015882731,-0.5579192909964242,0.3057602951611083
C,2.6434011222301312,0.6374636501188441,-0.5599787656546529,0.30460414842666117
C,2.6465442864658386,0.6387234950154602,-0.5620420139368235,0.30344106125342396
C,2.6496874507015464,0.6399896691478996,-0.5641090508335102,0.3022709965970176
C,2.652830614937254,0.6412622056142823,-0.5661798913834148,0.3010939171460603
C,2.6559737791729616,0.6425411377427823,-0.5682545506734059,0.29990978532011037
C,2.6591169434086694,0.6438264990933507,-0.5703330438385493,0.298718563267594
C,2.662260107644377,0.6451183234594541,-0.5724153860621388,0.2975202128637134
C,2.6654032718800846,0.6464166448698299,-0.574501592575724,0.2963146957083374
C,2.6685464361157925,0.6477214975902518,-0.5765916786591309,0.29510197312387476
C,2.6716896003515,0.6490329161253134,-0.578685659640483,0.293882006153128
C,2.6748327645872076,0.6503509352202261,-0.5807835508962182,0.29265475555712844
C,2.677975928822915,0.6516755898626299,-0.5828853678510988,0.29142018181295515
C,2.681119093058623,0.6530069152844219,-0.5849911259782223,0.29017824511153106
C,2.6842622572943307,0.6543449469635988,-0.5871008407990255,0.28892890535540433
C,2.687405421530038,0.6556897206261141,-0.5892145278832854,0.2876721221565076
C,2.690548585765746,0.6570412722477519,-0.5913322028491168,0.28640785483389847
C,2.6936917500014532,0.6583996380560154,-0.5934538813629644,0.28513606241148226
C,2.696834914237161,0.6597648545320324,-0.5955795791395936,0.2838567036157124
C,2.699978078472869,0.661136958412474,-0.5977093119420728,0.28256973687327386
C,2.7031212427085762,0.6625159866914921,-0.5998430955817552,0.2812751203087445
C,2.706264406944284,0.6639019766226723,-0.6019809459182552,0.2799728117422366
C,2.7094075711799914,0.6652949657210004,-0.6041228788594186,0.2786627686870196
C,2.7125507354156992,0.6666949917648501,-0.6062689103612909,0.27734494834712
C,2.715693899651407,0.668102092797982,-0.6084190564280783,0.2760193076149027
C,2.7188370638871144,0.6695163071315627,-0.6105733331121057,0.2746858030686307
C,2.7219802281228223,0.6709376733462,-0.6127317565137705,0.2733443909700025
C,2.72512339235853,0.6723662302939936,-0.6148943427814884,0.271995027261671
C,2.7282665565942374,0.6738020171006037,-0.617061108111636,0.27063766756473895
C,2.7314097208299453,0.6752450731673382,-0.6192320687484907,0.2692722671762326
C,2.7345528850656526,0.6766954381732536,-0.6214072409841594,0.2678987810665559
C,2.7376960493013605,0.6781531520772779,-0.6235866411585086,0.2665171638769201
C,2.7408392135370683,0.6796182551203461,-0.6257702856590821,0.2651273699167528
C,2.7439823777727756,0.6810907878275576,-0.627958190921019,0.2637293531610848
C,2.7471255420084835,0.6825707910103499,-0.6301503734269637,0.26232306724791277
C,2.750268706244191,0.6840583057686885,-0.6323468497069679,0.26090846547554186
C,2.7534118704798987,0.685553373493279,-0.6345476363383912,0.2594855007999027
C,2.7565550347156065,0.6870560358677926,-0.6367527499457906,0.25805412583184756
C,2.759698198951314,0.6885663348711138,-0.638962207200808,0.2566142928344222
C,2.7628413631870217,0.6900843127796054,-0.6411760248220492,0.25516595372011347
C,2.7659845274227295,0.6916100121693911,-0.6433942195749566,0.2537090600480755
C,2.769127691658437,0.6931434759186589,-0.645616808271675,0.25224356302132994
C,2.7722708558941447,0.6946847472099823,-0.6478438077709135,0.2507694134839426
C,2.775414020129852,0.6962338695326601,-0.6500752349777954,0.24928656191817725
C,2.77855718436556,0.6977908866850776,-0.6523111068437065,0.24779495844162228
C,2.7817003486012677,0.6993558427770846,-0.6545514403661321,0.2462945528042959
C,2.784843512836975,0.7009287822323949,-0.6567962525884891,0.24478529438572422
C,2.787986677072683,0.702509749791005,-0.6590455605999508,0.2432671321919939
C,2.7911298413083903,0.7040987905116317,-0.6612993815352615,0.24174001485278226
C,2.794273005544098,0.7056959497741724,-0.6635577325745476,0.24020389061835862
C,2.797416169779806,0.7073012732821817,-0.6658206309431168,0.23865870735656264
C,2.8005593340155133,0.7089148070653719,-0.6680880939112513,0.2371044125497551
C,2.803702498251221,0.7105365974821319,-0.6703601387939937,0.23554095329174224
C,2.806845662486929,0.7121666912220679,-0.6726367829509219,0.23396827628467626
C,2.8099888267226363,0.7138051353085635,-0.6749180437859177,0.23238632783592642
C,2.813131990958344,0.7154519771013633,-0.6772039387469275,0.2307950538549243
C,2.8162751551940515,0.7171072642991739,-0.6794944853257098,0.22919439984998352
C,2.8194183194297593,0.7187710449422905,-0.68178970105758,0.22758431092508963
C,2.822561483665467,0.7204433674152407,-0.6840896035211406,0.22596473177666512
C,2.8257046479011745,0.7221242804494528,-0.6863942103380043,0.22433560669030533
C,2.8288478121368823,0.7238138331259457,-0.6887035391725099,0.22269687953748596
C,2.8319909763725897,0.7255120748780384,-0.6910176077314224,0.22104849377224514
C,2.8351341406082975,0.7272190554940846,-0.693336433763631,0.21939039242783318
C,2.8382773048440053,0.7289348251202272,-0.6956600350598297,0.21772251811333815
C,2.8414204690797127,0.7306594342631759,-0.6979884294521921,0.21604481301027936
C,2.8445636333154205,0.7323929337930092,-0.7003216348140365,0.2143572188691726
C,2.8477067975511283,0.7341353749459947,-0.7026596690594752,0.2126596770060678
C,2.8508499617868357,0.735886809327437,-0.7050025501430576,0.21095212829905544
C,2.8539931260225435,0.7376472889145469,-0.7073502960594027,0.20923451318474307
C,2.857136290258251,0.7394168660593318,-0.7097029248428148,0.20750677165470435
C,2.8602794544939587,0.7411955934915132,-0.7120604545668955,0.20576884325189432
C,2.8634226187296665,0.7429835243214641,-0.7144229033441358,0.2040206670670379
C,2.866565782965374,0.7447807120431729,-0.7167902893255037,0.20226218173498559
C,2.8697089472010817,0.7465872105372298,-0.7191626307000147,0.20049332543103773
C,2.872852111436789,0.7484030740738365,-0.7215399456942917,0.19871403586724057
C,2.875995275672497,0.7502283573158434,-0.7239222525721135,0.19692425028864738
C,2.8791384399082047,0.7520631153218055,-0.7263095696339467,0.19512390546955133
C,2.882281604143912,0.7539074035490686,-0.728701915216469,0.1933129377096843
C,2.88542476837962,0.7557612778568774,-0.731099307692077,0.19149128283038355
C,2.8885679326153277,0.7576247945095077,-0.7335017654683799,0.18965887617072846
C,2.891711096851035,0.759498010179425,-0.7359093069876793,0.18781565258364233
C,2.894854261086743,0.7613809819504691,-0.7383219507264388,0.18596154643196142
C,2.8979974253224503,0.7632737673210612,-0.7407397151947324,0.18409649158447366
C,2.901140589558158,0.7651764242074396,-0.7431626189356848,0.18222042141191988
C,2.904283753793866,0.7670890109469184,-0.7455906805248923,0.18033326878296577
C,2.9074269180295733,0.769011586301174,-0.7480239185698313,0.17843496606013745
C,2.910570082265281,0.770944209459558,-0.7504623517092512,0.17652544509572263
C,2.9137132465009885,0.7728869400424323,-0.7529059986125481,0.17460463722764058
C,2.9168564107366963,0.7748398381045367,-0.7553548779791288,0.1726724732752735
C,2.919999574972404,0.7768029641383775,-0.7578090085377519,0.17072888353526697
C,2.9231427392081115,0.778776379077645,-0.7602684090458561,0.16877379777729282
C,2.9262859034438193,0.78076014430066,-0.7627330982888728,0.166807145239777
C,2.9294290676795267,0.7827543216338422,-0.7652030950795162,0.16482885462559407
C,2.9325722319152345,0.7847589733552106,-0.7676784182570621,0.16283885409772247
C,2.9357153961509423,0.7867741621979084,-0.7701590866866039,0.16083707127486752
C,2.9388585603866497,0.788799951353756,-0.7726451192582933,0.1588234332270455
C,2.9420017246223575,0.7908364044768329,-0.7751365348865619,0.15679786647113136
C,2.9451448888580654,0.792883585687085,-0.7776333525093232,0.15476029696637195
C,2.9482880530937727,0.7949415595739615,-0.7801355910871559,0.15271065010985996
C,2.9514312173294805,0.797010391200081,-0.7826432696024688,0.15064885073197049
C,2.954574381565188,0.7990901461049216,-0.7851564070586422,0.14857482309176287
C,2.9577175458008957,0.801180890308545,-0.7876750224791548,0.14648849087234078
C,2.9608607100366036,0.8032826903153449,-0.790199134906684,0.1443897771761783
C,2.964003874272311,0.805395613117825,-0.7927287634021889,0.14227860452040492
C,2.9671470385080188,0.8075197262004091,-0.7952639270439721,0.14015489483205243
C,2.970290202743726,0.8096550975432739,-0.7978046449267158,0.13801856944326524
C,2.973433366979434,0.8118017956262185,-0.8003509361605022,0.13586954908646826
C,2.9765765312151418,0.8139598894325557,-0.8029028198698043,0.13370775388949893
C,2.979719695450849,0.8161294484530394,-0.8054603151924591,0.13153310337069787
C,2.982862859686557,0.8183105426898171,-0.808023441278615,0.12934551643395886
C,2.9860060239222648,0.8205032426604137,-0.8105922172896555,0.12714491136374212
C,2.989149188157972,0.8227076194017457,-0.8131666623970989,0.12493120582004466
C,2.99229235239368,0.8249237444741654,-0.8157467957814752,0.12270431683332979
C,2.9954355166293873,0.8271516899655323,-0.8183326366311733,0.12046416079941936
C,2.998578680865095,0.8293915284953209,-0.820924204141268,0.11821065347434039
C,3.001721845100803,0.8316433332187522,-0.8235215175123171,0.11594370996913494
C,3.0048650093365104,0.8339071778309592,-0.826124595949133,0.11366324474462582
C,3.008008173572218,0.8361831365711857,-0.8287334586595307,0.11136917160614045
C,3.0111513378079255,0.8384712842270081,-0.831348124853041,0.10906140369819588
C,3.0142945020436334,0.8407716961385976,-0.8339686137396041,0.10673985349913732
C,3.017437666279341,0.8430844482030051,-0.8365949445282284,0.10440443281573884
C,3.0205808305150486,0.8454096168784826,-0.8392271364256233,0.1020550527777583
C,3.0237239947507564,0.8477472791888351,-0.841865208634804,0.09969162383244967
C,3.026867158986464,0.8500975127278008,-0.8445091803536616,0.09731405573903515
C,3.0300103232221716,0.8524603956634661,-0.8471590707735069,0.09492225756313119
C,3.0331534874578794,0.8548360067427118,-0.8498148990775826,0.09251613767113101
C,3.0362966516935868,0.8572244252956882,-0.8524766844395407,0.09009560372454682
C,3.0394398159292946,0.8596257312403267,-0.8551444460218934,0.08766056267430321
C,3.0425829801650024,0.8620400050868777,-0.8578182029744243,0.08521092075499141
C,3.0457261444007098,0.864467327942485,-0.8604979744325726,0.08274658347907607
C,3.0488693086364176,0.866907781515791,-0.86318377951578,0.08026745563105728
C,3.052012472872125,0.8693614481215715,-0.865875637325803,0.07777344126159176
C,3.0551556371078328,0.8718284106854076,-0.8685735669449932,0.07526444368156357
C,3.0582988013435406,0.8743087527483844,-0.8712775874345364,0.07274036545611527
C,3.061441965579248,0.8768025584718252,-0.8739877178326605,0.07020110839863028
C,3.064585129814956,0.87930991264206,-0.8767039771528056,0.06764657356466984
C,3.0677282940506636,0.8818309006752202,-0.8794263843817518,0.06507666124586738
C,3.070871458286371,0.8843656086220711,-0.8821549584777146,0.06249127096377421
C,3.074014622522079,0.8869141231728772,-0.8848897183683996,0.05989030146365913
C,3.077157786757786,0.8894765316622943,-0.8876306829490135,0.05727365070826549
C,3.080300950993494,0.8920529220743023,-0.8903778710802417,0.0546412158715167
C,3.083444115229202,0.8946433830471627,-0.8931313015861782,0.05199289333218068
C,3.086587279464909,0.8972480038784142,-0.8958909932522173,0.04932857866748427
C,3.089730443700617,0.8998668745298997,-0.8986569648229038,0.046648166646680755
C,3.0928736079363244,0.9025000856328231,-0.9014292349997346,0.043951551224574455
C,3.096016772172032,0.9051477284928442,-0.9042078224389237,0.04123862553499272
C,3.09915993640774,0.9078098950951993,-0.906992745749115,0.03850928188421644
C,3.1023031006434474,0.9104866781098606,-0.9097840234890544,0.035763411744359784
C,3.105446264879155,0.9131781708967259,-0.9125816741652153,0.033000905746702454
C,3.108589429114863,0.9158844675108385,-0.9153857162293728,0.030221653674978158
C,3.1117325933505704,0.9186056627076424,-0.9181961680761337,0.027425544458612144
C,3.114875757586278,0.9213418519482716,-0.9210130480404186,0.02461246616591118
C,3.1180189218219856,0.9240931314048649,-0.9238363743948886,0.021782305997209817
C,3.1211620860576934,0.9268595979659222,-0.9266661653473283,0.018934950277963134
C,3.1243052502934012,0.9296413492416845,-0.9295024390379716,0.016070284451797655
C,3.1274484145291086,0.9324384835695515,-0.9323452135367782,0.013188193073510563
C,3.1305915787648164,0.93525110001953,-0.9351945068406579,0.010288559802021079
C,3.133734743000524,0.9380792983997122,-0.9380503368706357,0.007371267393278078
C,3.1368779072362316,0.940923179261789,-0.9409127214689683,0.004436197693113767
C,3.1400210714719394,0.9437828439065917,-0.9437816783961986,0.0014832316300556652
C,3.143164235707647,0.9466583943896675,-0.9466572253281567,-0.0014877507919133298
C,3.1463073999433546,0.9495499335268861,-0.9495393798529023,-0.004476870500642739
C,3.149450564179062,0.9524575649000756,-0.9524281594676063,-0.0074842493631458494
C,3.15259372841477,0.9553813928626929,-0.9553235815753751,-0.010510010192985102
C,3.1557368926504776,0.9583215225455198,-0.9582256634820104,-0.01355427675769882
C,3.158880056886185,0.9612780598623948,-0.9611344223927091,-0.016617173786279728
C,3.162023221121893,0.9642511115159735,-0.9640498754087012,-0.01969882697670108
C,3.1651663853576006,0.9672407850035165,-0.9669720395238189,-0.022799363003486225
C,3.168309549593308,0.9702471886227105,-0.969900931621004,-0.025918909525329402
C,3.171452713829016,0.9732704314775191,-0.9728365684687483,-0.029057595192763703
C,3.174595878064723,0.976310623484059,-0.9757789667174641,-0.03221554965587167
C,3.177739042300431,0.9793678753765104,-0.9787281428957888,-0.03539290357204936
C,3.180882206536139,0.9824422987130516,-0.9816841134068159,-0.038589788613810405
C,3.184025370771846,0.9855340058818244,-0.9846468945242579,-0.041806337476641024
C,3.187168535007554,0.9886431101069293,-0.9876165023885368,-0.04504268388690138
C,3.1903116992432614,0.991769725454441,-0.9905929530027949,-0.04829896260976828
C,3.1934548634789692,0.9949139668384618,-0.993576262228841,-0.051575309457230684
C,3.196598027714677,0.9980759500271921,-0.99656644578301,-0.054871861296123724
C,3.1997411919503844,1.0012557916490323,-0.9995635192319501,-0.058188756056212515
C,3.2028843561860922,1.0044536091987124,-1.002567497988333,-0.06152613273832106
C,3.2060275204218,1.0076695210434403,-1.0055783973064776,-0.06488413142250132
C,3.2091706846575074,1.0109036464290813,-1.0085962322778963,-0.06826289327625087
C,3.2123138488932153,1.0141561054863615,-1.0116210178267604,-0.07166256056277436
C,3.2154570131289226,1.01742701923709,-1.0146527687052735,-0.07508327664928359
C,3.2186001773646304,1.0207165096004125,-1.0176914994889679,-0.07852518601534794
C,3.2217433416003383,1.024024699399079,-1.020737224571906,-0.08198843426127997
C,3.2248865058360456,1.027351712365741,-1.0237899581617984,-0.08547316811656806
C,3.2280296700717535,1.0306976731492672,-1.0268497142750292,-0.08897953544835063
C,3.231172834307461,1.0340627073210777,-1.0299165067315879,-0.09250768526992639
C,3.2343159985431686,1.0374469413815053,-1.032990349149913,-0.0960577677493128
C,3.2374591627788765,1.0408505027661674,-1.0360712549416342,-0.09962993421783657
C,3.240602327014584,1.0442735198523634,-1.0391592373062217,-0.10322433717876883
C,3.2437454912502917,1.0477161219654896,-1.0422543092255385,-0.10684113031599876
C,3.2468886554859995,1.0511784393854664,-1.0453564834582887,-0.11048046850274075
C,3.250031819721707,1.0546606033531867,-1.0484657725343671,-0.1141425078102832
C,3.2531749839574147,1.0581627460769796,-1.0515821887491057,-0.11782740551677424
C,3.256318148193122,1.0616850007390848,-1.0547057441574132,-0.12153532011603764
C,3.25946131242883,1.0652275015021455,-1.057836450567809,-0.12526641132643163
C,3.2626044766645377,1.0687903835157107,-1.060974319536349,-0.1290208400997341
C,3.265747640900245,1.0723737829227498,-1.0641193623604388,-0.13279876863006598
C,3.268890805135953,1.075977836866181,-1.0672715900725391,-0.1366003603628471
C,3.2720339693716602,1.0796026834954038,-1.0704310134337511,-0.14042578000377814
C,3.275177133607368,1.083248461972846,-1.0735976429272909,-0.14427519352786067
C,3.278320297843076,1.0869153124805124,-1.076771488751842,-0.14814876818843847
C,3.2814634620787833,1.0906033762265448,-1.0799525608147917,-0.1520466725262729
C,3.284606626314491,1.0943127954517842,-1.0831408687253432,-0.15596907637864443
C,3.287749790550199,1.0980437134363363,-1.0863364217875018,-0.1599161508884762
C,3.2908929547859063,1.1017962745061416,-1.0895392289929409,-0.16388806851348642
C,3.294036119021614,1.1055706240395462,-1.0927492990137342,-0.16788500303536444
C,3.2971792832573215,1.109366908473868,-1.095966640194959,-0.17190712956896337
C,3.3003224474930293,1.11318527531197,-1.099191260547172,-0.175954624571522
C,3.303465611728737,1.1170258731288203,-1.1024231677387413,-0.18002766585189725
C,3.3066087759644445,1.1208888515780537,-1.1056623690880492,-0.18412643257982012
C,3.3097519402001523,1.1247743613985282,-1.1089088715555548,-0.18825110529516845
C,3.3128951044358597,1.1286825544208645,-1.1121626817357113,-0.19240186591724817
C,3.3160382686715675,1.1326135835739886,-1.1154238058487442,-0.19657889775409643
C,3.3191814329072753,1.1365676028916512,-1.11869224973228,-0.20078238551178756
C,3.3223245971429827,1.140544767518941,-1.121968018832829,-0.20501251530375453
C,3.3254677613786905,1.144545233718783,-1.1252511181971168,-0.20926947466011803
C,3.328610925614398,1.1485691588784128,-1.12854155246326,-0.21355345253701588
C,3.3317540898501057,1.1526167015158426,-1.1318393258517911,-0.2178646393259452
C,3.3348972540858135,1.1566880212862953,-1.1351444421565178,-0.22220322686309746
C,3.338040418321521,1.1607832789886234,-1.1384569047352289,-0.2265694084387
C,3.3411835825572287,1.1649026365717008,-1.1417767165002324,-0.23096337880635456
C,3.3443267467929365,1.1690462571407834,-1.1451038799087279,-0.23538533419236674
C,3.347469911028644,1.1732143049638448,-1.1484383969530103,-0.23983547230507346
C,3.3506130752643517,1.177406945477879,-1.1517802691505035,-0.2443139923441618
C,3.353756239500059,1.181624345295163,-1.155129497533615,-0.24882109500996963
C,3.356899403735767,1.1858666722094935,-1.158486082639423,-0.2533569825127824
C,3.3600425679714747,1.1901340952023702,-1.1618500244991685,-0.2579218585821022
C,3.363185732207182,1.194426784449149,-1.16522132262758,-0.2625159284759058
C,3.36632889644289,1.1987449113251445,-1.1685999760120034,-0.26713939898987876
C,3.3694720606785973,1.2030886484116818,-1.1719859831013424,-0.2717924784666186
C,3.372615224914305,1.2074581695021072,-1.1753793417948146,-0.2764753768048205
C,3.375758389150013,1.2118536496077328,-1.1787800494305032,-0.28118830546842066
C,3.3789015533857203,1.216275264963735,-1.1821881027737176,-0.2859314774957135
C,3.382044717621428,1.2207231930349889,-1.1856034980051513,-0.29070510750843015
C,3.385187881857136,1.2251976125218382,-1.1890262307088335,-0.29550941172077116
C,3.3883310460928433,1.2296987033658,-1.1924562958598741,-0.3003446079484004
C,3.391474210328551,1.2342266467552025,-1.1958936878120001,-0.30521091561739083
C,3.3946173745642585,1.2387816251307433,-1.1993384002848735,-0.31010855577311325
C,3.3977605387999663,1.2433638221909793,-1.202790426351198,-0.31503775108907905
C,3.400903703035674,1.2479734228977257,-1.206249758423597,-0.3199987258757135
C,3.4040468672713815,1.2526106134813795,-1.2097163882412734,-0.3249917060890734
C,3.4071900315070893,1.257275581446151,-1.2131903068564407,-0.3300169193394974
C,3.4103331957427967,1.2619685155751996,-1.216671504620518,-0.335074594900177
C,3.4134763599785045,1.2666896059356834,-1.2201599711700994,-0.3401649637156641
C,3.4166195242142123,1.2714390438836924,-1.2236556954126718,-0.34528825841028554
C,3.4197626884499197,1.2762170220690923,-1.2271586655121045,-0.3504447132964812
C,3.4229058526856275,1.2810237344402498,-1.230668868873882,-0.3556345643830517
C,3.4260490169213353,1.2858593762486434,-1.2341862921300926,-0.3608580493833058
C,3.4291921811570427,1.290724144053361,-1.2377109211241613,-0.36611540772311396
C,3.4323353453927505,1.2956182357254686,-1.2412427408953266,-0.37140688054885673
C,3.435478509628458,1.3005418504522523,-1.2447817356628563,-0.3767327107352579
C,3.4386216738641657,1.3054951887413275,-1.2483278888099951,-0.38209314289311
C,3.4417648380998735,1.3104784524246054,-1.251881182867646,-0.3874884233768701
C,3.444908002335581,1.315491844662118,-1.255441599497775,-0.3929188002921343
C,3.4480511665712887,1.3205355699456969,-1.2590091194765467,-0.3983845235029807
C,3.451194330806996,1.3256098341024853,-1.2625837226771646,-0.40388584463916477
C,3.454337495042704,1.3307148442983026,-1.266165388052439,-0.40942301710318124
C,3.4574806592784117,1.3358508090408276,-1.2697540936170555,-0.4149962960771625
C,3.460623823514119,1.341017938182621,-1.2733498164295542,-0.420605938529627
C,3.463766987749827,1.3462164429239605,-1.2769525325740105,-0.4262522032220613
C,3.4669101519855348,1.35144653581549,-1.280562217141408,-0.4319353507153241
C,3.470053316221242,1.3567084307606785,-1.284178844210708,-0.43765564337587703
C,3.47319648045695,1.3620023430180828,-1.2878023868296102,-0.4434133453818298
C,3.4763396446926573,1.367328489203391,-1.2914328169949858,-0.44920872272878165
C,3.479482808928365,1.3726870872912706,-1.2950701056330032,-0.4550420432354737
C,3.482625973164073,1.3780783566169799,-1.2987142225789177,-0.46091357654921983
C,3.4857691373997803,1.3835025178777576,-1.3023651365565345,-0.4668235941511249
C,3.488912301635488,1.388959793133983,-1.3060228151573416,-0.4727723693610798
C,3.4920554658711955,1.3944504058100766,-1.309687224819291,-0.4787601773425099
C,3.4951986301069033,1.3999745806951662,-1.3133583308052483,-0.4847872951068937
C,3.498341794342611,1.4055325439434796,-1.317036097181084,-0.49085400151801495
C,3.5014849585783185,1.4111245230744762,-1.3207204867934141,-0.49696057729596094
C,3.5046281228140264,1.4167507469727019,-1.3244114612469826,-0.5031073050208485
C,3.507771287049734,1.422411445887351,-1.328108980881674,-0.5092944691362609
C,3.5109144512854416,1.4281068514315407,-1.3318130047491639,-0.5155223559523996
C,3.5140576155211494,1.4338371965812806,-1.3355234905891917,-0.5217912536489345
C,3.5172007797568567,1.4396027156741211,-1.3392403948054528,-0.5281014522775332
C,3.5203439439925646,1.4454036444074896,-1.342963672441108,-0.534453243764078
C,3.5234871082282724,1.4512402198366823,-1.3466932771539035,-0.5408469219105363
C,3.5266302724639798,1.4571126803725192,-1.3504291611908932,-0.5472827823964933
C,3.5297734366996876,1.4630212657786466,-1.3541712753627675,-0.5537611227803274
C,3.532916600935395,1.468966217168465,-1.357919569017766,-0.5602822425000052
C,3.5360597651711028,1.474947777001694,-1.3616739900151902,-0.5668464428735096
C,3.5392029294068106,1.480966189080541,-1.3654344846984938,-0.5734540270988593
C,3.542346093642518,1.4870216985454725,-1.3692009978679514,-0.5801053002537283
C,3.5454892578782258,1.493114551870585,-1.3729734727529062,-0.5868005692946477
C,3.548632422113933,1.4992449968585373,-1.3767518509835757,-0.5935401430557612
C,3.551775586349641,1.5054132826350672,-1.380536072562432,-0.6003243322471481
C,3.554918750585349,1.5116196596430433,-1.384326075835125,-0.6071534494526686
C,3.558061914821056,1.5178643796360705,-1.3881217974609674,-0.614027809127344
C,3.561205079056764,1.5241476956716182,-1.3919231723829626,-0.6209477275942423
C,3.564348243292472,1.5304698621036599,-1.395730133797369,-0.6279135230408511
C,3.567491407528179,1.5368311345748156,-1.3995426131228048,-0.634925515514935
C,3.570634571763887,1.5432317700079827,-1.403360539968877,-0.6419840269198553
C,3.5737777359995944,1.549672026597431,-1.407183842104336,-0.6490893810093249
C,3.576920900235302,1.5561521637993654,-1.4110124454247497,-0.656241903381607
C,3.58006406447101,1.5626724423219167,-1.4148462739196837,-0.6634419214731094
C,3.5832072287067174,1.5692331241145752,-1.418685249639397,-0.6706897645513847
C,3.586350392942425,1.5758344723570241,-1.4225292926610311,-0.6779857637075037
C,3.5894935571781326,1.5824767514473705,-1.426378321054299,-0.6853302518477804
C,3.5926367214138404,1.5891602269897598,-1.430232250846663,-0.6927235636848464
C,3.595779885649548,1.5958851657813435,-1.4340909959879935,-0.7001660357280348
C,3.5989230498852556,1.602651835798601,-1.4379544683147127,-0.7076580062730711
C,3.6020662141209634,1.609460506182987,-1.4418225775134088,-0.7151998153910467
C,3.605209378356671,1.616311447225882,-1.4456952310839133,-0.7227918049166411
C,3.6083525425923786,1.6232049303528413,-1.449572334301846,-0.7304343184355929
C,3.6114957068280864,1.6301412281071213,-1.453453790180619,-0.7381277012713898
C,3.614638871063794,1.637120614132446,-1.457339499432882,-0.7458723004711417
C,3.6177820352995016,1.644143363155024,-1.461229360431424,-0.7536684647906434
C,3.6209251995352094,1.6512097509647687,-1.4651232691695062,-0.7615165446785722
C,3.624068363770917,1.6583200543957215,-1.4690211192206406,-0.7694168922598237
C,3.6272115280066246,1.6654745513056484,-1.4729228016977887,-0.7773698613179492
C,3.630354692242332,1.6726735205547838,-1.476828205211989,-0.7853758072766631
C,3.63349785647804,1.6799172419837194,-1.480737215830407,-0.79343508718042
C,3.6366410207137476,1.6872059963903876,-1.4846497170337933,-0.8015480596740024
C,3.639784184949455,1.6945400655061464,-1.4885655896733554,-0.8097150849811253
C,3.642927349185163,1.7019197319709278,-1.4924847119270366,-0.8179365248820137
C,3.6460705134208706,1.70934527930742,-1.496406959255188,-0.8262127426899222
C,3.649213677656578,1.7168169918942788,-1.5003322043556409,-0.8345441032265842
C,3.652356841892286,1.7243351549383326,-1.5042603171181697,-0.8429309727965554
C,3.655500006127993,1.7319000544457472,-1.5081911645783348,-0.8513737191604102
C,3.658643170363701,1.7395119771921563,-1.5121246108707183,-0.8598727115067923
C,3.661786334599409,1.7471712106916901,-1.516060517181526,-0.8684283204232519
C,3.664929498835116,1.7548780431649131,-1.5199987417005676,-0.877040917865869
C,3.668072663070824,1.7626327635056291,-1.52393913957261,-0.8857108771276233
C,3.6712158273065314,1.7704356612465166,-1.5278815628480886,-0.8944385728054624
C,3.674358991542239,1.778287026523592,-1.5318258604331862,-0.9032243807660679
C,3.677502155777947,1.7861871500394475,-1.535771878039268,-0.9120686781102524
C,3.6806453200136544,1.7941363230252527,-1.5397194581316727,-0.920971843135979
C,3.6837884842493622,1.802134837201487,-1.543668439877856,-0.9299342552999627
C,3.68693164848507,1.8101829847373634,-1.5476186590948826,-0.938956295177804
C,3.6900748127207774,1.8182810582089277,-1.551569948196263,-0.9480383444226418
C,3.6932179769564852,1.8264293505558016,-1.555522136138141,-0.9571807857222803
C,3.6963611411921926,1.8346281550365215,-1.5594750483648145,-0.9663840027547387
C,3.6995043054279004,1.8428777651824688,-1.5634285067536022,-0.9756483801422171
C,3.7026474696636082,1.8511784747503326,-1.5673823295590463,-0.984974303403406
C,3.7057906338993156,1.8595305776730942,-1.5713363313564528,-0.9943621589041264
C,3.7089337981350234,1.8679343680094909,-1.5752903229847683,-1.003812333806255
C,3.712076962370731,1.8763901398919174,-1.5792441114887887,-1.0133252160148762
C,3.7152201266064386,1.8848981874727522,-1.583197500060706,-1.0229011941236539
C,3.7183632908421465,1.893458804869051,-1.5871502879809878,-1.032540657358345
C,3.721506455077854,1.9020722861055883,-1.591102270558589,-1.0422439955184397
C,3.7246496193135616,1.9107389250562088,-1.5950532390705052,-1.0520115989168777
C,3.7277927835492695,1.9194590153834405,-1.599002980700653,-1.061843858317782
C,3.730935947784977,1.928232850476351,-1.6029512784780937,-1.07174116487219
C,3.7340791120206847,1.9370607233866006,-1.6068979112145958,-1.0817039100517245
C,3.737222276256392,1.9459429267626454,-1.6108426534415343,-1.0917324855801476
C,3.7403654404921,1.9548797527820772,-1.6147852753461398,-1.1018272833627811
C,3.7435086047278077,1.963871493082029,-1.618725542707088,-1.1119886954137086
C,3.746651768963515,1.9729184386876373,-1.622663216829444,-1.1222171137807448
C,3.749794933199223,1.9820208799385037,-1.6265980544789613,-1.1325129304681065
C,3.7529380974349302,1.9911791064131152,-1.6305298078157375,-1.1428765373567285
C,3.756081261670638,2.0003934068511953,-1.634458224327235,-1.1533083261222015
C,3.759224425906346,2.009664069073927,-1.6383830467606704,-1.1638086881502459
C,3.7623675901420532,2.0189913799020216,-1.6423040130547832,-1.1743780144497014
C,3.765510754377761,2.0283756250715923,-1.6462208562709906,-1.1850166955629695
C,3.7686539186134684,2.037817089147757,-1.6501333045239177,-1.1957251214738338
C,3.7717970828491763,2.0473160554359873,-1.6540410809113493,-1.206503681512653
C,3.774940247084884,2.056872805891094,-1.657943903443572,-1.2173527642588218
C,3.7780834113205914,2.066487621023857,-1.6618414849721406,-1.2282727574404766
C,3.7812265755562993,2.076160779805228,-1.6657335331180736,-1.2392640478313866
C,3.784369739792007,2.085892559568064,-1.6696197501994854,-1.2503270211449553
C,3.7875129040277145,2.095683235906357,-1.6734998331586708,-1.2614620619253043
C,3.7906560682634223,2.1055330825719047,-1.6773734734886516,-1.2726695534353616
C,3.7937992324991296,2.115442371368374,-1.6812403571592027,-1.2839498775418947
C,3.7969423967348375,2.125411372042734,-1.685100164542374,-1.2953034145974613
C,3.8000855609705453,2.135440352173964,-1.688952570337506,-1.3067305433191636
C,3.8032287252062527,2.1455295770590452,-1.692797243495784,-1.3182316406642047
C,3.8063718894419605,2.1556793095961613,-1.696633847144331,-1.329807081702158
C,3.809515053677668,2.165889810165041,-1.7004620385098468,-1.3414572394838729
C,3.8126582179133757,2.176161336504444,-1.704281468841843,-1.353182484907005
C,3.8158013821490835,2.186494143586697,-1.7080917833354679,-1.3649831865780562
C,3.818944546384791,2.196888483489252,-1.711892621053949,-1.3768597106708973
C,3.8220877106204987,2.2073446052632275,-1.715683614850688,-1.3888124207817085
C,3.8252308748562065,2.217862754798857,-1.719464391291017,-1.4008416777802506
C,3.828374039091914,2.228443174687821,-1.723234570573643,-1.412947839657433
C,3.8315172033276217,2.2390861040824146,-1.7269937664518211,-1.4251312613691127
C,3.834660367563329,2.2497917785514714,-1.730741586154263,-1.4373922946760285
C,3.837803531799037,2.260560429933042,-1.7344776303058262,-1.4497312879798607
C,3.8409466960347447,2.271392286183736,-1.7382014928480065,-1.4621485861552992
C,3.844089860270452,2.2822875712247064,-1.7419127609592657,-1.4746445303780968
C,3.84723302450616,2.293246504784223,-1.7456110149752302,-1.4872194579490288
C,3.8503761887418673,2.3042693022367726,-1.7492958283087927,-1.4998737021136805
C,3.853519352977575,2.3153561744386684,-1.7529667673701579,-1.51260759187804
C,3.856662517213283,2.3265073275600785,-1.7566233914868554,-1.5254214518197768
C,3.8598056814489903,2.337722962913473,-1.7602652528237797,-1.538315601895197
C,3.862948845684698,2.3490032767784217,-1.7638918963032875,-1.5512903572417882
C,3.866092009920406,2.3603484602226756,-1.767502859525384,-1.564346027976274
C,3.8692351741561133,2.3717586989195336,-1.7710976726880687,-1.5774829189881536
C,3.872378338391821,2.383234172961413,-1.7746758585078568,-1.5907013297286425
C,3.8755215026275285,2.394775056669589,-1.778236932140551,-1.6040015539949444
C,3.8786646668632363,2.4063815184000763,-1.7817804011022913,-1.6173838797098277
C,3.881807831098944,2.4180537203455805,-1.7853057651909516,-1.6308485886964044
C,3.8849509953346515,2.429791818333506,-1.788812516407921,-1.6443959564480837
C,3.8880941595703593,2.441595961619976,-1.7923001388803426,-1.6580262518936424
C,3.8912373238060667,2.4534662926797943,-1.7957681087838473,-1.671739737157318
C,3.8943804880417745,2.46540294699237,-1.7992158942658651,-1.685536667313929
C,3.8975236522774823,2.4774060528234996,-1.802642955369549,-1.6994172901389022
C,3.9006668165131897,2.4894757310030324,-1.8060487439584045,-1.7133818458532097
C,3.9038099807488975,2.501612094698348,-1.8094327036416624,-1.7274305668631316
C,3.9069531449846053,2.5138152491836223,-1.8127942697004884,-1.7415636774947938
C,3.9100963092203127,2.5260852916048546,-1.8161328690150766,-1.755781393723447
C,3.9132394734560205,2.5384223107406445,-1.8194479199927278,-1.7700839228974454
C,3.916382637691728,2.5508263867586383,-1.8227388324969531,-1.7844714634568337
C,3.9195258019274357,2.563297590967694,-1.826005007777715,-1.7989442046465727
C,3.9226689661631435,2.5758359855656754,-1.8292458384028625,-1.8135023262242878
C,3.925812130398851,2.588441623382895,-1.8324607081908513,-1.8281459981625543
C,3.9289552946345587,2.6011145476211888,-1.8356489921448418,-1.8428753803456728
C,3.932098458870266,2.613854791588563,-1.8388100563882444,-1.857690622260863
C,3.935241623105974,2.6266623784294714,-1.8419432581018234,-1.872591862683913
C,3.9383847873416817,2.6395373208506396,-1.845047945462436,-1.8875792293591855
C,3.941527951577389,2.6524796208424863,-1.8481234575835148,-1.9026528386740065
C,3.944671115813097,2.6654892693961116,-1.8511691244573836,-1.9178127953274013
C,3.9478142800488047,2.6785662462158397,-1.854184266899511,-1.9330591919931315
C,3.950957444284512,2.6917105194273545,-1.8571681964948086,-1.948392108977066
C,3.95410060852022,2.7049220452814144,-1.860120215546083,-1.9638116138688517
C,3.9572437727559273,2.718200767853129,-1.8630396170247352,-1.979317761187846
C,3.960386936991635,2.731546618736877,-1.8659256845238448,-1.9949105920233838
C,3.963530101227343,2.7449595167368157,-1.8687776922137365,-2.0105901336692953
C,3.9666732654630503,2.7584393675530476,-1.8715949048001552,-2.0263563992527462
C,3.969816429698758,2.7719860634634657,-1.874376577485172,-2.042209387357392
C,3.9729595939344655,2.78559948300127,-1.8771219559309358,-2.0581490816408223
C,3.9761027581701733,2.7992794906282636,-1.8798302762264185,-2.074175450446403
C,3.979245922405881,2.813025936403893,-1.882500764857262,-2.0902884464094478
C,3.9823890866415885,2.826838655650129,-1.8851326386788734,-2.106488006057821
C,3.9855322508772963,2.8407174686122323,-1.8877251048929062,-2.122774049406991
C,3.9886754151130037,2.854662180115429,-1.8902773610272556,-2.1391464795495443
C,3.9918185793487115,2.8686725792176184,-1.892788594919729,-2.155605182239285
C,3.9949617435844194,2.8827484388581115,-1.8952579847055162,-2.172150025469895
C,3.9981049078201267,2.8968895155025347,-1.8976846988086238,-2.188780859048282
C,4.0012480720558345,2.911095548783961,-1.9000678959374229,-2.205497514162672
C,4.004391236291542,2.925366261140326,-1.9024067250844539,-2.2222998029454923
C,4.00753440052725,2.9397013574482913,-1.9047003255306612,-2.2391875180311986
C,4.010677564762958,2.954100524653571,-1.9069478268542062,-2.256160432109057
C,4.013820728998665,2.9685634313979326,-1.9091483489440295,-2.2732182974710886
C,4.016963893234373,2.9830897276428936,-1.9113010020183252,-2.290360845555193
C,4.020107057470081,2.997679044290279,-1.9134048866480866,-2.307587786483605
C,4.023250221705788,3.0123309927998183,-1.9154590937859204,-2.324898808596873
C,4.026393385941495,3.027045164803833,-1.917462704800273,-2.3422935779834018
C,4.029536550177204,3.041821131719235,-1.9194147915152648,-2.3597717380047802
C,4.032679714412911,3.0566584443569464,-1.921314416256301,-2.3773329088170083
C,4.035822878648618,3.0715566325289787,-1.9231606319016559,-2.394976686887867
C,4.038966042884327,3.0865152046532582,-1.9249524819401915,-2.4127026445105164
C,4.042109207120034,3.1015336473564217,-1.92668900053541,-2.4305103293135564
C,4.045252371355741,3.1166114250748396,-1.9283692125960337,-2.448399263767814
C,4.04839553559145,3.1317479796539565,-1.9299921338532864,-2.466368944689962
C,4.051538699827157,3.1469427299462356,-1.9315567709450734,-2.484418842743249
C,4.054681864062864,3.1621950714079605,-1.9330621215072674,-2.5025484019356385
C,4.057825028298573,3.1775043756950474,-1.9345071742722704,-2.5207570391154897
C,4.06096819253428,3.1928699902581537,-1.9358909091750582,-2.5390441434651088
C,4.064111356769987,3.2082912379374053,-1.937212297466926,-2.557409075992506
C,4.067254521005695,3.223767416556887,-1.9384703018370881,-2.5758511690215125
C,4.070397685241403,3.239297798519276,-1.939663876542373,-2.594369725680679
C,4.07354084947711,3.2548816304008543,-1.9407919675451872,-2.6129640193911983
C,4.076684013712818,3.2705181325472648,-1.9418535126599643,-2.6316332933542634
C,4.079827177948526,3.2862064986702455,-1.9428474417082837,-2.6503767600381143
C,4.082970342184233,3.3019458954457175,-1.9437726766828702,-2.6691936006651766
C,4.086113506419941,3.3177354621135953,-1.944628131920673,-2.688082964699718
C,4.089256670655649,3.3335743100795945,-1.9454127142852138,-2.707043969336309
C,4.092399834891356,3.3494615225194493,-1.9461253233584135,-2.7260756989895603
C,4.095542999127064,3.3653961539859454,-1.9467648516420881,-2.7451772047855765
C,4.098686163362771,3.381377230019069,-1.9473301847693036,-2.764347504055484
C,4.101829327598479,3.397403746759784,-1.9478202017258053,-2.7835855798315707
C,4.104972491834187,3.4134746705677257,-1.948233775081674,-2.802890380346412
C,4.108115656069894,3.4295889376433983,-1.9485697712334447,-2.8222608185355966
C,4.111258820305602,3.4457454536551575,-1.948827050656833,-2.8416957715444093
C,4.11440198454131,3.4619430933715054,-1.9490044681702714,-2.8611940802390503
C,4.117545148777017,3.478180700299229,-1.949100873209444,-2.8807545487229933
C,4.120688313012725,3.49445708632771,-1.9491151101129627,-2.900375943858879
C,4.123831477248433,3.5107710313800227,-1.9490460184193923,-2.920056994796619
C,4.12697464148414,3.527121283071301,-1.9488924331757638,-2.939796392508296
C,4.130117805719848,3.5435065563748434,-1.9486531852577498,-2.959592789330371
C,4.133260969955556,3.559925533296511,-1.9483271017016455,-2.9794447985138635
C,4.136404134191263,3.5763768625580354,-1.9479130060483278,-2.9993509937831924
C,4.139547298426971,3.5928591592896315,-1.947409718699293,-3.0193099089041753
C,4.142690462662679,3.6093710047326555,-1.9468160572849549,-3.0393200372619993
C,4.145833626898386,3.625910945952738,-1.9461308370452937,-3.0593798314497116
C,4.148976791134094,3.6424774955641173,-1.9453528712229926,-3.079487702868044
C,4.152119955369802,3.65906913146566,-1.9444809714691704,-3.0996420213371687
C,4.155263119605509,3.675684296589225,-1.9435139482618036,-3.11984111472114
C,4.158406283841217,3.6923213986610413,-1.9424506113369349,-3.1400832685658187
C,4.161549448076925,3.7089788099766414,-1.9412897701327505,-3.1603667257509334
C,4.164692612312632,3.725654867190043,-1.9400302342465918,-3.1806896861570717
C,4.16783577654834,3.7423478711178655,-1.9386708139049604,-3.201050306348449
C,4.170978940784048,3.759056086558947,-1.9372103204465574,-3.221446699272116
C,4.174122105019755,3.775777742130198,-1.9356475668184083,-3.2418769339744826
C,4.177265269255463,3.7925110301193987,-1.9339813680850766,-3.2623390353360087
C,4.18040843349117,3.8092541063554926,-1.9322105419509648,-3.2828309838247445
C,4.183551597726878,3.826005090097223,-1.9303339092957308,-3.303350715269712
C,4.186694761962586,3.8427620639406563,-1.9283502947227518,-3.323896120654815
C,4.189837926198293,3.859523073746454,-1.9262585271206345,-3.3444650459343004
C,4.192981090434001,3.876286128587409,-1.9240574402376829,-3.365055291870429
C,4.196124254669709,3.8930492007170954,-1.92174587326929,-3.385664613894363
C,4.199267418905416,3.909810225560297,-1.919322671458125,-3.4062907219911085
C,4.202410583141124,3.9265671017258783,-1.9167866867070322,-3.4269312806093213
C,4.205553747376832,3.9433176910428442,-1.914136778204518,-3.447583908596903
C,4.208696911612539,3.960059818620326,-1.9113718130626605,-3.468246179163297
C,4.211840075848247,3.976791272932116,-1.9084906669672939,-3.48891561986927
C,4.214983240083955,3.9935098059264966,-1.9054922248402801,-3.509589712645101
C,4.218126404319662,4.010213133162105,-1.9023753815136517,-3.530265893838113
C,4.221269568555369,4.026898933970418,-1.899139042415407,-3.550941554290296
C,4.224412732791078,4.043564851645643,-1.895782124266708,-3.5716140394469917
C,4.227555897026785,4.060208493662583,-1.8923035557901975,-3.5922806494974133
C,4.230699061262492,4.076827431923301,-1.8887022784291634,-3.6129386395479823
C,4.233842225498201,4.0934192030330365,-1.8849772470771962,-3.633585219829156
C,4.236985389733908,4.109981308606152,-1.8811274308180377,-3.6542175559366825
C,4.240128553969615,4.126511215602732,-1.8771518136752219,-3.674832769108135
C,4.243271718205324,4.143006356696359,-1.873049395371129,-3.6954279365354004
C,4.246414882441031,4.159464130673731,-1.8688191920950532,-3.7160000917140157
C,4.249558046676738,4.175881902866692,-1.864460237279799,-3.7365462248301036
C,4.252701210912447,4.192257005617194,-1.8599715823863903,-3.7570632831856203
C,4.255844375148154,4.2085867387757245,-1.8553522976963688,-3.7775481716626316
C,4.258987539383861,4.224868370233774,-1.8506014731111649,-3.7979977532274254
C,4.262130703619569,4.2410991364907265,-1.8457182189580121,-3.8184088494749813
C,4.265273867855277,4.257276243255691,-1.8407016668018155,-3.8387782412145546
C,4.268417032090984,4.273396866084677,-1.8355509702624013,-3.8591026690969357
C,4.271560196326692,4.289458151053539,-1.8302653058364915,-3.8793788342840276
C,4.2747033605624,4.305457215467002,-1.8248438737237853,-3.899603399161207
C,4.2778465247981075,4.321391148604119,-1.8192858986564706,-3.9197729880930283
C,4.280989689033815,4.337257012500479,-1.8135906307314247,-3.939884188222767
C,4.284132853269523,4.353051842767389,-1.8077573462444454,-3.959933550316192
C,4.2872760175052305,4.3687726494482035,-1.8017853485257,-3.979917589649916
C,4.290419181740938,4.3844164179120995,-1.7956739687756451,-3.9998327869448107
C,4.293562345976646,4.3999801097852735,-1.789422566900612,-4.019675589344599
C,4.2967055102123535,4.4154606639197524,-1.7830305323472482,-4.039442411439993
C,4.299848674448061,4.430854997399816,-1.7764972849349157,-4.059129636338534
C,4.302991838683768,4.44616000658603,-1.7698222756852502,-4.078733616780259
C,4.3061350029194765,4.461372568196803,-1.7630049876479172,-4.098250676299281
C,4.309278167155184,4.4764895404273854,-1.756044936721709,-4.117677110431297
C,4.312421331390891,4.491507764106174,-1.7489416724699982,-4.137009187967062
C,4.3155644956265995,4.506424063888012,-1.741694778929628,-4.156243152251588
C,4.318707659862307,4.521235249484276,-1.7343038754122608,-4.1753752225290075
C,4.321850824098014,4.535938116929456,-1.726768617297177,-4.194401595332895
C,4.3249939883337225,4.550529449883728,-1.719088696814536,-4.213318445921646
C,4.32813715256943,4.565006020971158,-1.7112638438180872,-4.232121929758625
C,4.331280316805137,4.5793645931530165,-1.7032938265462516,-4.250808184036645
C,4.3344234810408455,4.593601921135589,-1.6951784523705806,-4.269373329246232
C,4.337566645276553,4.60771475281189,-1.686917568530514,-4.287813470787113
C,4.34070980951226,4.621699830736594,-1.6785110628533435,-4.306124700622312
C,4.343852973747968,4.635553893633357,-1.6699588644583454,-4.324303098974027
C,4.346996137983676,4.649273677933806,-1.6612609444439874,-4.342344736060601
C,4.350139302219383,4.662855919347175,-1.6524173165571192,-4.3602456738735675
C,4.353282466455091,4.676297354459802,-1.6434280378430501,-4.3780019679939715
C,4.356425630690799,4.6895947223633145,-1.6342932092754565,-4.395609669446774
C,4.359568794926506,4.7027447663104684,-1.6250129763650034,-4.41306482659227
C,4.362711959162214,4.715744235397582,-1.6155875297455986,-4.430363487053409
C,4.365855123397922,4.728589886272209,-1.6060171057372203,-4.4475016996776136
C,4.368998287633629,4.7412784848648455,-1.5963019868842352,-4.464475516531783
C,4.372141451869337,4.753806808143356,-1.5864425024681181,-4.481280994929108
C,4.375284616105045,4.766171645888674,-1.5764390289935843,-4.497914199486126
C,4.378427780340752,4.7783698024903,-1.566291990647053,-4.514371204208409
C,4.38157094457646,4.790398098760127,-1.5560018597264118,-4.5306480946033085
C,4.384714108812167,4.802253373762958,-1.5455691570411305,-4.546740969817929
C,4.387857273047875,4.813932486662094,-1.5349944522816954,-4.562645944800573
C,4.391000437283583,4.8254323185782875,-1.5242783643574473,-4.578359152483738
C,4.39414360151929,4.836749774460315,-1.5134215617018307,-4.593876745986759
C,4.397286765754998,4.847881784965367,-1.5024247625442269,-4.609194900836036
C,4.400429929990706,4.858825308347372,-1.4912887351474473,-4.624309817200753
C,4.403573094226413,4.8695773323513825,-1.4800142980100277,-4.6392177221419875
C,4.406716258462121,4.880134876112069,-1.4686023200325748,-4.653914871872959
C,4.409859422697829,4.890494992054267,-1.4570537206473475,-4.668397554028104
C,4.413002586933536,4.9006547677936805,-1.4453694699103405,-4.682662089938803
C,4.416145751169244,4.91061132803553,-1.433550588555208,-4.696704836913204
C,4.419288915404952,4.920361836469079,-1.4215981480083604,-4.710522190517795
C,4.422432079640659,4.929903497656006,-1.409513270364617,-4.72411058685833
C,4.4255752438763665,4.939233558910281,-1.397297128322889,-4.737466504857436
C,4.428718408112075,4.9483493121675455,-1.3849509450813728,-4.750586468526516
C,4.431861572347782,4.957248095841604,-1.372475994191797,-4.763467049229211
C,4.4350047365834895,4.965927296666,-1.3598735993723057,-4.7761048679339835
C,4.438147900819198,4.974384351518274,-1.3471451342786662,-4.788496597453024
C,4.441291065054905,4.9826167492247375,-1.334292022233494,-4.800638964664906
C,4.4444342292906125,4.990622032343539,-1.3213157359132266,-4.81252875271835
C,4.447577393526321,4.998397798923712,-1.3082177969927349,-4.824162803214344
C,4.450720557762028,5.0059417042379835,-1.2949997757474214,-4.835538018363956
C,4.4538637219977355,5.0132514624871485,-1.2816632906127299,-4.846651363119208
C,4.457006886233444,5.020324848473726,-1.2682100077011347,-4.8574998672742575
C,4.460150050469151,5.027159699242726,-1.254641640276652,-4.868080627534237
C,4.4632932147048585,5.033753915687345,-1.2409599481869764,-4.878390809549134
C,4.466436378940566,5.040105464117444,-1.2271667372535229,-4.888427649910046
C,4.469579543176274,5.0462123777886205,-1.2132638586195685,-4.898188458105164
C,4.4727227074119815,5.052072758389877,-1.1992532080568878,-4.907670618432982
C,4.475865871647689,5.057684777487783,-1.1851367252312122,-4.9168715918701675
C,4.479009035883397,5.063046677925112,-1.1709163929270496,-4.925788917891552
C,4.4821522001191045,5.068156775172035,-1.1565942362323671,-4.934420216239824
C,4.485295364354812,5.073013458627927,-1.1421723216836888,-4.942763188642541
C,4.48843852859052,5.07761519287198,-1.1276527563723484,-4.950815620474085
C,4.4915816928262275,5.08196051886081,-1.1130376870125875,-4.958575382360311
C,4.494724857061935,5.086048055071335,-1.0983292989722377,-4.966040431723655
C,4.497868021297643,5.089876498587268,-1.0835298152669228,-4.973208814266561
C,4.501011185533351,5.093444626127701,-1.0686414955186627,-4.980078665391219
C,4.504154349769058,5.0967512950161815,-1.0536666348797903,-4.98664821155355
C,4.507297514004765,5.099795444088951,-1.0386075629233156,-4.992915771549617
C,4.510440678240474,5.102576094540956,-1.0234666425007466,-4.998879757732635
C,4.513583842476181,5.105092350708397,-1.0082462685685614,-5.004538677158861
C,4.516727006711888,5.107343400786638,-0.9929488669844566,-5.009891132660779
C,4.519870170947597,5.109328517482435,-0.9775768932747125,-5.014935823846066
C,4.523013335183304,5.111047058599488,-0.9621328313739204,-5.019671548020934
C,4.526156499419011,5.112498467556439,-0.9466191923383842,-5.024097201036577
C,4.52929966365472,5.113682273836534,-0.9310385130346587,-5.028211778057503
C,4.532442827890427,5.114598093368302,-0.9153933548046213,-5.032014374250755
C,4.535585992126134,5.115245628836638,-0.8996863021084992,-5.03550418539501
C,4.538729156361842,5.115624669923838,-0.8839199611474474,-5.038680508408771
C,4.54187232059755,5.115735093480232,-0.868096958467145,-5.0415427417969285
C,4.545015484833257,5.115576863624126,-0.8522199395440271,-5.044090386015106
C,4.548158649068965,5.115150031770934,-0.8362915673556919,-5.0463230437513555
C,4.551301813304673,5.114454736591444,-0.8203145209371757,-5.048240420124845
C,4.55444497754038,5.113491203899278,-0.8042914939247091,-5.049842322801341
C,4.557588141776088,5.112259746467697,-0.7882251930885691,-5.051128662025395
C,4.560731306011796,5.110760763776086,-0.7721183368567919,-5.0520994505693
C,4.563874470247503,5.108994741686443,-0.7559736538313887,-5.052754803598978
C,4.567017634483211,5.106962252050396,-0.739793881298724,-5.053094938457086
C,4.570160798718919,5.104663952247286,-0.7235817637358308,-5.053120174363739
C,4.573303962954626,5.102100584654136,-0.7073400513143476,-5.052830932035495
C,4.576447127190334,5.099272976048133,-0.6910714984037082,-5.052227733223122
C,4.579590291426041,5.096182036942658,-0.6747788620753925,-5.051311200169047
C,4.582733455661749,5.09282876085778,-0.658464900609843,-5.050082054985351
C,4.585876619897457,5.089214223526324,-0.6421323720077777,-5.048541118953307
C,4.589019784133164,5.085339582036715,-0.6257840325075008,-5.046689311745672
C,4.592162948368872,5.081206073913778,-0.6094226351099241,-5.044527650572841
C,4.59530611260458,5.076815016138999,-0.5930509281129054,-5.0420572492544
C,4.598449276840287,5.072167804111507,-0.5766716536564417,-5.039279317217343
C,4.601592441075995,5.06726591055142,-0.5602875462803871,-5.036195158422638
C,4.604735605311703,5.062110884347131,-0.5439013314961975,-5.032806170221774
C,4.60787876954741,5.05670434934812,-0.5275157243741634,-5.029113842144976
C,4.611021933783118,5.051048003105101,-0.5111334281477011,-5.025119754622969
C,4.614165098018826,5.045143615559305,-0.49475713283609635,-5.020825577644241
C,4.617308262254533,5.0389930276826815,-0.4783895138870564,-5.016233069349707
C,4.6204514264902405,5.032598150071037,-0.46203323084052184,-5.011344074566971
C,4.623594590725949,5.025960961491954,-0.44569092601496785,-5.006160523286189
C,4.626737754961656,5.019083507389646,-0.42936522321752957,-5.000684429079895
C,4.6298809191973636,5.011967898348674,-0.41305872647908537,-4.994917887468932
C,4.633024083433072,5.004616308518712,-0.3967740188155616,-4.988863074236896
C,4.636167247668779,4.997030974002465,-0.38051366101653084,-4.982522243695438
C,4.639310411904487,4.989214191208864,-0.3642801904621261,-4.9758977269028355
C,4.642453576140195,4.981168315173776,-0.34807611996936516,-4.968991929838308
C,4.645596740375902,4.97289575785045,-0.33190393666879797,-4.961807331534625
C,4.64873990461161,4.964398986371835,-0.31576610091232976,-4.95434648217142
C,4.651883068847318,4.955680521287094,-0.2996650452131456,-4.946612001131858
C,4.655026233083025,4.946742934774543,-0.2836031732184756,-4.938606575025213
C,4.658169397318733,4.9375888488332125,-0.2675828587158827,-4.930332955677894
C,4.66131256155444,4.928220933455359,-0.2516064446738237,-4.921793958095585
C,4.664455725790148,4.918641904782064,-0.23567624231701279,-4.9129924583990014
C,4.667598890025856,4.908854523244308,-0.21979453023719084,-4.9039313917360134
C,4.670742054261563,4.898861591691532,-0.2039635535397075,-4.8946137501725255
C,4.673885218497271,4.888665953510093,-0.18818552302643202,-4.885042580564883
C,4.677028382732979,4.8782704907336765,-0.17246261441531544,-4.875220982416287
C,4.680171546968686,4.86767812214784,-0.15679696759687234,-4.865152105719733
C,4.683314711204394,4.856891801390846,-0.14119068592791134,-4.8548391487900835
C,4.686457875440102,4.845914515052882,-0.12564583556266565,-4.844285356087724
C,4.689601039675809,4.834749280775681,-0.11016444482141832,-4.833494016036242
C,4.692744203911517,4.823399145354625,-0.09474850359678046,-4.822468458836605
C,4.695887368147225,4.811867182845328,-0.07939996279760658,-4.811212054280248
C,4.699030532382932,4.800156492676544,-0.06412073383047678,-4.799728209563311
C,4.702173696618639,4.788270197771409,-0.04891268811874631,-4.78802036710443
C,4.705316860854348,4.776211442678808,-0.033777656658959196,-4.776092002368318
C,4.708460025090055,4.7639833917166765,-0.01871742961449213,-4.763946621697283
C,4.711603189325762,4.751589227128959,-0.0037337559461284556,-4.751587760152865
C,4.714746353561471,4.739032147257939,0.011171656920636949,-4.739018979369658
C,4.717889517797178,4.726315364733592,0.02599714339192566,-4.726243865423397
C,4.721032682032885,4.71344210468146,0.04074107996584338,-4.713266026715148
C,4.724175846268594,4.700415602950653,0.05540188545722255,-4.700089091873657
C,4.727319010504301,4.687239104363385,0.06997802118722957,-4.686716707677561
C,4.730462174740008,4.673915860987404,0.08446799113836365,-4.673152536999266
C,4.733605338975717,4.660449130432732,0.09887034207529934,-4.65940025677223
C,4.736748503211424,4.64684217417391,0.11318366363217176,-4.645463555983204
C,4.739891667447131,4.633098255898967,0.12740658836693594,-4.631346133691019
C,4.743034831682839,4.619220639886252,0.14153779178334694,-4.6170516970733875
C,4.746177995918547,4.605212589410211,0.15557599232128244,-4.602583959503134
C,4.749321160154254,4.591077365177116,0.16951995131603945,-4.587946638655191
C,4.752464324389962,4.576818223791657,0.18336847292737776,-4.573143454645578
C,4.75560748862567,4.562438416255306,0.1971204040389631,-4.558178128203608
C,4.758750652861377,4.547941186497274,0.2107746341289995,-4.54305437887838
C,4.761893817097085,4.533329769938762,0.22433009511285684,-4.527775923280621
C,4.765036981332793,4.518607392091241,0.23778576115841224,-4.51234647336083
C,4.7681801455685004,4.503777267189362,0.2511406484749447,-4.496769734724612
C,4.771323309804208,4.488842596859044,0.264393815076439,-4.481049404986021
C,4.774466474039916,4.473806568821273,0.277544360520058,-4.465189172159662
C,4.7776096382756235,4.458672355632009,0.29059142562065987,-4.449192713092212
C,4.780752802511331,4.443443113458606,0.30353419214224736,-4.433063691933973
C,4.783895966747038,4.428121980893065,0.3163718824671297,-4.416805758650988
C,4.7870391309827465,4.4127120778023805,0.32910375924372465,-4.400422547578204
C,4.790182295218454,4.397216504216193,0.34172912501381847,-4.3839176760140655
C,4.793325459454161,4.3816383392518725,0.3542473218202137,-4.367294742856854
C,4.7964686236898695,4.365980640077197,0.3666577307955626,-4.3505573272831075
C,4.799611787925577,4.350246440910637,0.3789597717332894,-4.333708987468301
C,4.802754952161284,4.334438752059221,0.39115290264149716,-4.316753259349881
C,4.8058981163969925,4.318560558993991,0.4032366192806591,-4.299693655432861
C,4.8090412806327,4.302614821462953,0.4152104546859845,-4.282533663637933
C,4.812184444868407,4.286604472641326,0.4270739786753431,-4.265276746192096
C,4.8153276091041155,4.270532418318958,0.43882679734352503,-4.247926338561721
C,4.818470773339823,4.25440153612472,0.45046855254371176,-4.230485848427997
C,4.82161393757553,4.238214674787505,0.4619989213570072,-4.212958654704449
C,4.824757101811238,4.221974653433664,0.4734176155507869,-4.1953481065964615
C,4.827900266046946,4.205684260920467,0.4847243810267218,-4.177657522702453
C,4.831043430282653,4.189346255205242,0.4959189972592276,-4.159890190156417
C,4.834186594518361,4.172963362749786,0.5070012767251785,-4.142049363811474
C,4.837329758754069,4.156538277959619,0.517971064325579,-4.124138265464064
C,4.840472922989776,4.140073662657659,0.528828236799986,-4.1061600831183656
C,4.843616087225484,4.123572145591738,0.5395727021344365,-4.088117970290411
C,4.846759251461192,4.1070363219755555,0.55020439896355,-4.070015045351511
C,4.849902415696899,4.090468753062477,0.5607232959675351,-4.051854390910389
C,4.853045579932607,4.073871965751595,0.5711293912648189,-4.0336390532334745
C,4.856188744168315,4.057248452225555,0.5814227118009104,-4.015372041702828
C,4.859331908404022,4.0406006696194785,0.5916033127341778,-3.997056328311039
C,4.86247507263973,4.023931039720374,0.6016712768192046,-3.9786948471924606
C,4.865618236875437,4.007241948696482,0.611626713788283,-3.9602904941902084
C,4.868761401111145,3.990535746855796,0.6214697597316851,-3.941846126458133
C,4.871904565346853,3.973814748433229,0.6312005764772636,-3.923364562097208
C,4.87504772958256,3.957081231405622,0.6408193509699804,-3.904848579825477
C,4.878190893818268,3.9403374373340525,0.6503262946518572,-3.886300918680986
C,4.881334058053976,3.9235855712326915,0.6597216428428906,-3.867724277756888
C,4.884477222289683,3.9068278014634825,0.6690056541234617,-3.849121315967948
C,4.887620386525391,3.8900662596560256,0.6781786097186732,-3.830494651847757
C,4.890763550761099,3.873303040651948,0.6872408128851084,-3.811846863375894
C,4.893906714996806,3.8565402024729787,0.6961925883004755,-3.7931804878341615
C,4.897049879232514,3.8397797663121223,0.7050342814565188,-3.7744980216912376
C,4.900193043468222,3.8230237165471945,0.7137662580556328,-3.755801920514923
C,4.903336207703929,3.8062740007759492,0.7223889034115857,-3.737094598911132
C,4.9064793719396365,3.7895325298721967,0.730902621854681,-3.7183784304889573
C,4.909622536175345,3.7728011780621227,0.7393078361417461,-3.6996557478509198
C,4.912765700411052,3.7560817830201647,0.7476049868712554,-3.6809288426076874
C,4.9159088646467595,3.739376145983686,0.7557945319039452,-3.662199965416403
C,4.919052028882468,3.7226860318858352,0.7638769457891735,-3.643471326041926
C,4.922195193118175,3.7060131695058502,0.7718527191973288,-3.6247450934401564
C,4.9253383573538825,3.68935925163611,0.7797223583585755,-3.606023395862636
C,4.928481521589591,3.6727259352653188,0.7874863845081431,-3.587308320981736
C,4.931624685825298,3.6561148417771396,0.7951453333384165,-3.568601916035637
C,4.9347678500610055,3.6395275571635515,0.8026997544580589,-3.5499061879922773
C,4.937911014296713,3.622965632252385,0.8101502108583322,-3.531223103731641
C,4.941054178532421,3.6064305829483176,0.8174972783868355,-3.5125545902455464
C,4.9441973427681285,3.5899238904867623,0.824741545228809,-3.4939025348542865
C,4.947340507003836,3.5734470016999214,0.8318836113961888,-3.475268785439278
C,4.950483671239544,3.5570013292945446,0.8389240882245299,-3.4566551506911707
C,4.9536268354752515,3.540588252140681,0.8458635978779306,-3.4380634003725996
C,4.956769999710959,3.5242091155708524,0.8527027728621078,-3.419495265594904
C,4.959913163946667,3.507865231689112,0.8594422555456791,-3.400952439108178
C,4.9630563281823745,3.491557879689424,0.8660826976897744,-3.3824365756039994
C,4.966199492418082,3.475288306182719,0.872624759986061,-3.363949292030072
C,4.96934265665379,3.4590577255322237,0.8790691116032291,-3.345492167916295
C,4.9724858208894975,3.4428673201964486,0.8854164297420025,-3.3270667457115435
C,4.975628985125205,3.426718241079309,0.8916673991987452,-3.308674531130528
C,4.978772149360912,3.410611607886942,0.8978227119376573,-3.290316993510209
C,4.9819153135966205,3.3945485094906673,0.9038830666716251,-3.271995566175115
C,4.985058477832328,3.3785300042956745,0.9098491684517142,-3.253711646811047
C,4.988201642068035,3.3625571206148814,0.9157217282653431,-3.2354665978465262
C,4.9913448063037436,3.3466308570476153,0.9215014626431044,-3.2172617468415394
C,4.994487970539451,3.330752182862637,0.9271890932742406,-3.1990983868830156
C,4.997631134775158,3.3149220383850264,0.9327853466307692,-3.1809777769864493
C,5.000774299010867,3.2991413353866106,0.9382909536002032,-3.1629011425032827
C,5.003917463246574,3.2834109574795,0.9437066491268541,-3.144869675533505
C,5.007060627482281,3.267731760512284,0.9490331718616855,-3.126884535342944
C,5.01020379171799,3.2521045729686127,0.9542712638206483,-3.1089468487848912
C,5.013346955953697,3.2365301963677515,0.9594216700514586,-3.091057710725561
C,5.016490120189404,3.2210094056667193,0.9644851383087732,-3.073218184472912
C,5.019633284425112,3.20554294966376,0.9694624187376706,-3.0554293022085037
C,5.02277644866082,3.190131551402755,0.9743542635653966,-3.037692065421919
C,5.025919612896527,3.1747759085783076,0.9791614268012788,-3.0200074453473955
C,5.029062777132235,3.1594766939411256,0.9838846639447564,-3.002376383402231
C,5.032205941367943,3.1442345557035147,0.9885247317014179,-2.9847997916266875
C,5.03534910560365,3.1290501179446397,0.9930823877069725,-2.967278553124998
C,5.038492269839358,3.1139239810152715,0.997558390259076,-2.949813522507095
C,5.041635434075066,3.098856721941813,1.001953498056892,-2.932405526330817
C,5.044778598310773,3.0838488948293485,1.0062684699483095,-2.9150553635442473
C,5.047921762546481,3.068901031263433,1.0105040646847234,-2.8977638059278426
C,5.051064926782189,3.05401364071047,1.0146610406832572,-2.8805315985361433
C,5.054208091017896,3.039187210916418,1.0187401557963252,-2.8633594601387364
C,5.057351255253604,3.0244222083036134,1.022742167088451,-2.8462480836601936
C,5.060494419489311,3.0097190783655616,1.026667830620202,-2.8291981366187935
C,5.063637583725019,2.9950782460594745,1.0305179012391497,-2.8122102615637323
C,5.066780747960727,2.980500116196397,1.034293132377729,-2.7952850765106234
C,5.069923912196434,2.9659850738287266,1.0379942758579015,-2.7784231753750235
C,5.073067076432142,2.9515334846350196,1.0416220817024895,-2.761625128403838
C,5.07621024066785,2.937145695301909,1.0451772979530654,-2.7448914826043787
C,5.079353404903557,2.9228220339029614,1.0486606704943018,-2.7282227621708395
C,5.082496569139265,2.9085628102744074,1.0520729428846345,-2.7116194689080957
C,5.085639733374973,2.8943683163875855,1.0554148561931347,-2.6950820826526103
C,5.08878289761068,2.8802388267179553,1.0586871488424827,-2.6786110616902556
C,5.091926061846388,2.8661745986106326,1.0618905564579002,-2.662206843170972
C,5.095069226082096,2.8521758726423228,1.065025811721939,-2.6458698435200887
C,5.098212390317803,2.8382428729795017,1.0680936442350064,-2.629600458846119
C,5.1013555545535105,2.8243758077328596,1.0710947803814999,-2.6133990653450057
C,5.104498718789219,2.8105748693078403,1.0740299432014417,-2.5972660197006183
C,5.107641883024926,2.7968402347512593,1.0768998522674855,-2.5812016594814415
C,5.1107850472606335,2.7831720660938717,1.0797052235671918,-2.565206303533295
C,5.113928211496342,2.769570510688903,1.082446769390443,-2.5492802523680647
C,5.117071375732049,2.7560357015464323,1.0851251982218757,-2.5334237885483097
C,5.1202145399677566,2.742567757663571,1.08774121463824,-2.5176371770676402
C,5.123357704203465,2.7291667843504506,1.0902955192105466,-2.5019206657268698
C,5.126500868439172,2.715832873551926,1.092788808410892,-2.4862744855058168
C,5.12964403267488,2.702566104164952,1.095221774523863,-2.470698850930668
C,5.132787196910588,2.689366542351662,1.0975951055623943,-2.4551939604369366
C,5.135930361146295,2.6762342418480713,1.0999094851879656,-2.4397599967278882
C,5.139073525382003,2.663169244268383,1.1021655926350529,-2.424397127128403
C,5.14221668961771,2.650171579404917,1.1043641026396938,-2.4091055039342666
C,5.145359853853418,2.6372412655236124,1.106505685372081,-2.393885264756823
C,5.148503018089126,2.6243783096551256,1.1085910063730715,-2.3787365328629893
C,5.151646182324833,2.6115827078814657,1.1106207264945098,-2.3636594175105468
C,5.154789346560541,2.598854445618233,1.1125955018432574,-2.348654014278775
C,5.157932510796249,2.586193497892427,1.1145159837288288,-2.3337204053943625
C,5.161075675031956,2.573599829615801,1.1163828186145437,-2.3188586600525545
C,5.164218839267664,2.561073395853826,1.118196648072077,-2.304068834733594
C,5.167362003503372,2.5486141420902557,1.1199581087393287,-2.289350973514432
C,5.170505167739079,2.536222004487258,1.1216678322815072,-2.2747051083756484
C,5.173648331974787,2.5238969101412065,1.1233264453553389,-2.260131259503675
C,5.176791496210495,2.5116387773341162,1.1249345695763044,-2.2456294355882913
C,5.179934660446202,2.4994475157806986,1.1264928214888177,-2.2311996341153493
C,5.183077824681909,2.4873230268711457,1.1280018125392548,-2.2168418416548334
C,5.186220988917618,2.475265203909599,1.1294621490517465,-2.202556034144203
C,5.189364153153325,2.4632739323483763,1.1308744322066462,-2.188342177167074
C,5.192507317389032,2.451349090017931,1.1322392580215959,-2.1742002262272084
C,5.195650481624741,2.439490547352637,1.1335572173350972,-2.1601301270179025
C,5.198793645860448,2.427698167612405,1.1348288957925148,-2.1461318156867653
C,5.201936810096155,2.415971807100131,1.1360548738344318,-2.132205219095879
C,5.205079974331864,2.4043113153750704,1.1372357266872726,-2.118350255077444
C,5.208223138567571,2.3927165354621494,1.138372024356124,-2.1045668326848954
C,5.211366302803278,2.3811873040572222,1.1394643316196806,-2.090854852439503
C,5.214509467038987,2.369723451728367,1.1405132080272353,-2.0772142065725507
C,5.217652631274694,2.358324803113238,1.1415192078976475,-2.0636447792630936
C,5.220795795510401,2.3469911771124785,1.1424828803202198,-2.0501464468713038
C,5.223938959746109,2.335722387079306,1.1434047691574125,-2.0367190781675157
C,5.227082123981817,2.324518241005257,1.1442854130493312,-2.023362534556943
C,5.230225288217524,2.3133785417021744,1.14512534541992,-2.0100766703001622
C,5.233368452453232,2.3023030869804355,1.1459250944848023,-1.996861332729351
C,5.23651161668894,2.2912916698235097,1.146685183260696,-1.9837163624603675
C,5.239654780924647,2.2803440785588918,1.1474061295763551,-1.9706415936007262
C,5.242797945160355,2.2694600970254,1.148088446084971,-1.9576368539534434
C,5.245941109396063,2.25863950473696,1.1487326402779754,-1.9447019652168842
C,5.24908427363177,2.247882077042888,1.149339214500194,-1.9318367431806251
C,5.252227437867478,2.2371875852846905,1.1499086659662892,-1.9190409979173384
C,5.255370602103186,2.2265557969494907,1.150441486778444,-1.9063145339708198
C,5.2585137663388934,2.2159864758200922,1.1509381639452325,-1.8936571505401736
C,5.261656930574601,2.2054793821217067,1.1513991794016227,-1.881068641660164
C,5.264800094810308,2.195034272665456,1.1518250100300724,-1.8685487963778713
C,5.2679432590460165,2.1846509009886375,1.1522161276826581,-1.8560973989256184
C,5.271086423281724,2.1743290174918446,1.152572999204197,-1.8437142288902832
C,5.274229587517431,2.164068369572942,1.1528960864563167,-1.8313990613789775
C,5.2773727517531395,2.1538687017579985,1.1531858463424236,-1.819151667181215
C,5.280515915988847,2.143729755829204,1.1534427308335333,-1.8069718129275898
C,5.283659080224554,2.1336512709497786,1.153667186994913,-1.7948592612449727
C,5.2868022444602625,2.123632983785999,1.1538596570135067,-1.7828137709083633
C,5.28994540869597,2.1136746286263373,1.1540205782260904,-1.7708350969893851
C,5.293088572931677,2.1037759374977507,1.1541503831481297,-1.7589229910014723
C,5.2962317371673855,2.0939366402792152,1.1542494995032957,-1.7470772010418425
C,5.299374901403093,2.084156464812528,1.1543183502536085,-1.7352974719302863
C,5.3025180656388,2.0744351370103926,1.1543573536301663,-1.7235835453447812
C,5.305661229874508,2.0647723809618976,1.154366923164434,-1.7119351599540626
C,5.308804394110216,2.0551679190353815,1.154347467720053,-1.7003520515471264
C,5.311947558345923,2.0456214719787678,1.1542993915251407,-1.6888339531597742
C,5.315090722581631,2.0361327590173666,1.1542230942050504,-1.6773805951981775
C,5.318233886817339,2.026701497949249,1.1541189708155608,-1.6659917055595928
C,5.321377051053046,2.0173274052382064,1.1539874118764673,-1.6546670097502298
C,5.324520215288754,2.008010196104313,1.1538288034055413,-1.643406231000302
C,5.327663379524462,1.9987495846121972,1.1536435269528404,-1.632209090376365
C,5.330806543760169,1.9895452837570244,1.1534319596353337,-1.6210753068909576
C,5.333949707995877,1.9803970055482207,1.1531944741718185,-1.6100045976095667
C,5.337092872231585,1.9713044610910295,1.152931438918113,-1.598996677755024
C,5.340236036467292,1.9622673606659053,1.152643217902483,-1.588051260809344
C,5.343379200703,1.9532854138057836,1.1523301708613,-1.5771680586130312
C,5.346522364938707,1.9443583293713005,1.1519926532748943,-1.5663467814619545
C,5.349665529174415,1.9354858156239665,1.151631016403583,-1.5555871382017856
C,5.352808693410123,1.9266675802973712,1.1512456073238624,-1.544888836320089
C,5.35595185764583,1.917903330666409,1.1508367689647319,-1.5342515820360498
C,5.359095021881538,1.909192773614616,1.150404840144136,-1.5236750803879464
C,5.362238186117246,1.9005356156996425,1.149950155605512,-1.513159035318389
C,5.365381350352953,1.8919315632168565,1.149473046054407,-1.5027031497573238
C,5.368524514588661,1.8833803222611893,1.1489738381951717,-1.492307125702922
C,5.371667678824369,1.8748815987872074,1.1484528547676942,-1.4819706643003459
C,5.374810843060076,1.866435098667448,1.147910414584165,-1.4716934659184218
C,5.377954007295783,1.858040527749092,1.1473468325658627,-1.4614752302243121
C,5.381097171531492,1.8496975919089682,1.146762419779936,-1.4513156562561784
C,5.384240335767199,1.84140599710696,1.1461574834761772,-1.4412144424939108
C,5.3873835000029064,1.8331654494378011,1.1455323271237627,-1.4311712869279176
C,5.390526664238615,1.8249756551813516,1.144887250447961,-1.421185887126069
C,5.393669828474322,1.8168363208513547,1.1442225494667821,-1.4112579402988044
C,5.3968129927100295,1.8087471532426946,1.1435385165275678,-1.4013871433624192
C,5.399956156945738,1.8007078594772212,1.1428354403434984,-1.3915731930006119
C,5.403099321181445,1.7927181470481657,1.1421136060300217,-1.381815785724316
C,5.4062424854171525,1.7847777238631366,1.1413732951411728,-1.3721146179298067
C,5.409385649652861,1.776886298285798,1.1406147857057982,-1.3624693859551935
C,5.412528813888568,1.7690435791762134,1.1398383522636548,-1.3528797861352884
C,5.4156719781242755,1.7612492759298661,1.1390442659013778,-1.3433455148548603
C,5.418815142359983,1.7535030985154536,1.138232794288322,-1.3338662686003777
C,5.421958306595691,1.74580475751142,1.1374042017122548,-1.3244417440102139
C,5.4251014708313985,1.738153964141288,1.1365587491148892,-1.3150716379233767
C,5.428244635067106,1.7305504303078088,1.1356966941272733,-1.3057556474267782
C,5.431387799302814,1.7229938686259512,1.1348182911049935,-1.2964934699010882
C,5.4345309635385215,1.7154839924547869,1.1339237911632196,-1.287284803065214
C,5.437674127774229,1.7080205159282336,1.1330134422115525,-1.2781293450193836
C,5.440817292009937,1.7006031539847615,1.1320874889886983,-1.2690267942869378
C,5.4439604562456445,1.6932316223960313,1.1311461730969388,-1.2599768498548083
C,5.447103620481352,1.6859056377945114,1.1301897330364126,-1.2509792112127207
C,5.45024678471706,1.678624917700091,1.1292184042391815,-1.2420335783911614
C,5.4533899489527675,1.6713891805457335,1.1282324191031001,-1.2331396519981446
C,5.456533113188475,1.66419814570214,1.1272320070254522,-1.2242971332547554
C,5.459676277424182,1.6570515335015197,1.1262173944363867,-1.2155057240295721
C,5.4628194416598905,1.6499490652604367,1.1251888048321241,-1.2067651268719382
C,5.465962605895598,1.6428904633017707,1.1241464588079297,-1.1980750450441315
C,5.469105770131305,1.635875450975816,1.123090574090869,-1.1894351825524467
C,5.4722489343670135,1.6289037526805357,1.1220213655723155,-1.1808452441772241
C,5.475392098602721,1.6219750938810096,1.1209390453402357,-1.1723049355018644
C,5.478535262838428,1.615089201128047,1.1198438227112166,-1.1638139629407969
C,5.4816784270741366,1.608245802076052,1.1187359042622649,-1.155372033766499
C,5.484821591309844,1.6014446255001138,1.117615493862352,-1.1469788561355483
C,5.487964755545551,1.594685401312351,1.1164827927037166,-1.1386341391137207
C,5.49110791978126,1.5879678605775371,1.1153379993329116,-1.130337592700189
C,5.494251084016967,1.581291735528034,1.1141813096816087,-1.1220889278508355
C,5.497394248252674,1.5746567595780014,1.1130129170971303,-1.1138878565006571
C,5.500537412488382,1.5680626673369793,1.1118330123727476,-1.1057340915853613
C,5.50368057672409,1.5615091946227928,1.110641783777707,-1.0976273470621056
C,5.506823740959797,1.5549960784738321,1.109439417087002,-1.0895673379294413
C,5.509966905195505,1.548523057160711,1.1082260956108916,-1.0815537802464534
C,5.513110069431213,1.5420898701973198,1.1070020002241456,-1.0735863911511394
C,5.51625323366692,1.535696258351312,1.105767309395047,-1.0656648888780458
C,5.519396397902628,1.5293419636539822,1.1045221992141097,-1.0577889927751398
C,5.522539562138336,1.5230267294096276,1.1032668434225534,-1.0499584233200008
C,5.525682726374043,1.5167503002043468,1.1020014134405023,-1.042172902135299
C,5.528825890609751,1.5105124219143224,1.1007260783949326,-1.034432152003593
C,5.531969054845459,1.5043128417135845,1.099441005147344,-1.0267358968814706
C,5.535112219081166,1.4981513080812943,1.098146358321181,-1.0190838619130527
C,5.538255383316874,1.4920275708085118,1.096842300328974,-1.0114757734428408
C,5.541398547552581,1.4859413810045239,1.095528991399233,-1.0039113590279827
C,5.544541711788289,1.479892491102702,1.09420658960307,-0.9963903474499239
C,5.547684876023997,1.4738806548659171,1.092875250880559,-0.9889124687254882
C,5.550828040259704,1.4679056273915199,1.0915351290668391,-0.9814774541173782
C,5.553971204495412,1.4619671651159019,1.0901863759179464,-0.974085036144135
C,5.55711436873112,1.4560650258186627,1.0888291411363973,-0.9667349485895698
C,5.560257532966827,1.4501989686263494,1.0874635723964967,-0.9594269265116426
C,5.563400697202535,1.4443687540158423,1.0860898153693983,-0.9521607062508635
C,5.566543861438243,1.4385741438173514,1.0847080137478984,-0.9449360254381854
C,5.56968702567395,1.4328149012170546,1.0833183092709793,-0.9377526230024126
C,5.572830189909658,1.42709079075938,1.0819208417480883,-0.9306102391771435
C,5.575973354145366,1.4214015783489593,1.0805157490831692,-0.9235086155072677
C,5.579116518381073,1.4157470312522211,1.0791031672984235,-0.9164474948549908
C,5.5822596826167805,1.4101269180986944,1.0776832305578363,-0.9094266214054587
C,5.585402846852489,1.4045410088819827,1.0762560711904405,-0.9024457406719448
C,5.588546011088196,1.3989890749604386,1.0748218197133268,-0.8955045995006371
C,5.5916891753239035,1.3934708890575451,1.0733806048544126,-0.8886029460750177
C,5.594832339559612,1.387986225262012,1.0719325535749533,-0.8817405299198673
C,5.597975503795319,1.382534859027608,1.0704777910918184,-0.8749171019049001
C,5.6011186680310265,1.3771165671726986,1.0690164408995035,-0.8681324142480085
C,5.604261832266735,1.3717311278795539,1.0675486247919177,-0.8613862205181823
C,5.607404996502442,1.3663783206933928,1.0660744628839134,-0.8546782756380742
C,5.6105481607381495,1.361057926521186,1.0645940736325872,-0.8480083358862246
C,5.613691324973858,1.355769727630223,1.0631075738583307,-0.8413761588989688
C,5.616834489209565,1.3505135076464654,1.0616150787656546,-0.8347815036720402
C,5.619977653445273,1.3452890515526525,1.060116701963761,-0.828224130561839
C,5.62312081768098,1.3400961456862246,1.0586125554868968,-0.8217038012864348
C,5.626263981916688,1.3349345777370234,1.057102749814467,-0.8152202789262649
C,5.629407146152396,1.329804136744801,1.0555873938909155,-0.8087733279245619
C,5.632550310388103,1.3247046130965348,1.0540665951453818,-0.8023627140875014
C,5.635693474623811,1.3196357985235545,1.0525404595111247,-0.7959882045840942
C,5.638836638859519,1.3145974860985075,1.0510090914447288,-0.7896495679458334
C,5.641979803095226,1.3095894702321187,1.0494725939450715,-0.7833465740660672
C,5.645122967330934,1.3046115466698167,1.047931068572085,-0.7770789941991608
C,5.648266131566642,1.2996635124881841,1.0463846154652865,-0.7708466009594184
C,5.651409295802349,1.2947451660912555,1.0448333333620978,-0.7646491683197727
C,5.654552460038057,1.2898563072066636,1.0432773196159402,-0.7584864716102657
C,5.657695624273765,1.2849967368816562,1.0417166702141254,-0.7523582875163265
C,5.660838788509472,1.2801662574789492,1.0401514797955205,-0.7462643940768234
C,5.663981952745179,1.2753646726724703,1.0385818416680117,-0.7402045706819423
C,5.667125116980888,1.2705917874429644,1.0370078478257583,-0.734178598070862
C,5.670268281216595,1.2658474080734778,1.0354295889662328,-0.7281862583292549
C,5.673411445452302,1.2611313421447246,1.033847154507066,-0.7222273348865974
C,5.676554609688011,1.2564433985303363,1.032260632602678,-0.7163016125133186
C,5.679697773923718,1.2517833873920172,1.030670110160721,-0.7104088773177882
C,5.682840938159425,1.2471511201745682,1.029075672858305,-0.704548916743122
C,5.685984102395134,1.2425464096008358,1.0274774051580426,-0.6987215195638556
C,5.689127266630841,1.237969069666556,1.0258753903238877,-0.6929264758824627
C,5.692270430866548,1.233418915635104,1.024269710436787,-0.687163577125721
C,5.695413595102257,1.2288957640321594,1.0226604464101348,-0.6814326160409472
C,5.698556759337964,1.2243994326402938,1.021047678005044,-0.6757333866921046
C,5.701699923573671,1.2199297404934595,1.0194314838454186,-0.670065684455761
C,5.704843087809379,1.2154865078714225,1.0178119414328506,-0.6644293060169436
C,5.707986252045087,1.2110695562941138,1.0161891271613293,-0.6588240493648645
C,5.711129416280794,1.2066787085159107,1.014563116331765,-0.6532497137885355
C,5.714272580516502,1.2023137885198545,1.0129339831663384,-0.6477060998722658
C,5.71741574475221,1.197974621511803,1.0113018008226644,-0.6421930094910592
C,5.720558908987917,1.193661033914535,1.0096666414077902,-0.6367102458059158
C,5.723702073223625,1.1893728533617756,1.0080285759920018,-0.6312576132590154
C,5.726845237459333,1.1851099086921904,1.0063876746224742,-0.625834917568827
C,5.72998840169504,1.1808720299433209,1.0047440063367403,-0.6204419657251237
C,5.733131565930748,1.1766590483454729,1.0030976391759974,-0.6150785659839031
C,5.736274730166456,1.1724707963155563,1.0014486401982374,-0.6097445278622319
C,5.739417894402163,1.1683071074508993,0.9997970754912265,-0.6044396621330186
C,5.742561058637871,1.164167816522996,0.9981430101853008,-0.5991637808196909
C,5.745704222873578,1.1600527594712426,0.9964865084660167,-0.5939166971908197
C,5.7488473871092864,1.1559617733966288,0.9948276335866358,-0.5886982257546672
C,5.751990551344994,1.151894696555396,0.9931664478804473,-0.5835081822536704
C,5.755133715580701,1.1478513683526717,0.991503012772942,-0.578346383658859
C,5.7582768798164095,1.1438316293360697,0.9898373887938228,-0.5732126481642171
C,5.761420044052117,1.1398353211892798,0.9881696355888733,-0.5681067951809958
C,5.764563208287824,1.1358622867256096,0.9864998119316588,-0.5630286453319518
C,5.7677063725235325,1.1319123698815317,0.9848279757350944,-0.5579780204455563
C,5.77084953675924,1.1279854157101978,0.9831541840628542,-0.5529547435501493
C,5.773992700994947,1.12408127037494,0.9814784931406407,-0.5479586388680414
C,5.7771358652306555,1.1201997811427544,0.9798009583673041,-0.5429895318095805
C,5.780279029466363,1.116340796377784,0.9781216343258287,-0.5380472489671841
C,5.78342219370207,1.112504165534767,0.9764405747941619,-0.5331316181093134
C,5.786565357937778,1.108689739152499,0.9747578327559201,-0.5282424681744342
C,5.789708522173486,1.1048973688472756,0.9730734604109474,-0.5233796292649313
C,5.792851686409193,1.1011269073063312,0.9713875091857402,-0.5185429326410004
C,5.795994850644901,1.0973782082812742,0.9697000297437398,-0.5137322107145023
C,5.799138014880609,1.0936511265815159,0.9680110719954862,-0.5089472970427964
C,5.802281179116316,1.0899455180677091,0.9663206851086509,-0.5041880263225561
C,5.805424343352024,1.0862612396451659,0.9646289175179238,-0.49945423438354286
C,5.808567507587732,1.0825981492572978,0.9629358169347891,-0.4947457581823788
C,5.811710671823439,1.0789561058790458,0.9612414303571598,-0.49006243579629327
C,5.814853836059147,1.0753349695103211,0.9595458040789003,-0.48540410641684917
C,5.817997000294854,1.071734601169446,0.9578489836992135,-0.48077061034365987
C,5.821140164530562,1.0681548628866029,0.956151014131912,-0.4761617889780885
C,5.82428332876627,1.0645956176972997,0.9544519396145724,-0.47157748481694484
C,5.827426493001977,1.0610567296358229,0.9527518037175566,-0.46701754144615415
C,5.830569657237685,1.057538063728722,0.9510506493529305,-0.46248180353443485
C,5.833712821473393,1.0540394859882949,0.9493485187832575,-0.4579701168269648
C,5.8368559857091,1.0505608634060857,0.9476454536302811,-0.45348232813903466
C,5.839999149944808,1.0471020639463948,0.9459414948834894,-0.449018285349705
C,5.843142314180516,1.043662956539813,0.9442366829085785,-0.4445778373954643
C,5.846285478416223,1.0402434110767482,0.9425310574557862,-0.44016083426387
C,5.849428642651931,1.0368432984009914,0.9408246576681353,-0.4357671269872056
C,5.852571806887639,1.0334624903032854,0.9391175220895575,-0.4313965676361343
C,5.855714971123346,1.0301008595149164,0.9374096886729173,-0.42704900931335
C,5.858858135359053,1.0267582797013206,0.9357011947879255,-0.4227243061472382
C,5.862001299594762,1.02343462545571,0.9339920772289498,-0.4184223132855379
C,5.865144463830469,1.020129772292726,0.9322823722227296,-0.4141428868890167
C,5.868287628066176,1.0168435966420963,0.930572115435976,-0.4098858841251391
C,5.871430792301885,1.0135759758423282,0.9288613419828833,-0.40565116316175526
C,5.874573956537592,1.0103267881344185,0.9271500864325373,-0.4014385831607978
C,5.877717120773299,1.0070959126555843,0.9254383828162269,-0.39724800427197965
C,5.880860285009008,1.0038832294330162,0.9237262646346569,-0.3930792876265113
C,5.884003449244715,1.0006886193776645,0.922013764865073,-0.38893229533083284
C,5.8871466134804225,0.9975119642780295,0.9203009159682792,-0.3848068904603437
C,5.890289777716131,0.9943531467939973,0.9185877498955779,-0.3807029370531624
C,5.893432941951838,0.9912120504506889,0.9168742980956067,-0.3766203001038944
C,5.8965761061875455,0.9880885596323382,0.9151605915210934,-0.37255884555741153
C,5.899719270423253,0.984982559576196,0.9134466606355153,-0.36851844030265324
C,5.902862434658961,0.9818939363664574,0.9117325354196723,-0.36449895216644007
C,5.9060055988946685,0.9788225769282274,0.9100182453781794,-0.3605002499073133
C,5.909148763130376,0.9757683690214933,0.9083038195458596,-0.3565222032093762
C,5.912291927366084,0.9727312012351448,0.9065892864940657,-0.3525646826761703
C,5.9154350916017915,0.9697109629810119,0.9048746743369107,-0.34862755982456567
C,5.918578255837499,0.9667075444879335,0.9031600107374198,-0.3447107070786658
C,5.921721420073207,0.963720836795853,0.9014453229135957,-0.34081399776373944
C,5.9248645843089145,0.9607507317499514,0.8997306376444135,-0.33693730610017664
C,5.928007748544622,0.9577971219947933,0.8980159812757211,-0.3330805071974532
C,5.93115091278033,0.9548599009685181,0.8963013797260749,-0.3292434770481303
C,5.9342940770160375,0.9519389628970547,0.8945868584924912,-0.3254260925218746
C,5.937437241251745,0.9490342027883655,0.8928724426561233,-0.3216282313594941
C,5.940580405487452,0.9461455164267237,0.8911581568878636,-0.317849772167006
C,5.9437235697231605,0.9432728003670174,0.8894440254538684,-0.3140905944097236
C,5.946866733958868,0.940415951929093,0.8877300722210164,-0.31035057840637437
C,5.950009898194575,0.9375748691921141,0.8860163206622831,-0.30662960532323064
C,5.9531530624302835,0.9347494509889676,0.8843027938620551,-0.30292755716827713
C,5.956296226665991,0.9319395969006928,0.8825895145213677,-0.2992443167854024
C,5.959439390901698,0.9291452072509435,0.8808765049630746,-0.2955797678486084
C,5.9625825551374065,0.9263661831004811,0.8791637871369478,-0.29193379485625465
C,5.965725719373114,0.9236024262417056,0.8774513826247141,-0.2883062831253298
C,5.968868883608821,0.9208538391932056,0.8757393126450157,-0.2846971187857397
C,5.9720120478445295,0.9181203251943527,0.8740275980583131,-0.28110618877463356
C,5.975155212080237,0.915401788199923,0.8723162593717186,-0.27753338083075557
C,5.978298376315944,0.9126981328747507,0.8706053167437682,-0.2739785834888177
C,5.981441540551652,0.910009264588415,0.8688947899891272,-0.27044168607390867
C,5.98458470478736,0.9073350894099574,0.8671846985832332,-0.26692257869592523
C,5.987727869023067,0.9046755141026387,0.8654750616668837,-0.2634211522440395
C,5.990871033258775,0.9020304461187141,0.8637658980507498,-0.2599372983811826
C,5.994014197494483,0.8993997935942554,0.8620572262198425,-0.25647090953856816
C,5.99715736173019,0.8967834653439984,0.8603490643379121,-0.2530218789102429
C,6.000300525965898,0.8941813708562247,0.8586414302517926,-0.24959010044766033
C,6.003443690201606,0.8915934202876742,0.8569343414956855,-0.24617546885428937
C,6.006586854437313,0.8890195244584975,0.8552278152953914,-0.24277787958025546
C,6.009730018673021,0.8864595948472269,0.8535218685724759,-0.2393972288169995
C,6.012873182908729,0.8839135435857938,0.85181651794839,-0.23603341349197823
C,6.016016347144436,0.8813812834545722,0.8501117797485294,-0.23268633126339178
C,6.019159511380144,0.8788627278774563,0.8484076700062433,-0.22935588051493533
C,6.022302675615851,0.8763577909169696,0.8467042044667867,-0.22604196035058802
C,6.025445839851559,0.8738663872694064,0.8450013985912213,-0.22274447058942715
C,6.028589004087267,0.8713884322600117,0.8432992675602675,-0.2194633117604792
C,6.031732168322974,0.8689238418381808,0.8415978262780972,-0.21619838509758968
C,6.034875332558682,0.8664725325727044,0.8398970893760839,-0.212949592534334
C,6.03801849679439,0.8640344216470391,0.838197071216499,-0.20971683669895658
C,6.041161661030097,0.8616094268546124,0.8364977858961601,-0.2065000209093345
C,6.044304825265805,0.859197466594157,0.8347992472500282,-0.20329904916797756
C,6.047447989501513,0.8567984598650865,0.8331014688547643,-0.20011382615706078
C,6.05059115373722,0.854412326262887,0.8314044640322253,-0.19694425723347747
C,6.053734317972928,0.8520389859745559,0.8297082458529264,-0.19379024842393244
C,6.056877482208636,0.8496783597740656,0.8280128271394496,-0.19065170642006482
C,6.060020646444343,0.8473303690178603,0.8263182204698111,-0.1875285385735944
C,6.0631638106800505,0.8449949356403842,0.8246244381807804,-0.18442065289150616
C,6.066306974915759,0.8426719821496406,0.8229314923711557,-0.18132795803126092
C,6.069450139151466,0.840361431622789,0.8212393949050012,-0.17825036329604196
C,6.0725933033871735,0.83806320770176,0.8195481574148292,-0.17518777863002194
C,6.075736467622882,0.835777234588916,0.8178577913047527,-0.17214011461367018
C,6.078879631858589,0.8335034370427344,0.8161683077535868,-0.16910728245908846
C,6.0820227960942965,0.8312417403735262,0.8144797177179152,-0.16608919400537114
C,6.085165960330005,0.8289920704391811,0.8127920319351094,-0.163085761714002
C,6.088309124565712,0.8267543536409527,0.8111052609263165,-0.1600968986642825
C,6.0914522888014195,0.8245285169192601,0.8094194149993947,-0.15712251854878134
C,6.094595453037128,0.8223144877495329,0.8077345042518213,-0.15416253566882324
C,6.097738617272835,0.8201121941380816,0.8060505385735554,-0.15121686493000647
C,6.1008817815085425,0.8179215646179981,0.804367527649865,-0.14828542183774443
C,6.10402494574425,0.815742528245088,0.8026854809641155,-0.14536812249284423
C,6.107168109979958,0.8135750145938302,0.8010044078005202,-0.14246488358711068
C,6.1103112742156656,0.8114189537533743,0.7993243172468584,-0.1395756223989857
C,6.113454438451373,0.8092742763235538,0.7976452181971483,-0.13670025678920772
C,6.116597602687081,0.8071409134109433,0.7959671193542944,-0.13383870519651003
C,6.119740766922789,0.8050187966249374,0.7942900292326928,-0.1309908866333468
C,6.122883931158496,0.8029078580738612,0.7926139561608053,-0.12815672068164324
C,6.126027095394204,0.8008080303611086,0.7909389082836957,-0.1253361274885806
C,6.129170259629912,0.7987192465813159,0.7892648935655399,-0.12252902776241216
C,6.132313423865619,0.7966414403165519,0.787591919792089,-0.11973534276829925
C,6.135456588101327,0.7945745456325496,0.7859199945731132,-0.11695499432418557
C,6.138599752337035,0.7925184970749601,0.7842491253448063,-0.11418790479669888
C,6.141742916572742,0.7904732296656366,0.7825793193721587,-0.11143399709707569
C,6.144886080808449,0.788438678898946,0.7809105837513003,-0.10869319467712164
C,6.148029245044158,0.7864147807381082,0.7792429254118091,-0.10596542152519617
C,6.151172409279865,0.78440147161157,0.7775763511189968,-0.10325060216223093
C,6.154315573515572,0.7823986884093932,0.7759108674761505,-0.10054866163776763
C,6.157458737751281,0.7804063684796843,0.7742464809267579,-0.09785952552603239
C,6.160601901986988,0.7784244496250449,0.7725831977566954,-0.09518311992203729
C,6.163745066222695,0.7764528700990503,0.7709210240963887,-0.09251937143770397
C,6.166888230458404,0.7744915686027554,0.7692599659229447,-0.08986820719802113
C,6.170031394694111,0.7725404842812327,0.7676000290622584,-0.08722955483723069
C,6.173174558929818,0.7705995567201255,0.7659412191910825,-0.08460334249503379
C,6.176317723165527,0.7686687259422403,0.7642835418390792,-0.08198949881283213
C,6.179460887401234,0.7667479324041594,0.7626270023908399,-0.07938795292999587
C,6.182604051636941,0.764837116992881,0.7609716060878788,-0.07679863448015281
C,6.185747215872649,0.7629362210224864,0.7593173580306001,-0.07422147358751155
C,6.188890380108357,0.7610451862308313,0.7576642631802374,-0.07165640086320739
C,6.192033544344064,0.7591639547762689,0.7560123263607728,-0.06910334740167975
C,6.195176708579772,0.7572924692343884,0.7543615522608206,-0.0665622447770685
C,6.19831987281548,0.7554306725947897,0.7527119454354957,-0.06403302503964388
C,6.201463037051187,0.7535785082578773,0.7510635103082514,-0.061515620712262464
C,6.204606201286895,0.751735920031682,0.7494162511726944,-0.05900996478684338
C,6.207749365522603,0.7499028521287056,0.7477701721943748,-0.056515990720876694
C,6.21089252975831,0.748079249162797,0.7461252774125576,-0.05403363243395819
C,6.214035693994018,0.7462650561460411,0.7444815707419582,-0.051562824304343134
C,6.217178858229726,0.7444602184856839,0.742839055974468,-0.04910350116553269
C,6.220322022465433,0.7426646819810769,0.7411977367808498,-0.04665559830288539
C,6.223465186701141,0.7408783928206468,0.7395576167124134,-0.044219051450248195
C,6.226608350936848,0.7391012975788879,0.7379186992026658,-0.04179379678661939
C,6.229751515172556,0.7373333432133797,0.7362809875689426,-0.03937977093283273
C,6.232894679408264,0.7355744770618331,0.7346444850140188,-0.036976910948270686
C,6.236037843643971,0.7338246468391474,0.7330091946276908,-0.0345851543275954
C,6.239181007879679,0.7320838006345051,0.731375119388346,-0.03220443899751086
C,6.242324172115387,0.7303518869084814,0.7297422621645068,-0.02983470331354926
C,6.245467336351094,0.7286288544901801,0.7281106257163548,-0.027475886056876002
C,6.2486105005868025,0.7269146525743909,0.7264802126972347,-0.025127926431124735
C,6.25175366482251,0.7252092307187731,0.724851025655141,-0.022790764059256587
C,6.254896829058217,0.7235125388410554,0.7232230670341783,-0.020464338980437338
C,6.258039993293925,0.7218245272162641,0.7215963391760074,-0.018148591646945007
C,6.261183157529633,0.7201451464739722,0.7199708443212729,-0.01584346292109717
C,6.26432632176534,0.7184743475955693,0.7183465846110073,-0.013548894072205612
C,6.267469486001048,0.7168120819115544,0.7167235620880194,-0.011264826773547886
C,6.270612650236756,0.7151583010988507,0.7151017786982635,-0.008991203099367897
C,6.273755814472463,0.7135129571781447,0.7134812362921936,-0.006727965521899509
C,6.276898978708171,0.7118760025112388,0.7118619366260903,-0.004475056908407204
C,6.280042142943879,0.710247389798435,0.7102438813633806,-0.00223242051825539
C,6.283185307179586,0.7086270720759341,0.7086270720759341,-1.735635751213907e-16
D,0.0,1.2623727477480273,1.2623727477480273,0.0
D,0.003143164235707647,1.255618949173392,1.2556127467464635,0.003946610076300984
D,0.006286328471415294,1.2489219098177462,1.248897232497425,0.007851081650279769
D,0.009429492707122941,1.2422810334033514,1.2422258048968704,0.01171390635189319
D,0.012572656942830588,1.235695730988564,1.2355980680110057,0.015535569214911926
D,0.015715821178538234,1.229165420869089,1.2290136300317183,0.01931654877412244
D,0.018858985414245882,1.222689528480587,1.2224721032323869,0.023057317161034187
D,0.022002149649953527,1.2162674863025953,1.2159731039240447,0.026758340198113927
D,0.025145313885661175,1.2098987337637541,1.2095162524119065,0.03042007749156853
D,0.028288478121368824,1.2035827171483375,1.2031011729522727,0.034042982522698155
D,0.03143164235707647,1.1973188895040539,1.196727493709798,0.037627502737840504
D,0.03457480659278411,1.1911067105511057,1.1903948467151257,0.04117407963692721
D,0.037717970828491765,1.1849456465925137,1.1841028678229122,0.04468314886067348
D,0.04086113506419941,1.178835170425654,1.1778511966702072,0.048155140276420684
D,0.044004299299907054,1.172774761255032,1.1716394766352252,0.05159047806265298
D,0.047147463535614706,1.1667639046062497,1.1654673547964864,0.0549895807922075
D,0.05029062777132235,1.1608020922411608,1.159334481892332,0.058352861514197545
D,0.053433792007029995,1.1548888220742124,1.1532405122808282,0.061680727834669526
D,0.05657695624273765,1.1490235980899317,1.1471851039000378,0.06497358199601136
D,0.05972012047844529,1.14320593026157,1.1411679182286754,0.06823182095513275
D,0.06286328471415294,1.1374353344708712,1.1351886202471384,0.0714558364604352
D,0.06600644894986059,1.1317113324289558,1.1292468783989151,0.07464601512759082
D,0.06914961318556823,1.1260334515983164,1.1233423645523732,0.07780273851414835
D,0.07229277742127588,1.1204012251158917,1.1174747539629222,0.08092638319298415
D,0.07543594165698353,1.114814191717216,1.1116437252355464,0.08401732082461583
D,0.07857910589269117,1.109271895661638,1.1058489602877264,0.08707591822839739
D,0.08172227012839882,1.1037738866585716,1.100090144312715,0.09010253745261117
D,0.08486543436410647,1.098319719794793,1.0943669657432031,0.09309753584347603
D,0.08800859859981411,1.0929089554627498,1.0886791162153473,0.09606126611308695
D,0.09115176283552176,1.0875411592898725,1.083026290533163,0.09899407640630328
D,0.09429492707122941,1.0822159020688882,1.0774081866332974,0.10189631036660278
D,0.09743809130693705,1.0769327596891014,1.071824505550157,0.10476830720091626
D,0.1005812555426447,1.0716913130686523,1.0662749513814076,0.10761040174346062
D,0.10372441977835235,1.0664911480877173,1.0607592312538319,0.11042292451858401
D,0.10686758401405999,1.0613318555226523,1.0552770552895463,0.11320620180264013
D,0.11001074824976764,1.0562130309810687,1.0498281365725837,0.11596055568490692
D,0.1131539124854753,1.0511342748378167,1.0444121911158268,0.11868630412756392
D,0.11629707672118293,1.0460951921718704,1.0390289378282929,0.12138376102474331
D,0.11944024095689058,1.0410953927041084,1.03367809848278,0.1240532362606706
D,0.12258340519259824,1.0361344907359633,1.0283593976838525,0.1266950357669071
D,0.12572656942830587,1.0312121050889431,1.0230725628361819,0.12930946157871087
D,0.12886973366401352,1.026327859045003,1.017817324113229,0.13189681189052854
D,0.13201289789972118,1.021481380287753,1.0125934144262658,0.13445738111063146
D,0.13515606213542883,1.0166723008445053,1.007400569393745,0.1369914599149122
D,0.13829922637113645,1.011900257029129,1.0022385273109973,0.13949933529985145
D,0.1414423906068441,1.007164889385718,0.9971070291202737,0.1419812906346717
D,0.14458555484255176,1.0024658426330508,0.9920058183811115,0.1444376057126881
D,0.1477287190782594,0.997802765609832,0.9869346412410323,0.1468685568018707
D,0.15087188331396706,0.993175311220712,0.9818932464065713,0.14927441669463087
D,0.1540150475496747,0.9885831363830626,0.9768813851146249,0.15165545475684317
D,0.15715821178538233,0.9840259019745042,0.9718988111041199,0.15401193697611523
D,0.16030137602109,0.9795032727811797,0.9669452805880093,0.15634412600931955
D,0.16344454025679764,0.9750149174467454,0.9620205522255711,0.15865228122939462
D,0.1665877044925053,0.9705605084220952,0.9571243870950333,0.16093665877143293
D,0.16973086872821294,0.966139721915783,0.9522565486665003,0.1631975115780619
D,0.1728740329639206,0.961752237845148,0.9474168027751894,0.16543508944413216
D,0.17601719719962822,0.9573977397881291,0.9426049175949738,0.16764963906072372
D,0.17916036143533587,0.9530759149357558,0.937820663612224,0.16984140405847997
D,0.18230352567104352,0.9487864540453116,0.9330638135999528,0.17201062505028195
D,0.18544668990675117,0.9445290513941537,0.9283341425922526,0.1741575396732716
D,0.18858985414245882,0.9403034047341813,0.9236314278590247,0.1762823826302355
D,0.19173301837816648,0.9361092152469507,0.9189554488810068,0.17838538573035995
D,0.1948761826138741,0.9319461874994154,0.9143059873250795,0.1804667779293658
D,0.19801934684958175,0.9278140294002881,0.9096828270198604,0.18252678536903397
D,0.2011625110852894,0.9237124521570227,0.9050857539315843,0.18456563141613214
D,0.20430567532099705,0.9196411702333915,0.9005145561402557,0.1865835367007503
D,0.2074488395567047,0.9155999013076647,0.8959690238160827,0.1885807191540567
D,0.21059200379241233,0.9115883662313721,0.8914489491961821,0.1905573940454815
D,0.21373516802811998,0.9076062889886458,0.8869541265615556,0.19251377401933958
D,0.21687833226382763,0.9036533966561326,0.8824843522143349,0.1944500691308993
D,0.22002149649953529,0.8997294193634638,0.8780394244552882,0.19636648688190686
D,0.22316466073524294,0.8958340902542853,0.8736191435615948,0.19826323225557638
D,0.2263078249709506,0.8919671454478256,0.8692233117648731,0.20014050775105144
D,0.2294509892066582,0.8881283240010066,0.8648517332294697,0.2019985134173492
D,0.23259415344236586,0.8843173678710814,0.860504214031001,0.20383744688679434
D,0.23573731767807352,0.8805340218787931,0.8561805621351445,0.20565750340794986
D,0.23888048191378117,0.8767780336720493,0.8518805873766809,0.20745887587805517
D,0.24202364614948882,0.8730491536901018,0.8476041014387808,0.20924175487497723
D,0.24516681038519647,0.8693471351282273,0.843350917832535,0.21100632868868383
D,0.2483099746209041,0.8656717339028964,0.8391208518767244,0.21275278335224562
D,0.25145313885661175,0.8620227086174314,0.8349137206778278,0.2144813026723756
D,0.2545963030923194,0.858399820528138,0.8307293431102659,0.21619206825951232
D,0.25773946732802705,0.854802833510911,0.8265675397968776,0.2178852595574549
D,0.2608826315637347,0.8512315140282994,0.8224281330896235,0.21956105387255648
D,0.26402579579944235,0.8476856310970321,0.8183109470505202,0.22121962640248322
D,0.26716896003515,0.8441649562559917,0.8142158074327983,0.22286115026454645
D,0.27031212427085766,0.8406692635346319,0.8101425416622801,0.22448579652361353
D,0.2734552885065653,0.8371983294218339,0.8060909788189816,0.22609373421960557
D,0.2765984527422729,0.8337519328351897,0.8020609496189267,0.227685130394587
D,0.27974161697798056,0.8303298550907133,0.7980522863961796,0.229260150119455
D,0.2828847812136882,0.8269318798729677,0.7940648230850871,0.23081895652023401
D,0.28602794544939586,0.8235577932056051,0.7900983952027322,0.23236171080398232
D,0.2891711096851035,0.8202073834223129,0.7861528398315947,0.23388857228431686
D,0.29231427392081116,0.816880441138158,0.782227995602415,0.23539969840656108
D,0.2954574381565188,0.8135767592213273,0.7783237026772625,0.2368952447725237
D,0.29860060239222647,0.810296132765256,0.7744398027328036,0.2383753651649133
D,0.3017437666279341,0.8070383590611377,0.7705761389437664,0.23984021157139399
D,0.30488693086364177,0.8038032375708116,0.766732555966602,0.24128993420828845
D,0.3080300950993494,0.8005905699000223,0.7629088999233382,0.24272468154393448
D,0.311173259335057,0.7974001597720441,0.7591050183856246,0.2441446003216987
D,0.31431642357076467,0.7942318130016687,0.7553207603589671,0.24554983558265595
D,0.3174595878064723,0.7910853374695437,0.751555976267146,0.246940530687935
D,0.32060275204218,0.7879605430968661,0.7478105179368212,0.2483168273407411
D,0.3237459162778876,0.7848572418204176,0.7440842385823179,0.24967886560805608
D,0.3268890805135953,0.7817752475679421,0.7403769927905928,0.2510267839420243
D,0.3300322447493029,0.7787143762338571,0.7366886365063774,0.25236071920102704
D,0.3331754089850106,0.7756744456552944,0.7330190270174967,0.2536808066704511
D,0.33631857322071823,0.7726552755884686,0.7293680229403615,0.2549871800831574
D,0.3394617374564259,0.7696566876853643,0.7257354842056335,0.25627997163965266
D,0.34260490169213353,0.7666785054707399,0.7221212720440566,0.2575593120279695
D,0.3457480659278412,0.7637205543194415,0.7185252489724578,0.25882533044325956
D,0.3488912301635488,0.7607826614340267,0.7149472787799137,0.2600781546071051
D,0.35203439439925643,0.7578646558226861,0.7113872265140772,0.2613179107865506
D,0.3551775586349641,0.7549663682774674,0.7078449584676691,0.26254472381286265
D,0.35832072287067174,0.7520876313527899,0.7043203421651274,0.2637587171000189
D,0.3614638871063794,0.7492282793442487,0.7008132463494124,0.26496001266293256
D,0.36460705134208704,0.7463881482677054,0.69732354096897,0.26614873113541515
D,0.3677502155777947,0.7435670758386583,0.6938510971648466,0.2673249917878829
D,0.37089337981350234,0.740764901451891,0.6903957872579578,0.2684889125448098
D,0.37403654404921,0.7379814661613912,0.6869574847365033,0.2696406100019307
D,0.37717970828491765,0.7352166126605407,0.6835360642435336,0.2707801994432007
D,0.3803228725206253,0.7324701852625712,0.6801314015646615,0.27190779485751176
D,0.38346603675633295,0.7297420298812769,0.6767433736159162,0.2730235089551721
D,0.38660920099204055,0.7270319940119895,0.6733718584317437,0.27412745318415144
D,0.3897523652277482,0.7243399267128032,0.6700167351531447,0.27521973774609604
D,0.39289552946345585,0.7216656785860524,0.6666778840159536,0.2763004716121166
D,0.3960386936991635,0.7190091017600332,0.6633551863392549,0.2773697625383528
D,0.39918185793487115,0.7163700498709694,0.6600485245139335,0.2784277170813181
D,0.4023250221705788,0.7137483780452175,0.6567577819913624,0.2794744406130278
D,0.40546818640628646,0.7111439428817068,0.6534828432722196,0.280510037335914
D,0.4086113506419941,0.7085566024346123,0.6502235938954375,0.2815346102975306
D,0.41175451487770176,0.7059862161962582,0.6469799204272823,0.2825482614050518
D,0.4148976791134094,0.7034326450802443,0.6437517104505583,0.28355109143956647
D,0.41804084334911706,0.7008957514047968,0.6405388525539418,0.2845432000701727
D,0.42118400758482466,0.6983753988763391,0.6373412363214365,0.28552468586787505
D,0.4243271718205323,0.6958714525732762,0.6341587523219527,0.2864956463192864
D,0.42747033605623996,0.6933837789299955,0.6309912920990103,0.28745617784014027
D,0.4306135002919476,0.6909122457210749,0.6278387481605578,0.2884063757886129
D,0.43375666452765527,0.6884567220456992,0.624701013968913,0.28934633447846053
D,0.4368998287633629,0.6860170783122806,0.6215779839308186,0.2902761471919745
D,0.44004299299907057,0.6835931862232806,0.6184695533876158,0.2911959061927551
D,0.4431861572347782,0.6811849187602281,0.6153756186055287,0.29210570273830927
D,0.4463293214704859,0.6787921501689367,0.6122960767660649,0.2930056270924733
D,0.4494724857061935,0.6764147559449106,0.6092308259565248,0.2938957685376632
D,0.4526156499419012,0.6740526128189442,0.6061797651606228,0.2947762153869572
D,0.45575881417760883,0.6717055987429058,0.6031427942492159,0.2956470549960098
D,0.4589019784133164,0.6693735928757073,0.6001198139711398,0.2965083737748022
D,0.4620451426490241,0.6670564755694564,0.5971107259441512,0.29736025719923215
D,0.46518830688473173,0.6647541283557864,0.5941154326459749,0.2982027898225424
D,0.4683314711204394,0.6624664339323653,0.5911338374054542,0.2990360552865939
D,0.47147463535614703,0.660193276149576,0.5881658443938025,0.2998601363329838
D,0.4746177995918547,0.6579345399973713,0.5852113586159565,0.30067511481401127
D,0.47776096382756233,0.6556901115922972,0.5822702859020302,0.30148107170349375
D,0.48090412806327,0.6534598781646819,0.5793425328988638,0.3022780871074344
D,0.48404729229897764,0.6512437280459921,0.576428007061674,0.30306624027454604
D,0.4871904565346853,0.6490415506563489,0.573526616645796,0.30384560960662926
D,0.49033362077039294,0.646853236492206,0.570638270698524,0.30461627266881186
D,0.4934767850061006,0.6446786771141847,0.5677628790510432,0.3053783061996476
D,0.4966199492418082,0.6425177651350636,0.5649003523104541,0.3061317861210784
D,0.49976311347751584,0.6403703942079236,0.5620506018518888,0.30687678754826186
D,0.5029062777132235,0.6382364590144426,0.5592135398107179,0.3076133847992655
D,0.5060494419489312,0.6361158552533397,0.5563890790748445,0.30834165140462994
D,0.5091926061846388,0.6340084796289674,0.553577133277089,0.3090616601168041
D,0.5123357704203464,0.6319142298400472,0.550777616787658,0.3097734829194514
D,0.5154789346560541,0.6298330045685486,0.5479904447067009,0.3104771910366326
D,0.5186220988917617,0.6277647034687108,0.54521553285695,0.31117285494186425
D,0.5217652631274694,0.6257092271561999,0.5424527977764451,0.3118605443670555
D,0.524908427363177,0.6236664771974071,0.5397021567113407,0.3125403283113259
D,0.5280515915988847,0.6216363560988785,0.5369635276087937,0.3132122750497045
D,0.5311947558345923,0.6196187672968809,0.5342368291099344,0.31387645214171295
D,0.5343379200703,0.6176136151470979,0.5315219805429134,0.31453292643983444
D,0.5374810843060076,0.6156208049144543,0.5288189019160305,0.31518176409786824
D,0.5406242485417153,0.6136402427630707,0.5261275139109393,0.3158230305791755
D,0.5437674127774229,0.6116718357463432,0.5234477378759297,0.31645679066481336
D,0.5469105770131306,0.609715491797146,0.5207794958192853,0.3170831084615619
D,0.5500537412488382,0.6077711197181586,0.5181227104027165,0.3177020474098444
D,0.5531969054845458,0.6058386291723128,0.5154773049348669,0.31831367029154345
D,0.5563400697202535,0.6039179306733586,0.5128432033648924,0.31891803923771267
D,0.5594832339559611,0.6020089355765497,0.5102203302761149,0.31951521573618763
D,0.5626263981916688,0.6001115560694406,0.507608610879743,0.3201052606390951
D,0.5657695624273764,0.5982257051628038,0.5050079710086673,0.3206882341702653
D,0.5689127266630841,0.5963512966816553,0.502418337111323,0.3212641959325451
D,0.5720558908987917,0.5944882452563925,0.4998396362456209,0.32183320491501516
D,0.5751990551344994,0.5926364663140437,0.4972717960729483,0.3223953195001142
D,0.578342219370207,0.5907958760696226,0.4947147448522347,0.32295059747066757
D,0.5814853836059147,0.5889663915175919,0.49216841143408424,0.3234990960168256
D,0.5846285478416223,0.5871479304234327,0.4896327252549757,0.3240408717429109
D,0.5877717120773299,0.5853404113153139,0.48710761633152283,0.3245759806741756
D,0.5909148763130376,0.5835437534758692,0.4845930152548029,0.32510447826347194
D,0.5940580405487452,0.5817578769340711,0.4820888531847457,0.3256264193978347
D,0.5972012047844529,0.5799827024572067,0.47959506184458495,0.32614185840497917
D,0.6003443690201605,0.5782181515429512,0.4771115735153729,0.3266508490597141
D,0.6034875332558682,0.5764641464115372,0.4746383210305528,0.3271534445902719
D,0.6066306974915758,0.5747206099980228,0.472175237770595,0.3276496976845568
D,0.6097738617272835,0.5729874659446503,0.4697222576576889,0.328139660496313
D,0.6129170259629911,0.5712646385933007,0.46727931515049587,0.3286233846512113
D,0.6160601901986988,0.5695520529780388,0.464846345238959,0.32910092125286017
D,0.6192033544344064,0.5678496348177493,0.4624232834391702,0.3295723208887362
D,0.622346518670114,0.5661573105088616,0.46001006578829323,0.33003763363604116
D,0.6254896829058217,0.5644750071181646,0.45760662883954395,0.33049690906748247
D,0.6286328471415293,0.5628026523757057,0.4552129096572243,0.3309501962569794
D,0.631776011377237,0.561140174667779,0.4528288458118116,0.33139754378529734
D,0.6349191756129446,0.5594875030299941,0.45045437537510025,0.33183899974560843
D,0.6380623398486523,0.5578445671404324,0.44808943691539865,0.332274611748983
D,0.64120550408436,0.5562112973128843,0.4457339694927778,0.3327044269298099
D,0.6443486683200677,0.5545876244901654,0.44338791265436983,0.33312849195114724
D,0.6474918325557752,0.5529734802375179,0.44105120642972173,0.3335468530100076
D,0.650634996791483,0.5513687967360861,0.4387237913261955,0.3339595558425725
D,0.6537781610271906,0.5497735067764733,0.43640560832442155,0.33436664572934377
D,0.6569213252628983,0.5481875437523748,0.43409659887379975,0.33476816750022875
D,0.6600644894986059,0.5466108416542864,0.43179670488804994,0.33516416553956013
D,0.6632076537343135,0.545043335063289,0.4295058687408106,0.335554683791054
D,0.6663508179700212,0.5434849591449058,0.4272240332612847,0.33593976576270423
D,0.6694939822057288,0.5419356496430348,0.4249511417299341,0.3363194545316158
D,0.6726371464414365,0.5403953428739511,0.42268713787421847,0.33669379274877725
D,0.6757803106771441,0.5388639757203815,0.4204319658643818,0.3370628226437724
D,0.6789234749128518,0.5373414856256492,0.4181855703092833,0.33742658602943426
D,0.6820666391485594,0.5358278105878884,0.4159478962522745,0.3377851243064399
D,0.6852098033842671,0.5343228891543251,0.41371888916711835,0.3381384784678473
D,0.6883529676199747,0.532826660415629,0.41149849495395546,0.3384866891035769
D,0.6914961318556824,0.5313390640003278,0.40928665993531,0.3388297964048356
D,0.69463929609139,0.529860040069291,0.40708333085214166,0.3391678401684871
D,0.6977824603270976,0.5283895293102762,0.4048884548599377,0.33950085980136685
D,0.7009256245628053,0.5269274729325399,0.40270197952484754,0.33982889432454366
D,0.7040687887985129,0.5254738126615126,0.4005238528198589,0.3401519823775284
D,0.7072119530342206,0.5240284907335345,0.3983540231210144,0.34047016222243087
D,0.7103551172699282,0.522591449890654,0.3961924392036681,0.3407834717480642
D,0.7134982815056359,0.5211626333754867,0.39403905023878294,0.3410919484740001
D,0.7166414457413435,0.5197419849261344,0.3918938057892665,0.34139562955457237
D,0.7197846099770512,0.5183294487711622,0.389756655806346,0.34169455178283187
D,0.7229277742127588,0.5169249696246362,0.38762755062598236,0.3419887515944531
D,0.7260709384484665,0.5155284926812166,0.3855064409653209,0.34227826507159165
D,0.7292141026841741,0.5141399636113096,0.3833932779191812,0.3425631279466958
D,0.7323572669198817,0.5127593285562738,0.3812880129565827,0.3428433756062695
D,0.7355004311555894,0.5113865341236832,0.37919059791730764,0.3431190430945909
D,0.738643595391297,0.5100215273826447,0.3771009850085005,0.3433901651173844
D,0.7417867596270047,0.5086642558591693,0.37501912680130206,0.34365677604544825
D,0.7449299238627123,0.5073146675315972,0.37294497622752076,0.34391890991823776
D,0.74807308809842,0.5059727108260745,0.3708784865763368,0.3441766004474046
D,0.7512162523341276,0.5046383346120837,0.368819611491043,0.34442988102029354
D,0.7543594165698353,0.5033114881980236,0.36676830496581775,0.34467878470339625
D,0.7575025808055429,0.5019921213268411,0.36472452134253397,0.34492334424576343
D,0.7606457450412506,0.5006801841717121,0.3626882153075991,0.345163592082375
D,0.7637889092769582,0.4993756273317731,0.36065934188882987,0.3453995603374707
D,0.7669320735126659,0.4980784018278997,0.3586378564523585,0.34563128082783856
D,0.7700752377483735,0.4967884590985354,0.3566237146995726,0.3458587850660657
D,0.7732184019840811,0.49550575099556615,0.35461687266408487,0.3460821042637487
D,0.7763615662197888,0.49423022978024206,0.3526172867087358,0.3463012693346649
D,0.7795047304554964,0.4929618481191469,0.35062491352262753,0.3465163108979068
D,0.7826478946912041,0.491700559080211,0.34863971011818695,0.34672725928097814
D,0.7857910589269117,0.49044631612877165,0.3466616338282614,0.34693414452285243
D,0.7889342231626194,0.4891990731236764,0.34469064230324237,0.34713699637699574
D,0.792077387398327,0.4879587843134307,0.34272669350822005,0.347335844314352
D,0.7952205516340347,0.4867254043323903,0.34076974572016744,0.3475307175262948
D,0.7983637158697423,0.4854988881969945,0.33881975752515237,0.34772164492754076
D,0.80150688010545,0.48427919130204317,0.336876687815579,0.34790865515903147
D,0.8046500443411576,0.4830662694170159,0.3349404957874582,0.34809177659077883
D,0.8077932085768652,0.48186007868243064,0.33301114093770423,0.3482710373246773
D,0.8109363728125729,0.4806605756062457,0.33108858306146094,0.34844646519728323
D,0.8140795370482805,0.47946771706029956,0.3291727822494545,0.3486180877825599
D,0.8172227012839882,0.4782814602767925,0.3272636988853733,0.3487859323945919
D,0.8203658655196958,0.4771017628448066,0.3253612936432747,0.3489500260902653
D,0.8235090297554035,0.47592858270686345,0.3234655274850177,0.3491103956719178
D,0.8266521939911111,0.4747618781555233,0.32157636165772335,0.3492670676899571
D,0.8297953582268188,0.47360160783001853,0.319693757691259,0.3494200684454476
D,0.8329385224625264,0.47244773071292684,0.31781767739574934,0.34956942399266794
D,0.8360816866982341,0.47130020612688056,0.31594808285911274,0.3497151601416378
D,0.8392248509339417,0.4701589937313121,0.3140849364446219,0.34985730246061436
D,0.8423680151696493,0.4690240535192361,0.3122282007884897,0.3499958762785611
D,0.845511179405357,0.4678953458140671,0.3103778387974796,0.35013090668758623
D,0.8486543436410646,0.4667728312664714,0.3085338136465398,0.350262418545353
D,0.8517975078767723,0.465656470851255,0.30669608877646143,0.3503904364774624
D,0.8549406721124799,0.46454622586428457,0.30486462789156055,0.35051498487980687
D,0.8580838363481876,0.46344205791944293,0.30303939495738275,0.35063608792089795
D,0.8612270005838952,0.4623439289456184,0.3012203541984325,0.3507537695441659
D,0.8643701648196029,0.4612518011837254,0.29940747009592283,0.3508680534702326
D,0.8675133290553105,0.4601656371837604,0.2976007073855503,0.35097896319915856
D,0.8706564932910182,0.4590853998018873,0.29580003105528957,0.35108652201266344
D,0.8737996575267258,0.45801105219755656,0.2940054063432127,0.3511907529763209
D,0.8769428217624335,0.4569425578306551,0.2922167987353281,0.35129167894172836
D,0.8800859859981411,0.4558798804586872,0.2904341739634421,0.3513893225486511
D,0.8832291502338487,0.454822984133986,0.28865749800304186,0.3514837062271421
D,0.8863723144695564,0.45377183320095565,0.2868867370711987,0.35157485219963724
D,0.889515478705264,0.45272639229334327,0.28512185762449327,0.3516627824830264
D,0.8926586429409717,0.45168662633154055,0.2833628263569602,0.3517475188907009
D,0.8958018071766793,0.4506525005199141,0.2816096101980544,0.35182908303457666
D,0.898944971412387,0.4496239803441653,0.2798621763106362,0.35190749632709545
D,0.9020881356480946,0.44860103156871844,0.2781204920889776,0.3519827799832021
D,0.9052312998838024,0.44758362023413667,0.27638452515678724,0.3520549550222992
D,0.90837446411951,0.4465717126545668,0.27465424336525596,0.35212404227018035
D,0.9115176283552177,0.44556527541521024,0.27292961479112027,0.3521900623609401
D,0.9146607925909253,0.44456427536982185,0.27121060773474626,0.3522530357388625
D,0.9178039568266328,0.4435686796382363,0.26949719071823164,0.3523129826602895
D,0.9209471210623406,0.4425784556039191,0.26778933248352593,0.3523699231954649
D,0.9240902852980482,0.4415935709115461,0.26608700199057067,0.3524238772303613
D,0.9272334495337559,0.4406139934646071,0.2643901684154562,0.3524748644684831
D,0.9303766137694635,0.43963969142303566,0.26269880114859734,0.3525229044326506
D,0.9335197780051712,0.4386706332008647,0.2610128697929268,0.3525680164667638
D,0.9366629422408788,0.43770678746390623,0.25933234416210627,0.3526102197375454
D,0.9398061064765865,0.43674812312745626,0.25765719427875444,0.3526495332362654
D,0.9429492707122941,0.43579460935402425,0.2559873903726935,0.3526859757804453
D,0.9460924349480018,0.4348462155510857,0.25432290287921083,0.3527195660155427
D,0.9492355991837094,0.4339029113688602,0.2526637024373397,0.35275032241661863
D,0.952378763419417,0.43296466669811157,0.25100975988815505,0.3527782632899844
D,0.9555219276551247,0.43203145166797147,0.24936104627308636,0.3528034067748304
D,0.9586650918908323,0.431103236643787,0.24771753283224712,0.35282577084483724
D,0.96180825612654,0.4301799922249897,0.24607919100277986,0.35284537330976806
D,0.9649514203622476,0.429261689242988,0.24444599241721796,0.3528622318170436
D,0.9680945845979553,0.4283482987590813,0.24281790890186233,0.35287636385329924
D,0.9712377488336629,0.42743979206239596,0.2411949124751745,0.3528877867459247
D,0.9743809130693706,0.4265361406678435,0.23957697534618475,0.35289651766458674
D,0.9775240773050782,0.42563731631409946,0.23796406991291572,0.35290257362273475
D,0.9806672415407859,0.42474329096160385,0.23635616876082086,0.35290597147908964
D,0.9838104057764935,0.42385403679058287,0.2347532446612388,0.3529067279391161
D,0.9869535700122012,0.42296952619909006,0.2331552705698608,0.3529048595564784
D,0.9900967342479088,0.42208973180106996,0.2315622196252149,0.35290038273448066
D,0.9932398984836164,0.4212146264244392,0.22997406514716268,0.35289331372748967
D,0.9963830627193241,0.4203441831091902,0.22839078063541166,0.3528836686423441
D,0.9995262269550317,0.41947837510551333,0.2268123397680416,0.3528714634397463
D,1.0026693911907394,0.4186171758719378,0.225238716400044,0.3528567139356391
D,1.005812555426447,0.4177605590734941,0.22366988456187697,0.35283943580256866
D,1.0089557196621546,0.41690849857989287,0.22210581845803234,0.3528196445710302
D,1.0120988838978624,0.41606096846372437,0.22054649246561714,0.3527973556308008
D,1.01524204813357,0.41521794299867654,0.21899188113294904,0.3527725842322565
D,1.0183852123692776,0.41437939665776985,0.21744195917816336,0.35274534548767517
D,1.0215283766049852,0.41354530411161233,0.2158967014878352,0.352715654372525
D,1.0246715408406928,0.41271564022667123,0.21435608311561313,0.35268352572673917
D,1.0278147050764006,0.4118903800635631,0.21282007928086666,0.3526489742559761
D,1.0309578693121082,0.4110694988753614,0.2112886653673462,0.3526120145328664
D,1.0341010335478158,0.4102529721059211,0.20976181692185503,0.35257266099824563
D,1.0372441977835234,0.4094407753882206,0.20823950965293483,0.35253092796237406
D,1.0403873620192312,0.408632884542721,0.2067217194295624,0.3524868296061429
D,1.0435305262549388,0.4078292755757417,0.20520842227985975,0.35244037998226746
D,1.0466736904906464,0.4070299246778529,0.2036995943898151,0.3523915930164671
D,1.049816854726354,0.406234808222284,0.2021952121020167,0.3523404825086331
D,1.0529600189620618,0.40544390276334896,0.20069525191439805,0.35228706213398225
D,1.0561031831977694,0.40465718503488735,0.1991996904789953,0.35223134544420026
D,1.059246347433477,0.4038746319487207,0.19770850460071523,0.3521733458685702
D,1.0623895116691846,0.4030962205931255,0.19622167123611575,0.3521130767150908
D,1.0655326759048922,0.40232192823132124,0.19473916749219733,0.3520505511715815
D,1.0686758401406,0.4015517322999731,0.19326097062520517,0.35198578230677563
D,1.0718190043763076,0.40078561040771177,0.19178705803944388,0.35191878307140284
D,1.0749621686120152,0.40002354033366533,0.190317407286101,0.35184956629925795
D,1.0781053328477228,0.39926550002600875,0.1888519960620834,0.35177814470826013
D,1.0812484970834306,0.39851146760052614,0.18739080220886317,0.3517045309014996
D,1.0843916613191382,0.39776142133918874,0.18593380371133517,0.35162873736827355
D,1.0875348255548458,0.3970153396887459,0.18448097869668373,0.35155077648511035
D,1.0906779897905534,0.3962732012593318,0.18303230543326124,0.3514706605167837
D,1.0938211540262612,0.3955349848230845,0.18158776232947585,0.35138840161731505
D,1.0969643182619688,0.39480066931278046,0.18014732793269064,0.3513040118309653
D,1.1001074824976764,0.39407023382048134,0.17871098092813145,0.351217503093217
D,1.103250646733384,0.39334365759619533,0.1772787001378057,0.3511288872317442
D,1.1063938109690916,0.39262092004655147,0.17585046451943107,0.35103817596737374
D,1.1095369752047994,0.3919020007334868,0.17442625316537308,0.3509453809150351
D,1.112680139440507,0.39118687937294805,0.17300604530159416,0.3508505135847006
D,1.1158233036762146,0.3904755358336039,0.1715898202866098,0.35075358538231516
D,1.1189664679119222,0.3897679501355727,0.17017755761045647,0.3506546076107172
D,1.12210963214763,0.3890641024491607,0.1687692368936677,0.3505535914705483
D,1.1252527963833376,0.38836397309361415,0.16736483788626008,0.35045054806115417
D,1.1283959606190452,0.38766754253588315,0.16596434046672767,0.3503454883814759
D,1.1315391248547528,0.3869747913893979,0.1645677246410463,0.35023842333093147
D,1.1346822890904604,0.38628570041285715,0.16317497054168667,0.35012936371028824
D,1.1378254533261682,0.3856002505090284,0.16178605842663601,0.35001832022252577
D,1.1409686175618758,0.3849184227235607,0.16040096867842943,0.34990530347369025
D,1.1441117817975834,0.3842401982438077,0.15901968180318876,0.3497903239737389
D,1.147254946033291,0.38356555839766376,0.15764217842967107,0.3496733921373763
D,1.1503981102689989,0.38289448465241105,0.15626843930832535,0.3495545182848817
D,1.1535412745047064,0.38222695861357775,0.15489844531035807,0.349433712642927
D,1.156684438740414,0.38156296202380735,0.15353217742680617,0.349310985345387
D,1.1598276029761216,0.3809024767617399,0.15216961676761945,0.34918634643414054
D,1.1629707672118295,0.38024548484090315,0.15081074456075041,0.34905980585986346
D,1.166113931447537,0.3795919684086155,0.14945554215125303,0.348931373482813
D,1.1692570956832447,0.378941909744899,0.1481039910003885,0.3488010590736043
D,1.1724002599189522,0.37829529126140327,0.14675607268473992,0.34866887231397825
D,1.1755434241546598,0.37765209550034007,0.14541176889533441,0.34853482279756187
D,1.1786865883903677,0.3770123051334279,0.14407106143677303,0.3483989200306203
D,1.1818297526260753,0.3763759029608475,0.14273393222636904,0.3482611734328011
D,1.1849729168617829,0.3757428719102064,0.14140036329329259,0.34812159233787066
D,1.1881160810974905,0.3751131950355151,0.1400703367777243,0.34798018599444325
D,1.1912592453331983,0.3744868555161718,0.1387438349300154,0.3478369635667014
D,1.1944024095689059,0.3738638366559579,0.1374208401098563,0.3476919341351106
D,1.1975455738046135,0.3732441218820427,0.13610133478545108,0.3475451066971246
D,1.200688738040321,0.3726276947439981,0.13478530153270069,0.34739649016788465
D,1.2038319022760289,0.37201453891282243,0.1334727230343924,0.34724609338091084
D,1.2069750665117365,0.3714046381799747,0.13216358207939724,0.3470939250887868
D,1.210118230747444,0.3707979764564166,0.13085786156187346,0.3469399939638364
D,1.2132613949831517,0.3701945377716652,0.12955554448047785,0.3467843085987943
D,1.2164045592188593,0.36959430627285406,0.1282566139375836,0.34662687750746896
D,1.219547723454567,0.3689972662238034,0.12696105313850514,0.34646770912539904
D,1.2226908876902747,0.3684034020041,0.12566884539073,0.3463068118105032
D,1.2258340519259823,0.3678126981081843,0.12437997410315658,0.3461441938437223
D,1.2289772161616899,0.3672251391444483,0.12309442278533962,0.3459798634296561
D,1.2321203803973977,0.36664070983434066,0.1218121750467415,0.3458138286971925
D,1.2352635446331053,0.3660593950114807,0.1205332145959907,0.34564609770013044
D,1.2384067088688129,0.36548117962078147,0.11925752524014596,0.34547667841779695
D,1.2415498731045205,0.3649060487175805,0.11798509088396751,0.3453055787556569
D,1.244693037340228,0.36433398746677914,0.11671589552919431,0.345132806545917
D,1.2478362015759359,0.3637649811419905,0.11544992327382765,0.3449583695481239
D,1.2509793658116435,0.3631990151246949,0.11418715831142119,0.34478227544975504
D,1.254122530047351,0.3626360749034035,0.11292758493037641,0.3446045318668045
D,1.2572656942830587,0.36207614607283056,0.11167118751324519,0.3444251463443623
D,1.2604088585187665,0.3615192143330725,0.11041795053603738,0.34424412635718743
D,1.263552022754474,0.3609652654887961,0.10916785856753566,0.34406147931027614
D,1.2666951869901817,0.3604142854484329,0.1079208962686146,0.3438772125394229
D,1.2698383512258893,0.3598662602233826,0.1066770483915671,0.34369133331177637
D,1.272981515461597,0.3593211759272232,0.10543629977943574,0.34350384882639007
D,1.2761246796973047,0.35877901877492907,0.1041986353653506,0.34331476621476625
D,1.2792678439330123,0.35823977508209615,0.10296404017187173,0.3431240925413953
D,1.28241100816872,0.3577034312641747,0.10173249931033838,0.34293183480428896
D,1.2855541724044275,0.35716997383570903,0.100503997980223,0.3427379999355082
D,1.2886973366401353,0.35663938940958495,0.09927852146849117,0.3425425948016858
D,1.291840500875843,0.3561116646962837,0.09805605514896715,0.3423456262045436
D,1.2949836651115505,0.35558678650314307,0.09683658448170408,0.342147100881404
D,1.298126829347258,0.35506474173362623,0.09562009501236048,0.3419470255056971
D,1.301269993582966,0.3545455173865963,0.09440657237158145,0.34174540668746173
D,1.3044131578186735,0.35402910055559833,0.0931960022743857,0.34154225097384167
D,1.307556322054381,0.35351547842814857,0.09198837051955691,0.34133756484957745
D,1.3106994862900887,0.35300463828502926,0.09078366298904124,0.3411313547374919
D,1.3138426505257965,0.3524965674995908,0.08958186564734912,0.34092362699897155
D,1.3169858147615041,0.35199125353706073,0.08838296454096309,0.34071438793444314
D,1.3201289789972117,0.3514886839538583,0.08718694579774933,0.34050364378384496
D,1.3232721432329193,0.35098884639691635,0.08599379562637546,0.34029140072709346
D,1.326415307468627,0.35049172860300876,0.0848035003157324,0.3400776648845447
D,1.3295584717043347,0.34999731839808507,0.08361604623436145,0.33986244231745244
D,1.3327016359400423,0.3495056036966107,0.08243141982988651,0.3396457390284196
D,1.33584480017575,0.34901657250091334,0.08124960762845018,0.33942756096184673
D,1.3389879644114575,0.34853021290053565,0.08007059623415548,0.3392079140043751
D,1.3421311286471653,0.3480465130715944,0.07889437232851185,0.33898680398532577
D,1.345274292882873,0.3475654612761446,0.07772092266988619,0.33876423667713323
D,1.3484174571185805,0.3470870458615504,0.07655023409295764,0.3385402177957759
D,1.3515606213542881,0.3466112552598616,0.07538229350817795,0.3383147530012013
D,1.3547037855899957,0.3461380779871957,0.07421708790123575,0.33808784789774715
D,1.3578469498257035,0.34566750264312657,0.07305460433252549,0.3378595080345588
D,1.3609901140614111,0.3451995179100774,0.07189482993662091,0.33762973890600073
D,1.3641332782971187,0.34473411255272074,0.07073775192175254,0.3373985459520662
D,1.3672764425328263,0.3442712754173831,0.06958335756928993,0.3371659345587807
D,1.3704196067685341,0.3438109954314556,0.06843163423322805,0.3369319100586023
D,1.3735627710042417,0.3433532616028099,0.06728256933967819,0.3366964777308176
D,1.3767059352399493,0.3428980630192195,0.06613615038636242,0.3364596428019341
D,1.379849099475657,0.3424453888477868,0.06499236494211309,0.3362214104460677
D,1.3829922637113647,0.3419952283343748,0.06385120064637584,0.33598178578532706
D,1.3861354279470723,0.3415475708030447,0.06271264520871737,0.335740773890194
D,1.38927859218278,0.3411024056554984,0.0615766864083364,0.3354983797798993
D,1.3924217564184875,0.34065972237052594,0.06044331209357944,0.33525460842279553
D,1.3955649206541951,0.3402195105034587,0.0593125101814603,0.3350094647367254
D,1.398708084889903,0.339781759685627,0.05818426865718339,0.33476295358938674
D,1.4018512491256105,0.33934645962382326,0.057058575573671506,0.33451507979869416
D,1.4049944133613181,0.3389136000997695,0.05593541905109663,0.3342658481331359
D,1.4081375775970257,0.3384831709695903,0.0548147872764153,0.33401526331212805
D,1.4112807418327336,0.33805516216329023,0.053696668502907524,0.33376333000636443
D,1.4144239060684412,0.33762956368423686,0.052581051049719815,0.33351005283816393
D,1.4175670703041487,0.3372063656086471,0.051467923301411186,0.33325543638181304
D,1.4207102345398563,0.3367855580850799,0.05035727370750376,0.3329994851639057
D,1.4238533987755642,0.3363671313339324,0.04924909078203639,0.3327422036636797
D,1.4269965630112718,0.33595107564694165,0.048143363103122665,0.33248359631334895
D,1.4301397272469794,0.3355373813866898,0.04704007931251151,0.3322236674984333
D,1.433282891482687,0.3351260389861153,0.04593922811515227,0.3319624215580843
D,1.4364260557183945,0.3347170389480271,0.04484079827876295,0.33169986278540786
D,1.4395692199541024,0.33431037184462437,0.04374477863340195,0.3314359954277834
D,1.44271238418981,0.33390602831702043,0.04265115807104366,0.33117082368718065
D,1.4458555484255176,0.33350399907477046,0.04155992554515675,0.33090435172047156
D,1.4489987126612252,0.3331042748954045,0.04047107007028671,0.3306365836397406
D,1.452141876896933,0.3327068466239638,0.039384580721641194,0.3303675235125909
D,1.4552850411326406,0.33231170517254244,0.038300446634679325,0.33009717536244815
D,1.4584282053683482,0.3319188415198319,0.03721865700470346,0.32982554316886
D,1.4615713696040558,0.33152824671067105,0.036139201086455075,0.32955263086779374
D,1.4647145338397634,0.3311399118555996,0.03506206819371354,0.32927844235193054
D,1.4678576980754712,0.3307538281304155,0.03398724769889808,0.32900298147095597
D,1.4710008623111788,0.33036998677573715,0.03291472903267342,0.3287262520318486
D,1.4741440265468864,0.32998837909656886,0.03184450168355779,0.328448257799165
D,1.477287190782594,0.32960899646187064,0.030776555197534836,0.3281690024953218
D,1.4804303550183018,0.32923183030413183,0.02971087917766825,0.3278884898008752
D,1.4835735192540094,0.3288568721189489,0.02864746328371992,0.3276067233547972
D,1.486716683489717,0.32848411346460665,0.027586297231770418,0.3273237067547491
D,1.4898598477254246,0.3281135459616638,0.02652737079384325,0.3270394435573526
D,1.4930030119611324,0.32774516129254205,0.02547067379753175,0.3267539372784575
D,1.49614617619684,0.3273789512011186,0.024416196125629286,0.32646719139340663
D,1.4992893404325476,0.3270149074923233,0.023363927715761814,0.3261792093372988
D,1.5024325046682552,0.3266530220317388,0.02231385856002405,0.32588999450524847
D,1.5055756689039628,0.3262932867452041,0.021265978704618153,0.3255995502526419
D,1.5087188331396706,0.3259356936184228,0.02022027824949539,0.3253078798953929
D,1.5118619973753782,0.325580234696574,0.019176747348000928,0.32501498671019335
D,1.5150051616110858,0.325226902083927,0.01813537620652078,0.32472087393476295
D,1.5181483258467934,0.32487568794345983,0.017096155084132297,0.3244255447680956
D,1.5212914900825012,0.32452658449648064,0.016059074292256968,0.32412900237070297
D,1.5244346543182088,0.3241795840222537,0.015024124194316488,0.3238312498648566
D,1.5275778185539164,0.3238346788576274,0.013991295205390749,0.3235322903348262
D,1.530720982789624,0.3234918613966666,0.012960577791879322,0.323232126827116
D,1.5338641470253318,0.32315112409028834,0.011931962471165224,0.322930762350699
D,1.5370073112610394,0.3228124594459006,0.010905439811281692,0.32262819987724833
D,1.540150475496747,0.32247586002704415,0.009881000430580966,0.3223244423413661
D,1.5432936397324546,0.32214131845303834,0.008858634997406363,0.3220194926408098
D,1.5464368039681622,0.3218088273986298,0.007838334229766621,0.3217133536367174
D,1.54957996820387,0.32147837959364417,0.0068200888950127785,0.321406028153828
D,1.5527231324395776,0.3211499678226413,0.005803889809517999,0.3210975189807024
D,1.5558662966752852,0.3208235849245737,0.004789727838359196,0.3207878288699395
D,1.5590094609109928,0.3204992237924478,0.0037775938950018787,0.32047696053839186
D,1.5621526251467006,0.32017687737298833,0.0027674789409870577,0.3201649166673775
D,1.5652957893824082,0.31985653866630676,0.001759373985621053,0.3198516999028914
D,1.5684389536181158,0.31953820072557104,0.0007532700856670178,0.31953731285581244
D,1.5715821178538234,0.3192218566566798,-0.0002508416549603921,0.3192217581021099
D,1.574725282089531,0.3189074996179393,-0.0012529700854983044,0.3189050381830472
D,1.5778684463252388,0.3185951228197425,-0.0022531240086365346,0.318587155605383
D,1.5810116105609464,0.3182847195242527,-0.0032513121808157804,0.31826811284157114
D,1.584154774796654,0.3179762830450881,-0.004247543312524169,0.31794791232995734
D,1.5872979390323616,0.3176698067470113,-0.005241826068590797,0.31762655647497445
D,1.5904411032680694,0.3173652840456198,-0.006234169068477365,0.31730404764733555
D,1.593584267503777,0.31706270840704104,-0.007224580886567137,0.3169803881842247
D,1.5967274317394846,0.3167620733476289,-0.008213070052452321,0.3166555803894859
D,1.5998705959751922,0.3164633724336639,-0.00919964505121851,0.3163296265338096
D,1.6030137602109,0.31616659928105584,-0.010184314323727314,0.316002528854918
D,1.6061569244466076,0.31587174755504893,-0.011167086266896374,0.31567428955774696
D,1.6093000886823152,0.3155788109699304,-0.012147969233977898,0.3153449108146275
D,1.6124432529180228,0.31528778328874113,-0.013126971534834296,0.3150143947654644
D,1.6155864171537304,0.314998658322989,-0.014104101436212045,0.31468274351791237
D,1.6187295813894382,0.31471142993236556,-0.015079367162013408,0.3143499591475517
D,1.6218727456251458,0.31442609202446453,-0.016052776893565702,0.3140160436980608
D,1.6250159098608534,0.31414263855450364,-0.017024338769889156,0.3136809991813874
D,1.628159074096561,0.3138610635250481,-0.01799406088796197,0.3133448275779171
D,1.6313022383322688,0.31358136098573797,-0.018961951302983792,0.31300753083664135
D,1.6344454025679764,0.31330352503301684,-0.019928018028636665,0.31266911087532223
D,1.637588566803684,0.3130275498098639,-0.02089226903734468,0.31232956958065633
D,1.6407317310393916,0.31275342950552815,-0.02185471226053094,0.31198890880843627
D,1.6438748952750994,0.3124811583552647,-0.022815355588872852,0.3116471303837103
D,1.647018059510807,0.3122107306400748,-0.023774206872555173,0.3113042361009408
D,1.6501612237465146,0.31194214068644693,-0.024731273921521666,0.31096022772416043
D,1.6533043879822222,0.31167538286610097,-0.02568656450572416,0.3106151069871263
D,1.6564475522179298,0.31141045159573494,-0.026640086355370032,0.31026887559347294
D,1.6595907164536376,0.3111473413367736,-0.027591847161167783,0.30992153521686333
D,1.6627338806893452,0.31088604659512004,-0.02854185457457034,0.309573087501138
D,1.6658770449250528,0.31062656192090904,-0.029490116208017173,0.30922353406046243
D,1.6690202091607604,0.31036888190826317,-0.030436639635173898,0.3088728764794733
D,1.6721633733964683,0.3101130011950512,-0.031381432391170395,0.3085211163134223
D,1.6753065376321759,0.3098589144626483,-0.03232450197283668,0.3081682550883184
D,1.6784497018678834,0.30960661643569926,-0.03326585583893766,0.30781429430106916
D,1.681592866103591,0.30935610188188334,-0.03420550141040541,0.3074592354196194
D,1.6847360303392986,0.30910736561168184,-0.03514344607056992,0.30710307988308894
D,1.6878791945750065,0.3088604024781475,-0.0360796971653882,0.30674582910190834
D,1.691022358810714,0.3086152073766764,-0.037014262003671146,0.30638748445795333
D,1.6941655230464217,0.30837177524478177,-0.0379471478573094,0.30602804730467714
D,1.6973086872821292,0.30813010106187033,-0.038878361961496806,0.30566751896724204
D,1.700451851517837,0.3078901798490205,-0.03980791151495255,0.30530590074264846
D,1.7035950157535447,0.30765200666876286,-0.040735803680141125,0.30494319389986313
D,1.7067381799892523,0.30741557662486246,-0.041662045583491354,0.30457939967994513
D,1.7098813442249599,0.3071808848621039,-0.04258664431561301,0.30421451929617127
D,1.7130245084606677,0.30694792656607767,-0.04350960693151222,0.30384855393415894
D,1.7161676726963753,0.3067166969629695,-0.04443094045080478,0.3034815047519883
D,1.7193108369320829,0.30648719131935054,-0.04535065185792844,0.3031133728803221
D,1.7224540011677905,0.3062594049419708,-0.046268748102353055,0.3027441594225247
D,1.725597165403498,0.30603333317755377,-0.047185236098789225,0.30237386545477957
D,1.7287403296392059,0.3058089714125938,-0.04810012272739563,0.3020024920262051
D,1.7318834938749135,0.30558631507315437,-0.049013414833984116,0.30163004015896855
D,1.735026658110621,0.3053653596246697,-0.04992511923022411,0.3012565108483994
D,1.7381698223463287,0.3051461005717473,-0.050835242693844714,0.3008819050631008
D,1.7413129865820365,0.30492853345797266,-0.051743791968835634,0.3005062237450596
D,1.744456150817744,0.30471265386571633,-0.05265077376564621,0.30012946780975475
D,1.7475993150534517,0.3044984574159425,-0.05355619476138356,0.2997516381462648
D,1.7507424792891593,0.30428593976801965,-0.05446006160000856,0.29937273561737404
D,1.753885643524867,0.30407509661953264,-0.0553623808925306,0.298992761059676
D,1.7570288077605747,0.30386592370609783,-0.05626315921720074,0.29861171528367736
D,1.7601719719962823,0.3036584168011786,-0.05716240311970367,0.29822959907389945
D,1.7633151362319899,0.3034525717159039,-0.05806011911334785,0.2978464131889784
D,1.7664583004676975,0.3032483842988879,-0.05895631367925437,0.2974621583617643
D,1.7696014647034053,0.30304585043605176,-0.059850993266544306,0.29707683529941864
D,1.7727446289391129,0.30284496605044753,-0.06074416429252454,0.296690444683511
D,1.7758877931748205,0.302645727102083,-0.06163583314287254,0.29630298717011355
D,1.779030957410528,0.30244812958774925,-0.06252600617181929,0.2959144633898951
D,1.782174121646236,0.30225216954084927,-0.06341468970233101,0.2955248739482133
D,1.7853172858819435,0.3020578430312288,-0.06430189002628928,0.2951342194252057
D,1.788460450117651,0.3018651461650088,-0.0651876134046703,0.2947425003758796
D,1.7916036143533587,0.30167407508441957,-0.06607186606772224,0.2943497173302006
D,1.7947467785890663,0.3014846259676365,-0.06695465421514137,0.29395587079317964
D,1.797889942824774,0.3012967950286176,-0.06783598401624699,0.29356096124495895
D,1.8010331070604817,0.3011105785169435,-0.06871586161015482,0.29316498914089734
D,1.8041762712961893,0.30092597271765736,-0.06959429310594928,0.29276795491165264
D,1.807319435531897,0.3007429739511084,-0.07047128458285423,0.29236985896326495
D,1.8104625997676047,0.30056157857279564,-0.07134684209040258,0.2919707016772367
D,1.8136057640033123,0.30038178297321444,-0.07222097164860428,0.2915704834106134
D,1.81674892823902,0.30020358357770366,-0.07309367924811354,0.2911692044960614
D,1.8198920924747275,0.3000269768462951,-0.07396497085039433,0.29076686524194534
D,1.8230352567104353,0.2998519592735644,-0.07483485238788479,0.2903634659324048
D,1.826178420946143,0.2996785273884835,-0.0757033297641601,0.28995900682742876
D,1.8293215851818505,0.2995066777542748,-0.07657040885409479,0.28955348816292953
D,1.832464749417558,0.2993364069682667,-0.07743609550402293,0.28914691015081523
D,1.8356079136532657,0.2991677116617508,-0.07830039553189769,0.28873927297906127
D,1.8387510778889735,0.2990005884998412,-0.07916331472744943,0.28833057681178065
D,1.8418942421246811,0.2988350341813341,-0.08002485885234249,0.28792082178929296
D,1.8450374063603887,0.2986710454385707,-0.08088503364033124,0.2875100080281924
D,1.8481805705960963,0.29850861903729975,-0.0817438447974142,0.28709813562141434
D,1.8513237348318041,0.2983477517765431,-0.08260129800198765,0.28668520463830116
D,1.8544668990675117,0.29818844048846216,-0.0834573989049974,0.28627121512466686
D,1.8576100633032193,0.29803068203822575,-0.08431215313009018,0.28585616710286005
D,1.860753227538927,0.2978744733238799,-0.08516556627376312,0.2854400605718267
D,1.8638963917746347,0.29771981127621855,-0.08601764390551252,0.28502289550717086
D,1.8670395560103423,0.29756669285865633,-0.08686839156798105,0.28460467186121496
D,1.87018272024605,0.29741511506710255,-0.08771781477710454,0.2841853895630587
D,1.8733258844817575,0.29726507492983645,-0.08856591902225677,0.2837650485186369
D,1.8764690487174651,0.2971165695073842,-0.0894127097663937,0.283343648610776
D,1.879612212953173,0.2969695958923973,-0.09025819244619653,0.2829211896992502
D,1.8827553771888805,0.2968241512095323,-0.09110237247221306,0.2824976716208356
D,1.8858985414245881,0.29668023261533216,-0.09194525522899909,0.282073094189364
D,1.8890417056602957,0.2965378372981086,-0.09278684607525758,0.28164745719577516
D,1.8921848698960035,0.29639696247782665,-0.09362715034397745,0.28122076040816835
D,1.8953280341317111,0.29625760540598944,-0.09446617334257061,0.28079300357185244
D,1.8984711983674187,0.2961197633655257,-0.095303920353009,0.2803641864093955
D,1.9016143626031263,0.2959834336706776,-0.09614039663195939,0.27993430862067253
D,1.904757526838834,0.29584861366689064,-0.09697560741091793,0.2795033698829133
D,1.9079006910745417,0.2957153007307043,-0.09780955789634317,0.2790713698507476
D,1.9110438553102493,0.295583492269645,-0.09864225326978826,0.27863830815625157
D,1.914187019545957,0.29545318572211915,-0.09947369868803219,0.27820418440899053
D,1.9173301837816645,0.29532437855730875,-0.10030389928320983,0.27776899819606277
D,1.9204733480173724,0.2951970682750676,-0.10113286016294096,0.2773327490821413
D,1.92361651225308,0.29507125240581894,-0.10196058641045823,0.2768954366095151
D,1.9267596764887875,0.2949469285104549,-0.10278708308473442,0.27645706029812894
D,1.9299028407244951,0.29482409418023664,-0.10361235522060835,0.2760176196456225
D,1.933046004960203,0.2947027470366961,-0.10443640782890998,0.2755771141273681
D,1.9361891691959106,0.294582884731539,-0.10525924589658417,0.2751355431965082
D,1.9393323334316181,0.2944645049465495,-0.10608087438681421,0.27469290628399096
D,1.9424754976673257,0.2943476053934956,-0.10690129823914361,0.27424920279860554
D,1.9456186619030333,0.2942321838140359,-0.10772052236959724,0.273804432127016
D,1.9487618261387412,0.29411823797962805,-0.10853855167080152,0.2733585936337943
D,1.9519049903744488,0.2940057656914383,-0.10935539101210344,0.27291168666145266
D,1.9550481546101564,0.29389476478025217,-0.11017104523968911,0.27246371053047436
D,1.958191318845864,0.29378523310638616,-0.11098551917670077,0.272014664539344
D,1.9613344830815718,0.29367716855960174,-0.11179881762335332,0.27156454796457674
D,1.9644776473172794,0.2935705690590192,-0.11261094535704941,0.27111336006074654
D,1.967620811552987,0.29346543255303364,-0.11342190713249425,0.2706611000605129
D,1.9707639757886946,0.29336175701923234,-0.11423170768180912,0.27020776717464806
D,1.9739071400244024,0.29325954046431246,-0.11504035171464383,0.2697533605920615
D,1.97705030426011,0.29315878092400094,-0.1158478439182884,0.26929787947982486
D,1.9801934684958176,0.29305947646297503,-0.11665418895778416,0.2688413229831951
D,1.9833366327315252,0.2929616251747842,-0.11745939147603342,0.26838369022563696
D,1.9864797969672328,0.29286522518177344,-0.11826345609390854,0.2679249803088451
D,1.9896229612029406,0.2927702746350073,-0.1190663874103601,0.26746519231276367
D,1.9927661254386482,0.29267677171419604,-0.11986819000252402,0.2670043252956072
D,1.9959092896743558,0.29258471462762153,-0.120668868425828,0.26654237829387833
D,1.9990524539100634,0.2924941016120659,-0.12146842721409701,0.2660793503223863
D,2.002195618145771,0.2924049309327404,-0.12226687087965783,0.2656152403742635
D,2.005338782381479,0.2923172008832156,-0.12306420391344292,0.2651500474209816
D,2.0084819466171866,0.29223090978535327,-0.12386043078509312,0.2646837704123667
D,2.011625110852894,0.29214605598923854,-0.12465555594305965,0.26421640827661336
D,2.014768275088602,0.29206263787311404,-0.12544958381470575,0.2637479599202975
D,2.017911439324309,0.291980653843315,-0.12624251880640636,0.2632784242283896
D,2.021054603560017,0.29190010233420494,-0.1270343653036481,0.26280780006426485
D,2.024197767795725,0.29182098180811356,-0.12782512767112764,0.26233608626971483
D,2.027340932031432,0.29174329075527483,-0.12861481025284954,0.2618632816649565
D,2.03048409626714,0.29166702769376673,-0.12940341737222372,0.2613893850486407
D,2.0336272605028474,0.29159219116945195,-0.13019095333216074,0.2609143951978605
D,2.036770424738555,0.29151877975591994,-0.13097742241516824,0.2604383108681577
D,2.039913588974263,0.29144679205442964,-0.13176282888344443,0.2599611307935286
D,2.0430567532099704,0.29137622669385393,-0.13254717697897236,0.25948285368642976
D,2.046199917445678,0.29130708233062486,-0.1333304709236133,0.25900347823778147
D,2.0493430816813856,0.2912393576486798,-0.1341127149191977,0.25852300311697146
D,2.0524862459170934,0.2911730513594096,-0.1348939131476179,0.2580414269718571
D,2.055629410152801,0.29110816220160635,-0.13567406977091745,0.25755874842876714
D,2.0587725743885086,0.291044688941414,-0.13645318893138156,0.25707496609250213
D,2.0619157386242164,0.2909826303722787,-0.1372312747516262,0.25659007854633403
D,2.065058902859924,0.29092198531490104,-0.13800833133468565,0.25610408435200543
D,2.0682020670956316,0.2908627526171888,-0.13878436276410033,0.2556169820497272
D,2.0713452313313394,0.2908049311542118,-0.1395593731040039,0.2551287701581758
D,2.074488395567047,0.29074851982815625,-0.14033336639920796,0.2546394471744891
D,2.0776315598027546,0.2906935175682821,-0.14110634667528849,0.2541490115742622
D,2.0807747240384624,0.29063992333087973,-0.1418783179386692,0.25365746181154136
D,2.08391788827417,0.290587736099229,-0.14264928417670558,0.2531647963188181
D,2.0870610525098776,0.2905369548835586,-0.14341924935776798,0.25267101350702126
D,2.090204216745585,0.290487578721007,-0.14418821743132307,0.25217611176550947
D,2.093347380981293,0.2904396066755841,-0.14495619232801596,0.25168008946206144
D,2.0964905452170006,0.290393037838134,-0.14572317795975007,0.25118294494286625
D,2.099633709452708,0.2903478713262995,-0.1464891782197674,0.25068467653251286
D,2.102776873688416,0.2903041062844864,-0.14725419698272801,0.2501852825339778
D,2.1059200379241236,0.2902617418838301,-0.1480182381047877,0.2496847612286132
D,2.109063202159831,0.2902207773221626,-0.14878130542367607,0.24918311087613287
D,2.112206366395539,0.2901812118239808,-0.14954340275877373,0.24868032971459808
D,2.115349530631246,0.2901430446404158,-0.15030453391118803,0.24817641596040274
D,2.118492694866954,0.29010627504920306,-0.15106470266382907,0.2476713678082567
D,2.121635859102662,0.2900709023546542,-0.15182391278148413,0.24716518343116944
D,2.124779023338369,0.29003692588762925,-0.15258216801089183,0.24665786098043202
D,2.127922187574077,0.2900043450055101,-0.1533394720808159,0.24614939858559803
D,2.1310653518097844,0.28997315909217514,-0.15409582870211713,0.24563979435446465
D,2.134208516045492,0.28994336755797534,-0.15485124156782634,0.24512904637305202
D,2.1373516802812,0.28991496983971027,-0.15560571435321469,0.2446171527055817
D,2.1404948445169074,0.2898879654006062,-0.15635925071586457,0.24410411139445493
D,2.1436380087526152,0.28986235373029484,-0.1571118542957401,0.24358992046022904
D,2.146781172988323,0.2898381343447934,-0.15786352871525539,0.2430745779015943
D,2.1499243372240304,0.2898153067864849,-0.15861427757934346,0.2425580816953485
D,2.1530675014597382,0.28979387062410095,-0.15936410447552454,0.24204042979637153
D,2.1562106656954456,0.2897738254527038,-0.16011301297397215,0.24152162013759904
D,2.1593538299311534,0.2897551708936711,-0.16086100662758065,0.24100165062999462
D,2.1624969941668613,0.2897379065946804,-0.16160808897203022,0.24048051916252203
D,2.1656401584025686,0.28972203222969584,-0.16235426352585222,0.23995822360211588
D,2.1687833226382764,0.28970754749895455,-0.16309953379049405,0.23943476179365122
D,2.171926486873984,0.28969445212895567,-0.1638439032503821,0.23891013155991359
D,2.1750696511096916,0.2896827458724487,-0.1645873753729856,0.2383843307015661
D,2.1782128153453995,0.2896724285084244,-0.16532995360887845,0.2378573569971178
D,2.181355979581107,0.2896634998421058,-0.16607164139180133,0.23732920820288972
D,2.1844991438168146,0.28965595970494057,-0.16681244213872296,0.23679988205298025
D,2.1876423080525225,0.28964980795459416,-0.16755235924989992,0.23626937625923036
D,2.19078547228823,0.28964504447494466,-0.1682913961089369,0.2357376885111873
D,2.1939286365239377,0.2896416691760777,-0.169029556082846,0.23520481647606722
D,2.197071800759645,0.2896396819942834,-0.1697668425221046,0.234670757798718
D,2.200214964995353,0.28963908289205337,-0.17050325876071382,0.23413551010157949
D,2.2033581292310607,0.2896398718580795,-0.1712388081162552,0.23359907098464464
D,2.206501293466768,0.28964204890725365,-0.17197349388994737,0.23306143802541882
D,2.209644457702476,0.2896456140806679,-0.17270731936670236,0.23252260877887784
D,2.2127876219381832,0.28965056744561635,-0.17344028781517995,0.23198258077742623
D,2.215930786173891,0.2896569090955978,-0.17417240248784333,0.23144135153085355
D,2.219073950409599,0.2896646391503195,-0.17490366662101212,0.23089891852629074
D,2.2222171146453062,0.2896737577557015,-0.17563408343491613,0.23035527922816473
D,2.225360278881014,0.2896842650838829,-0.17636365613374824,0.2298104310781526
D,2.228503443116722,0.2896961613332284,-0.17709238790571605,0.22926437149513507
D,2.2316466073524293,0.28970944672833593,-0.1778202819230932,0.2287170978751483
D,2.234789771588137,0.289724121520046,-0.178547341342271,0.22816860759133573
D,2.2379329358238444,0.2897401859854511,-0.1792735693038074,0.22761889799389845
D,2.2410761000595523,0.2897576404279069,-0.1799989689324776,0.22706796641004465
D,2.24421926429526,0.28977648517704424,-0.18072354333732207,0.22651581014393854
D,2.2473624285309675,0.28979672058878186,-0.18144729561169526,0.22596242647664805
D,2.2505055927666753,0.2898183470453409,-0.18217022883331352,0.22540781266609158
D,2.2536487570023827,0.28984136495525936,-0.18289234606430124,0.22485196594698417
D,2.2567919212380905,0.28986577475340913,-0.1836136503512385,0.22429488353078245
D,2.2599350854737983,0.2898915769010121,-0.18433414472520557,0.2237365626056286
D,2.2630782497095057,0.2899187718856592,-0.1850538322018289,0.22317700033629417
D,2.2662214139452135,0.2899473602213292,-0.18577271578132548,0.22261619386412146
D,2.269364578180921,0.28997734244840934,-0.18649079844854657,0.22205414030696577
D,2.2725077424166287,0.29000871913371623,-0.18720808317302137,0.22149083675913508
D,2.2756509066523365,0.2900414908705187,-0.18792457290899925,0.22092628029133027
D,2.278794070888044,0.2900756582785612,-0.18864027059549213,0.22036046795058342
D,2.2819372351237517,0.2901112220040878,-0.1893551791563162,0.21979339676019502
D,2.2850803993594595,0.2901481827198683,-0.19006930150013204,0.2192250637196714
D,2.288223563595167,0.2901865411252248,-0.19078264052048546,0.21865546580466036
D,2.2913667278308747,0.290226297946059,-0.19149519909584722,0.2180845999668854
D,2.294509892066582,0.290267453934881,-0.1922069800896513,0.21751246313408032
D,2.29765305630229,0.29031000987083955,-0.1929179863503344,0.21693905220992174
D,2.3007962205379977,0.2903539665597524,-0.1936282207113727,0.21636436407396145
D,2.303939384773705,0.2903993248341381,-0.1943376859913195,0.21578839558155707
D,2.307082549009413,0.29044608555324963,-0.19504638499384228,0.21521114356380214
D,2.3102257132451203,0.2904942496031079,-0.19575432050775776,0.21463260482745578
D,2.313368877480828,0.2905438178965368,-0.196461495307068,0.21405277615486992
D,2.316512041716536,0.2905947913732,-0.19716791215099483,0.2134716543039174
D,2.3196552059522433,0.29064717099963744,-0.19787357378401393,0.2128892360079177
D,2.322798370187951,0.29070095776930416,-0.1985784829358889,0.21230551797556188
D,2.325941534423659,0.2907561527026097,-0.19928264232170362,0.21172049689083772
D,2.3290846986593663,0.2908127568469584,-0.19998605464189478,0.21113416941295224
D,2.332227862895074,0.2908707712767911,-0.200688722582284,0.21054653217625402
D,2.3353710271307815,0.2909301970936279,-0.2013906488141083,0.2099575817901551
D,2.3385141913664893,0.29099103542611177,-0.20209183599405134,0.20936731483905052
D,2.341657355602197,0.2910532874300535,-0.2027922867642727,0.20877572788223805
D,2.3448005198379045,0.2911169542884777,-0.20349200375243764,0.20818281745383682
D,2.3479436840736123,0.29118203721166985,-0.20419098957174586,0.2075885800627035
D,2.3510868483093197,0.2912485374372244,-0.2048892468209592,0.20699301219235003
D,2.3542300125450275,0.29131645623009406,-0.20558677808442966,0.20639611030085764
D,2.3573731767807353,0.29138579488264044,-0.20628358593212603,0.20579787082079196
D,2.3605163410164427,0.2914565547146849,-0.20697967291965996,0.20519829015911584
D,2.3636595052521505,0.2915287370735621,-0.20767504158831246,0.20459736469710155
D,2.3668026694878583,0.29160234333417284,-0.20836969446505815,0.2039950907902421
D,2.3699458337235657,0.2916773748990396,-0.20906363406259013,0.20339146476816156
D,2.3730889979592735,0.2917538331983622,-0.2097568628793441,0.20278648293452348
D,2.376232162194981,0.2918317196900747,-0.210449383399521,0.20218014156693964
D,2.3793753264306887,0.29191103585990447,-0.21114119809311052,0.20157243691687682
D,2.3825184906663965,0.2919917832214306,-0.21183230941591252,0.20096336520956257
D,2.385661654902104,0.29207396331614505,-0.21252271980955853,0.2003529226438904
D,2.3888048191378117,0.29215757771351436,-0.21321243170153328,0.19974110539232323
D,2.391947983373519,0.292242628011042,-0.21390144750519402,0.19912790960079654
D,2.395091147609227,0.2923291158343331,-0.21458976961979104,0.19851333138861968
D,2.3982343118449347,0.29241704283715886,-0.215277400430486,0.19789736684837672
D,2.401377476080642,0.2925064107015234,-0.21596434230837055,0.1972800120458259
D,2.40452064031635,0.2925972211377311,-0.21665059761048477,0.19666126301979794
D,2.4076638045520578,0.2926894758844552,-0.21733616867983332,0.19604111578209332
D,2.410806968787765,0.29278317670880766,-0.2180210578454027,0.19541956631737895
D,2.413950133023473,0.2928783254064103,-0.21870526742217736,0.1947966105830824
D,2.4170932972591803,0.29297492380146706,-0.2193887997111545,0.19417224450928708
D,2.420236461494888,0.293072973746837,-0.22007165699935924,0.1935464639986238
D,2.423379625730596,0.29317247712410954,-0.22075384155985875,0.19291926492616362
D,2.4265227899663033,0.2932734358436798,-0.22143535565177538,0.19229064313930808
D,2.429665954202011,0.29337585184482573,-0.22211620152030015,0.1916605944576781
D,2.4328091184377185,0.29347972709578657,-0.22279638139670446,0.1910291146730036
D,2.4359522826734263,0.293585063593842,-0.2234758974983524,0.19039619954900927
D,2.439095446909134,0.293691863365393,-0.2241547520287109,0.18976184482130168
D,2.4422386111448415,0.2938001284660437,-0.224832947177361,0.18912604619725382
D,2.4453817753805493,0.29390986098068456,-0.22551048512000724,0.1884887993558883
D,2.448524939616257,0.2940210630235767,-0.22618736801848677,0.18785009994776075
D,2.4516681038519645,0.29413373673843773,-0.22686359802077805,0.18720994359484067
D,2.4548112680876724,0.2942478842985283,-0.22753917726100875,0.1865683258903915
D,2.4579544323233797,0.2943635079067406,-0.228214107859463,0.18592524239885
D,2.4610975965590876,0.29448060979568746,-0.22888839192258797,0.1852806886557034
D,2.4642407607947954,0.29459919222779335,-0.22956203154299998,0.18463466016736677
D,2.4673839250305027,0.294719257495386,-0.2302350287994897,0.18398715241105776
D,2.4705270892662106,0.29484080792079004,-0.2309073857570273,0.18333816083467075
D,2.473670253501918,0.29496384585642116,-0.23157910446676594,0.18268768085665021
D,2.4768134177376258,0.29508837368488217,-0.23225018696604605,0.18203570786586165
D,2.4799565819733336,0.29521439381906006,-0.23292063527839715,0.1813822372214627
D,2.483099746209041,0.2953419087022245,-0.23359045141354084,0.1807272642527721
D,2.4862429104447488,0.2954709208081275,-0.2342596373673921,0.18007078425913706
D,2.489386074680456,0.2956014326411045,-0.23492819512205979,0.1794127925098008
D,2.492529238916164,0.29573344673617713,-0.23559612664584767,0.17875328424376716
D,2.4956724031518718,0.29586696565915643,-0.23626343389325313,0.17809225466966513
D,2.498815567387579,0.2960019920067483,-0.23693011880496653,0.1774296989656116
D,2.501958731623287,0.2961385284066599,-0.2375961833078696,0.17676561227907234
D,2.505101895858995,0.2962765775177073,-0.23826162931503272,0.17609998972672303
D,2.508245060094702,0.2964161420299249,-0.23892645872571192,0.17543282639430763
D,2.51138822433041,0.296557224664676,-0.23959067342534562,0.17476411733649583
D,2.5145313885661174,0.2966998281747643,-0.24025427528554935,0.17409385757673973
D,2.517674552801825,0.29684395534454794,-0.24091726616411172,0.1734220421071281
D,2.520817717037533,0.2969896089900535,-0.24157964790498776,0.1727486658882407
D,2.5239608812732404,0.29713679195909265,-0.24224142233829302,0.17207372384899988
D,2.527104045508948,0.2972855071313796,-0.24290259128029668,0.17139721088652138
D,2.5302472097446556,0.29743575741864975,-0.24356315653341307,0.17071912186596436
D,2.5333903739803634,0.2975875457647806,-0.244223119886194,0.17003945162037865
D,2.536533538216071,0.29774087514591324,-0.24488248311331914,0.16935819495055224
D,2.5396767024517786,0.29789574857057577,-0.24554124797558627,0.16867534662485606
D,2.5428198666874864,0.2980521690798079,-0.24619941621990102,0.16799090137908765
D,2.545963030923194,0.2982101397472876,-0.24685698957926536,0.16730485391631433
D,2.5491061951589016,0.2983696636794581,-0.24751396977276563,0.1666171989067137
D,2.5522493593946094,0.29853074401565777,-0.24817035850556057,0.16592793098741307
D,2.5553925236303168,0.2986933839282503,-0.24882615746886713,0.16523704476232823
D,2.5585356878660246,0.298857586622757,-0.2494813683399471,0.1645445348019993
D,2.5616788521017324,0.2990233553379907,-0.25013599278209203,0.16385039564342666
D,2.56482201633744,0.2991906933461906,-0.25079003244460785,0.16315462178990456
D,2.5679651805731476,0.2993596039531593,-0.251443488962799,0.1624572077108528
D,2.571108344808855,0.2995300904984009,-0.252096363957951,0.1617581478416483
D,2.574251509044563,0.2997021563552609,-0.2527486590373134,0.1610574365834534
D,2.5773946732802706,0.2998758049310674,-0.25340037579408103,0.1603550683030446
D,2.580537837515978,0.3000510396672746,-0.25405151580737506,0.15965103733263825
D,2.583681001751686,0.3002278640396065,-0.25470208064222327,0.1589453379697147
D,2.5868241659873936,0.3004062815582039,-0.25535207184953956,0.15823796447684252
D,2.589967330223101,0.3005862957677714,-0.2560014909661021,0.15752891108149922
D,2.593110494458809,0.30076791024772725,-0.2566503395145323,0.15681817197589126
D,2.596253658694516,0.3009511286123539,-0.2572986190032709,0.15610574131677293
D,2.599396822930224,0.30113595451095115,-0.25794633092655544,0.15539161322526254
D,2.602539987165932,0.30132239162798985,-0.2585934767643952,0.15467578178665814
D,2.605683151401639,0.30151044368326785,-0.2592400579825461,0.15395824105025088
D,2.608826315637347,0.30170011443206807,-0.2598860760324858,0.15323898502913663
D,2.6119694798730544,0.3018914076653172,-0.2605315323513859,0.15251800770002705
D,2.615112644108762,0.3020843272097468,-0.26117642836208527,0.15179530300305713
D,2.61825580834447,0.30227887692805616,-0.2618207654730616,0.15107086484159343
D,2.6213989725801774,0.3024750607190762,-0.26246454507840244,0.15034468708203855
D,2.624542136815885,0.3026728825179361,-0.26310776855777573,0.14961676355363482
D,2.627685301051593,0.30287234629623055,-0.26375043727639874,0.14888708804826653
D,2.6308284652873004,0.30307345606218966,-0.2643925525850068,0.1481556543202601
D,2.6339716295230082,0.30327621586085035,-0.265034115819822,0.147422456086182
D,2.6371147937587156,0.3034806297742291,-0.2656751283025188,0.1466874870246365
D,2.6402579579944234,0.3036867019214972,-0.26631559134019134,0.1459507407760595
D,2.6434011222301312,0.3038944364591572,-0.2669555062253183,0.14521221094251266
D,2.6465442864658386,0.30410383758122156,-0.26759487423572753,0.14447189108747466
D,2.6496874507015464,0.30431490951939283,-0.26823369663456015,0.1437297747356302
D,2.652830614937254,0.30452765654324593,-0.26887197467023266,0.14298585537265887
D,2.6559737791729616,0.3047420829604122,-0.2695097095763999,0.1422401264450202
D,2.6591169434086694,0.30495819311676514,-0.2701469025719155,0.14149258135973855
D,2.662260107644377,0.30517599139660834,-0.2707835548607924,0.14074321348418534
D,2.6654032718800846,0.30539548222286494,-0.2714196676321629,0.13999201614585896
D,2.6685464361157925,0.30561667005726956,-0.2720552420602364,0.13923898263216422
D,2.6716896003515,0.30583955940056123,-0.27269027930425754,0.1384841061901886
D,2.6748327645872076,0.3060641547926795,-0.27332478050846337,0.13772738002647691
D,2.677975928822915,0.30629046081296124,-0.27395874680203874,0.13696879730680475
D,2.681119093058623,0.3065184820803403,-0.2745921792990719,0.1362083511559488
D,2.6842622572943307,0.3067482232535488,-0.27522507909850824,0.13544603465745633
D,2.687405421530038,0.3069796890313202,-0.27585744728410394,0.1346818408534123
D,2.690548585765746,0.3072128841525952,-0.2764892849243782,0.1339157627442038
D,2.6936917500014532,0.3074478133967285,-0.2771205930725647,0.13314779328828397
D,2.696834914237161,0.3076844815836985,-0.2777513727665622,0.1323779254019322
D,2.699978078472869,0.30792289357431885,-0.278381625028884,0.13160615195901404
D,2.7031212427085762,0.3081630542704517,-0.2790113508666069,0.13083246579073768
D,2.706264406944284,0.3084049686152237,-0.2796405512713187,0.13005685968540875
D,2.7094075711799914,0.3086486415932432,-0.2802692272190647,0.12927932638818376
D,2.7125507354156992,0.3088940782308208,-0.28089737967029466,0.12849985860082022
D,2.715693899651407,0.30914128359619086,-0.28152500956980614,0.12771844898142581
D,2.7188370638871144,0.30939026279973575,-0.2821521178466894,0.12693509014420493
D,2.7219802281228223,0.30964102099421215,-0.2827787054142702,0.12614977465920238
D,2.72512339235853,0.3098935633749798,-0.2834047731700513,0.1253624950520466
D,2.7282665565942374,0.3101478951802319,-0.2840303219956537,0.12457324380368924
D,2.7314097208299453,0.3104040216912283,-0.2846553527567568,0.12378201335014268
D,2.7345528850656526,0.31066194823253074,-0.2852798663030368,0.12298879608221658
D,2.7376960493013605,0.31092168017224003,-0.28590386346810515,0.12219358434525032
D,2.7408392135370683,0.31118322292223594,-0.2865273450694448,0.12139637043884498
D,2.7439823777727756,0.31144658193841934,-0.2871503119083466,0.12059714661659202
D,2.7471255420084835,0.31171176272095646,-0.2877727647698441,0.11979590508579939
D,2.750268706244191,0.3119787708145257,-0.28839470442264675,0.11899263800721692
D,2.7534118704798987,0.3122476118085663,-0.2890161316190733,0.11818733749475709
D,2.7565550347156065,0.3125182913375302,-0.28963704709498284,0.11737999561521573
D,2.759698198951314,0.31279081508113554,-0.2902574515697058,0.11657060438798895
D,2.7628413631870217,0.3130651887646234,-0.2908773457459734,0.1157591557847877
D,2.7659845274227295,0.3133414181590157,-0.29149673030984563,0.1149456417293509
D,2.769127691658437,0.3136195090813768,-0.2921156059306387,0.11413005409715535
D,2.7722708558941447,0.3138994673950772,-0.29273397326085177,0.11331238471512299
D,2.775414020129852,0.31418129901005903,-0.2933518329360911,0.11249262536132684
D,2.77855718436556,0.31446500988310555,-0.29396918557499474,0.11167076776469295
D,2.7817003486012677,0.3147506060181114,-0.2945860317791547,0.11084680360470132
D,2.784843512836975,0.3150380934663567,-0.29520237213303896,0.11002072451108331
D,2.787986677072683,0.31532747832678343,-0.2958182072039119,0.10919252206351643
D,2.7911298413083903,0.3156187667462741,-0.2964335375417535,0.10836218779131773
D,2.794273005544098,0.31591196491993345,-0.2970483636791777,0.10752971317313302
D,2.797416169779806,0.31620707909137225,-0.2976626861313489,0.10669508963662484
D,2.8005593340155133,0.3165041155529944,-0.2982765053958981,0.1058583085581571
D,2.803702498251221,0.3168030806462865,-0.2988898219528375,0.10501936126247671
D,2.806845662486929,0.31710398076210955,-0.29950263626447315,0.1041782390223938
D,2.8099888267226363,0.3174068223409947,-0.300114948775318,0.10333493305845813
D,2.813131990958344,0.31771161187344027,-0.30072675991200204,0.10248943453863261
D,2.8162751551940515,0.31801835590021266,-0.301338070083182,0.10164173457796566
D,2.8194183194297593,0.31832706101264935,-0.30194887967945,0.10079182423825853
D,2.822561483665467,0.31863773385296534,-0.30255918907324036,0.09993969452773196
D,2.8257046479011745,0.31895038111456187,-0.3031689986187351,0.09908533640068877
D,2.8288478121368823,0.31926500954233855,-0.3037783086517692,0.09822874075717337
D,2.8319909763725897,0.31958162593300793,-0.30438711948973285,0.09736989844263015
D,2.8351341406082975,0.3199002371354135,-0.3049954314314741,0.09650880024755643
D,2.8382773048440053,0.3202208500508499,-0.30560324475719874,0.09564543690715493
D,2.8414204690797127,0.3205434716333869,-0.3062105597283697,0.09477979910098185
D,2.8445636333154205,0.3208681088901964,-0.3068173765876051,0.09391187745259191
D,2.8477067975511283,0.32119476888188137,-0.30742369555857446,0.09304166252918167
D,2.8508499617868357,0.321523458722809,-0.30802951684589336,0.09216914484122854
D,2.8539931260225435,0.321854185581447,-0.3086348406350183,0.09129431484212694
D,2.857136290258251,0.3221869566807018,-0.30923966709213746,0.09041716292782251
D,2.8602794544939587,0.3225217792982612,-0.30984399636406285,0.0895376794364413
D,2.8634226187296665,0.3228586607669394,-0.3104478285781186,0.08865585464791788
D,2.866565782965374,0.3231976084750259,-0.3110511638420299,0.087771678783619
D,2.8697089472010817,0.3235386298666368,-0.31165400224380896,0.0868851420059639
D,2.872852111436789,0.32388173244206986,-0.31225634385163986,0.08599623441804277
D,2.875995275672497,0.3242269237581632,-0.3128581887137628,0.08510494606323031
D,2.8791384399082047,0.3245742114286564,-0.31345953685835537,0.0842112669247975
D,2.882281604143912,0.32492360312455576,-0.31406038829341343,0.08331518692551912
D,2.88542476837962,0.32527510657450265,-0.31466074300663033,0.08241669592727788
D,2.8885679326153277,0.32562872956514505,-0.31526060096527386,0.08151578373066623
D,2.891711096851035,0.3259844799415128,-0.31585996211606215,0.08061244007458374
D,2.894854261086743,0.32634236560739666,-0.3164588263850387,0.07970665463583114
D,2.8979974253224503,0.3267023945257298,-0.3170571936774442,0.07879841702870197
D,2.901140589558158,0.32706457471897427,-0.31765506387758835,0.07788771680456905
D,2.904283753793866,0.3274289142695095,-0.3182524368487187,0.07697454345146922
D,2.9074269180295733,0.32779542132002576,-0.31884931243288883,0.0760588863936834
D,2.910570082265281,0.32816410407392055,-0.3194456904508249,0.0751407349913129
D,2.9137132465009885,0.3285349707956986,-0.32004157070178946,0.0742200785398536
D,2.9168564107366963,0.32890802981137607,-0.32063695296344497,0.07329690626976446
D,2.919999574972404,0.32928328950888786,-0.3212318369917144,0.07237120734603424
D,2.9231427392081115,0.3296607583384991,-0.3218262225206409,0.07144297086774336
D,2.9262859034438193,0.33004044481322076,-0.32242010926224585,0.07051218586762201
D,2.9294290676795267,0.3304223575092279,-0.32301349690638376,0.0695788413116056
D,2.9325722319152345,0.33080650506628334,-0.32360638512059775,0.06864292609838474
D,2.9357153961509423,0.3311928961881643,-0.32419877354997095,0.06770442905895313
D,2.9388585603866497,0.3315815396430929,-0.3247906618169774,0.06676333895615033
D,2.9420017246223575,0.33197244426417133,-0.3253820495213308,0.06581964448420063
D,2.9451448888580654,0.3323656189498204,-0.3259729362398315,0.06487333426824915
D,2.9482880530937727,0.3327610726642228,-0.32656332152621137,0.06392439686389281
D,2.9514312173294805,0.33315881443776946,-0.32715320491097705,0.0629728207567072
D,2.954574381565188,0.3335588533675111,-0.32774258590125105,0.06201859436177073
D,2.9577175458008957,0.33396119861761375,-0.3283314639806116,0.06106170602318287
D,2.9608607100366036,0.33436585941981756,-0.32891983860892926,0.06010214401357995
D,2.964003874272311,0.33477284507390137,-0.32950770922220324,0.059139896533645805
D,2.9671470385080188,0.3351821649481502,-0.33009507523239406,0.05817495171161781
D,2.970290202743726,0.33559382847982794,-0.3306819360272556,0.05720729760279042
D,2.973433366979434,0.3360078451756543,-0.33126829097016436,0.05623692218901214
D,2.9765765312151418,0.33642422461228566,-0.33185413939994673,0.05526381337818026
D,2.979719695450849,0.336842976436801,-0.3324394806307046,0.0542879590037299
D,2.982862859686557,0.33726411036719234,-0.33302431395163856,0.05330934682411863
D,2.9860060239222648,0.33768763619285913,-0.333608638626869,0.05232796452230784
D,2.989149188157972,0.3381135637751076,-0.3341924538952549,0.051343799705238426
D,2.99229235239368,0.3385419030476553,-0.33477575897021167,0.05035683990330195
D,2.9954355166293873,0.3389726640171391,-0.33535855303952444,0.04936707256980853
D,2.998578680865095,0.33940585676362933,-0.33594083526516205,0.04837448508044816
D,3.001721845100803,0.3398414914411473,-0.3365226047830864,0.047379064732749276
D,3.0048650093365104,0.3402795782781888,-0.33710386070306064,0.04638079874553146
D,3.008008173572218,0.34072012757825193,-0.3376846021084557,0.04537967425835312
D,3.0111513378079255,0.3411631497203697,-0.33826482805605274,0.04437567833095599
D,3.0142945020436334,0.34160865515964844,-0.3388445375758456,0.04336879794270261
D,3.017437666279341,0.34205665442780964,-0.33942372967083845,0.042359019992011
D,3.0205808305150486,0.34250715813373867,-0.3400024033168431,0.04134633129578298
D,3.0237239947507564,0.34296017696403763,-0.3405805574622732,0.04033071858882764
D,3.026867158986464,0.3434157216835831,-0.34115819102793554,0.039312168523280844
D,3.0300103232221716,0.3438738031360899,-0.34173530290681947,0.03829066766801857
D,3.0331534874578794,0.3443344322446797,-0.342311891963884,0.037266202508065005
D,3.0362966516935868,0.34479762001245484,-0.34288795703584185,0.03623875944399698
D,3.0394398159292946,0.345263377523078,-0.3434634969309416,0.03520832479134095
D,3.0425829801650024,0.34573171594135643,-0.34403851042874656,0.0341748847799669
D,3.0457261444007098,0.3462026465138327,-0.3446129962799119,0.03313842555347549
D,3.0488693086364176,0.34667618056938027,-0.3451869532059585,0.03209893316857978
D,3.052012472872125,0.3471523295198048,-0.3457603798990447,0.031056393594483055
D,3.0551556371078328,0.34763110486045157,-0.34633327502173494,0.030010792712248904
D,3.0582988013435406,0.3481125181708177,-0.3469056372067662,0.028962116314167986
D,3.061441965579248,0.34859658111517067,-0.34747746505681076,0.027910350103117747
D,3.064585129814956,0.34908330544317323,-0.3480487571442381,0.026855479691916515
D,3.0677282940506636,0.3495727029905129,-0.3486195120108717,0.025797490602673178
D,3.070871458286371,0.3500647856795383,-0.3491897281677448,0.024736368266129807
D,3.074014622522079,0.35055956551990153,-0.34975940409485257,0.02367209802099848
D,3.077157786757786,0.35105705460920583,-0.3503285382409015,0.022604665113293693
D,3.080300950993494,0.3515572651336604,-0.3508971290230561,0.021534054695656654
D,3.083444115229202,0.35206020936874044,-0.3514651748266823,0.02046025182667579
D,3.086587279464909,0.35256589967985386,-0.3520326740050882,0.019383241470199764
D,3.089730443700617,0.3530743485230149,-0.3525996248792621,0.018303008494644377
D,3.0928736079363244,0.35358556844552247,-0.3531660257376064,0.017219537672294775
D,3.096016772172032,0.354099572086647,-0.35373187483567003,0.01613281367859925
D,3.09915993640774,0.354616372178322,-0.3542971703958762,0.015042821091458962
D,3.1023031006434474,0.35513598154584314,-0.35486191060724825,0.013949544390509843
D,3.105446264879155,0.355658413108574,-0.35542609362513167,0.012852967956398067
D,3.108589429114863,0.35618367988065797,-0.35598971757091336,0.011753076070050446
D,3.1117325933505704,0.3567117949717373,-0.3565527805317368,0.01064985291193691
D,3.114875757586278,0.35724277158767903,-0.3571152805602153,0.009543282561326374
D,3.1180189218219856,0.3577766230313074,-0.3576772156741406,0.008433348995537503
D,3.1211620860576934,0.35831336270314407,-0.3582385838561893,0.007320036089180418
D,3.1243052502934012,0.3588530041021544,-0.3587993830536248,0.00620332761339393
D,3.1274484145291086,0.35939556082650126,-0.35935961117799625,0.0050832072350743595
D,3.1305915787648164,0.35994104657430664,-0.3599192661048351,0.003959658516097415
D,3.133734743000524,0.36048947514441954,-0.3604783456733461,0.0028326649125346515
D,3.1368779072362316,0.36104086043719175,-0.36103684768609634,0.0017022097738604647
D,3.1400210714719394,0.36159521645526116,-0.3615947699087006,0.0005682763421543504
D,3.143164235707647,0.36215255730434187,-0.3621521100695016,-0.0005691522487056636
D,3.1463073999433546,0.36271289719402333,-0.3627088658592493,-0.0017100929738568698
D,3.149450564179062,0.363276250438575,-0.3632650349307732,-0.00285456291827149
D,3.15259372841477,0.363842631457761,-0.3638206148986541,-0.004002579277586133
D,3.1557368926504776,0.36441205477766087,-0.3643756033388893,-0.0051541593589363435
D,3.158880056886185,0.3649845350314991,-0.3649299977885562,-0.0063093205818003555
D,3.162023221121893,0.3655600869604827,-0.36548379574547085,-0.007468080478850511
D,3.1651663853576006,0.36613872541464587,-0.3660369946678422,-0.008630456696810949
D,3.168309549593308,0.3667204653537044,-0.36658959197392366,-0.0097964669973246
D,3.171452713829016,0.3673053218479169,-0.36714158504165995,-0.010966129257828052
D,3.174595878064723,0.36789331007895465,-0.36769297120832917,-0.012139461472432778
D,3.177739042300431,0.3684844453407812,-0.3682437477701828,-0.013316481752816906
D,3.180882206536139,0.3690787430405379,-0.368793911982079,-0.0144972083291226
D,3.184025370771846,0.3696762186994405,-0.36934346105711335,-0.015681659550863383
D,3.187168535007554,0.3702768879536836,-0.3698923921662457,-0.016869853887839757
D,3.1903116992432614,0.3708807665553526,-0.37044070243792077,-0.018061809931061514
D,3.1934548634789692,0.37148787037334713,-0.3709883889576869,-0.0192575463936811
D,3.196598027714677,0.37209821539431054,-0.3715354487678078,-0.02045708211193297
D,3.1997411919503844,0.37271181772357087,-0.37208187886687233,-0.02166043604608334
D,3.2028843561860922,0.37332869358608956,-0.37262767620939785,-0.022867627281388615
D,3.2060275204218,0.37394885932741984,-0.37317283770543014,-0.02407867502906122
D,3.2091706846575074,0.3745723314146744,-0.3737173602201381,-0.025293598627245808
D,3.2123138488932153,0.3751991264375032,-0.3742612405734047,-0.026512417542004528
D,3.2154570131289226,0.37582926110907894,-0.3748044755394114,-0.027735151368309674
D,3.2186001773646304,0.376462752267095,-0.37534706184621996,-0.02896181983104816
D,3.2217433416003383,0.37709961687477056,-0.3758889961753481,-0.030192442786032662
D,3.2248865058360456,0.3777398720218667,-0.3764302751613403,-0.0314270402210239
D,3.2280296700717535,0.37838353492571314,-0.3769708953913343,-0.03266563225676246
D,3.231172834307461,0.3790306229322436,-0.3775108534046221,-0.03390823914800842
D,3.2343159985431686,0.37968115351704246,-0.3780501456922059,-0.0351548812845933
D,3.2374591627788765,0.3803351442864013,-0.3785887686963492,-0.03640557919247924
D,3.240602327014584,0.38099261297838566,-0.3791267188101224,-0.03766035353482975
D,3.2437454912502917,0.38165357746391326,-0.3796639923769435,-0.03891922511309052
D,3.2468886554859995,0.38231805574784156,-0.38020058569011334,-0.040182214868078735
D,3.250031819721707,0.3829860659700665,-0.3807364949923448,-0.04144934388108418
D,3.2531749839574147,0.3836576264066336,-0.3812717164752881,-0.04272063337498075
D,3.256318148193122,0.38433275547085705,-0.3818062462790491,-0.043996104715346436
D,3.25946131242883,0.38501147171445316,-0.3823400804917026,-0.04527577941159675
D,3.2626044766645377,0.3856937938286825,-0.38287321514880013,-0.04655967911812595
D,3.265747640900245,0.38637974064550507,-0.38340564623287215,-0.047847825635460896
D,3.268890805135953,0.3870693311387461,-0.38393736967292375,-0.04914024091142577
D,3.2720339693716602,0.3877625844252736,-0.3844683813439254,-0.05043694704231601
D,3.275177133607368,0.3884595197661881,-0.38499867706629726,-0.051737966274085966
D,3.278320297843076,0.3891601565680233,-0.3855282526053872,-0.053043321003545245
D,3.2814634620787833,0.38986451438396,-0.38605710367094415,-0.05435303377956808
D,3.284606626314491,0.39057261291505124,-0.3865852259165833,-0.05566712730431415
D,3.287749790550199,0.3912844720114597,-0.38711261493924676,-0.0569856244344595
D,3.2908929547859063,0.392000111673708,-0.387639266278657,-0.05830854818244067
D,3.294036119021614,0.39271955205394166,-0.38816517541676465,-0.05963592171771071
D,3.2971792832573215,0.39344281345720367,-0.3886903377771889,-0.06096776836800537
D,3.3003224474930293,0.3941699163427233,-0.3892147487246524,-0.062304111620624075
D,3.303465611728737,0.39490088132521683,-0.3897384035644088,-0.06364497512372043
D,3.3066087759644445,0.3956357291762017,-0.39026129754166405,-0.06499038268760685
D,3.3097519402001523,0.3963744808253245,-0.3907834258409908,-0.06634035828607174
D,3.3128951044358597,0.397117157361701,-0.3913047835857358,-0.06769492605770741
D,3.3160382686715675,0.3978637800352715,-0.3918253658374207,-0.06905411030725356
D,3.3191814329072753,0.3986143702581685,-0.3923451675951357,-0.07041793550695084
D,3.3223245971429827,0.3993689496060982,-0.39286418379492555,-0.07178642629790931
D,3.3254677613786905,0.40012753981973803,-0.3933824093091697,-0.07315960749149017
D,3.328610925614398,0.4008901628061451,-0.3938998389459535,-0.0745375040706987
D,3.3317540898501057,0.40165684064018237,-0.3944164674484336,-0.07592014119159386
D,3.3348972540858135,0.4024275955659564,-0.3949322894941946,-0.07730754418470827
D,3.338040418321521,0.4032024499982717,-0.39544729969459885,-0.07869973855648403
D,3.3411835825572287,0.4039814265240996,-0.39596149259412855,-0.0800967499907226
D,3.3443267467929365,0.4047645479040611,-0.3964748626697202,-0.08149860435004669
D,3.347469911028644,0.4055518370739258,-0.3969874043300903,-0.0829053276773783
D,3.3506130752643517,0.40634331714612665,-0.39749911191505466,-0.08431694619743116
D,3.353756239500059,0.4071390114112886,-0.3980099796948384,-0.08573348631821563
D,3.356899403735767,0.40793894333977465,-0.3985200018693786,-0.08715497463256124
D,3.3600425679714747,0.40874313658324646,-0.3990291725676175,-0.08858143791965117
D,3.363185732207182,0.40955161497624176,-0.3995374858467892,-0.09001290314657379
D,3.36632889644289,0.4103644025377682,-0.40004493569169663,-0.09144939746988906
D,3.3694720606785973,0.41118152347291265,-0.4005515160139799,-0.09289094823720881
D,3.372615224914305,0.4120030021744684,-0.4010572206513769,-0.0943375829887949
D,3.375758389150013,0.4128288632245776,-0.401562043366974,-0.09578932945917058
D,3.3789015533857203,0.4136591313963924,-0.40206597784844866,-0.09724621557874943
D,3.382044717621428,0.41449383165575215,-0.40256901770730313,-0.0987082694754804
D,3.385187881857136,0.41533298916287836,-0.40307115647808833,-0.10017551947650727
D,3.3883310460928433,0.416176629274087,-0.4035723876176187,-0.10164799410984626
D,3.391474210328551,0.41702477754351946,-0.4040727045041788,-0.10312572210608026
D,3.3946173745642585,0.4178774597248898,-0.4045721004367181,-0.10460873240006768
D,3.3977605387999663,0.4187347017732527,-0.40507056863403923,-0.10609705413267156
D,3.400903703035674,0.41959652984678725,-0.4055681022339735,-0.10759071665250235
D,3.4040468672713815,0.42046297030860097,-0.40606469429254893,-0.10908974951768038
D,3.4071900315070893,0.4213340497285527,-0.40656033778314704,-0.11059418249761574
D,3.4103331957427967,0.42220979488509336,-0.4070550255956496,-0.11210404557480363
D,3.4134763599785045,0.4230902327671277,-0.4075487505355762,-0.11361936894664114
D,3.4166195242142123,0.42397539057589395,-0.40804150532321,-0.11514018302725858
D,3.4197626884499197,0.42486529572686427,-0.408533282592714,-0.11666651844937144
D,3.4229058526856275,0.42575997585166514,-0.40902407489123643,-0.11819840606615079
D,3.4260490169213353,0.4266594588000174,-0.4095138746780056,-0.11973587695311066
D,3.4291921811570427,0.42756377264169687,-0.4100026743234129,-0.121278962410016
D,3.4323353453927505,0.4284729456685169,-0.4104904661080865,-0.12282769396280996
D,3.435478509628458,0.4293870063963294,-0.4109772422219519,-0.12438210336555844
D,3.4386216738641657,0.43030598356704985,-0.41146299476328285,-0.12594222260241728
D,3.4417648380998735,0.43122990615070167,-0.4119477157377397,-0.12750808388961624
D,3.444908002335581,0.432158803347483,-0.4124313970573962,-0.12907971967746493
D,3.4480511665712887,0.43309270458985627,-0.4129140305397556,-0.13065716265237912
D,3.451194330806996,0.434031639544658,-0.41339560790675345,-0.13224044573892546
D,3.454337495042704,0.43497563811523354,-0.41387612078374897,-0.13382960210189007
D,3.4574806592784117,0.4359247304435923,-0.4143555606985043,-0.1354246651483648
D,3.460623823514119,0.43687894691258766,-0.4148339190801511,-0.13702566852985695
D,3.463766987749827,0.4378383181481192,-0.4153111872581445,-0.13863264614442034
D,3.4669101519855348,0.438802875021359,-0.4157873564612049,-0.14024563213880623
D,3.470053316221242,0.43977264865100124,-0.4162624178162457,-0.141864660910638
D,3.47319648045695,0.440747670405537,-0.4167363623472894,-0.1434897671106081
D,3.4763396446926573,0.4417279719055522,-0.4172091809743698,-0.1451209856446953
D,3.479482808928365,0.44271358502605135,-0.4176808645124201,-0.1467583516764077
D,3.482625973164073,0.4437045418988053,-0.4181514036701486,-0.14840190062904562
D,3.4857691373997803,0.44470087491472526,-0.4186207890488999,-0.1500516681879899
D,3.488912301635488,0.4457026167262622,-0.4190890111415024,-0.15170769030301368
D,3.4920554658711955,0.4467098002498315,-0.4195560603311016,-0.15337000319061547
D,3.4951986301069033,0.44772245866826504,-0.42002192688997914,-0.15503864333638015
D,3.498341794342611,0.4487406254332886,-0.4204866009783571,-0.1567136474973602
D,3.5014849585783185,0.449764334268027,-0.4209500726431878,-0.1583950527044845
D,3.5046281228140264,0.4507936191695367,-0.4214123318169287,-0.1600828962649916
D,3.507771287049734,0.4518285144113645,-0.42187336831630196,-0.1617772157648859
D,3.5109144512854416,0.4528690545461358,-0.422333171841039,-0.16347804907142222
D,3.5140576155211494,0.45391527440817053,-0.4227917319726096,-0.165185434335615
D,3.5172007797568567,0.4549672091161264,-0.4232490381729344,-0.16689940999477215
D,3.5203439439925646,0.4560248940756739,-0.423705079783083,-0.16862001477505828
D,3.5234871082282724,0.45708836498219707,-0.4241598460219545,-0.17034728769408125
D,3.5266302724639798,0.4581576578235264,-0.424613325984942,-0.17208126806350796
D,3.5297734366996876,0.4592328088827016,-0.42506550864258175,-0.17382199549170768
D,3.532916600935395,0.460313854740763,-0.42551638283918325,-0.17556950988642037
D,3.5360597651711028,0.4614008322795755,-0.4259659372914445,-0.17732385145745658
D,3.5392029294068106,0.4624937786846827,-0.4264141605870485,-0.17908506071942212
D,3.542346093642518,0.46359273144819246,-0.42686104118324264,-0.18085317849447363
D,3.5454892578782258,0.46469772837169543,-0.42730656740540107,-0.1826282459151033
D,3.548632422113933,0.465808807569214,-0.42775072744556797,-0.1844103044269502
D,3.551775586349641,0.46692600747018603,-0.42819350936098344,-0.1861993957916449
D,3.554918750585349,0.4680493668224796,-0.42863490107259006,-0.1879955620896808
D,3.558061914821056,0.4691789246954429,-0.4290748903635219,-0.18979884572331776
D,3.561205079056764,0.47031472048298767,-0.4295134648775737,-0.19160928941951663
D,3.564348243292472,0.4714567939067056,-0.4299506121176506,-0.1934269362329027
D,3.567491407528179,0.47260518501902127,-0.4303863194441992,-0.1952518295487626
D,3.570634571763887,0.4737599342063803,-0.4308205740736185,-0.19708401308607357
D,3.5737777359995944,0.47492108219247053,-0.43125336307664985,-0.19892353090056122
D,3.576920900235302,0.47608867004148336,-0.431684673376749,-0.20077042738779524
D,3.58006406447101,0.4772627391614074,-0.432114491748434,-0.20262474728631277
D,3.5832072287067174,0.4784433313073622,-0.43254280481561586,-0.2044865356807787
D,3.586350392942425,0.4796304885849689,-0.4329695990499058,-0.20635583800517932
D,3.5894935571781326,0.48082425345375623,-0.43339486076890077,-0.20823270004604735
D,3.5926367214138404,0.4820246687306095,-0.43381857613444985,-0.21011716794572596
D,3.595779885649548,0.48323177759325336,-0.43424073115089457,-0.21200928820566328
D,3.5989230498852556,0.4844456235837781,-0.43466131166329086,-0.21390910768974536
D,3.6020662141209634,0.48566625061220414,-0.4350803033556061,-0.21581667362766502
D,3.605209378356671,0.4868937029600856,-0.4354976917488923,-0.21773203361832372
D,3.6083525425923786,0.4881280252841572,-0.43591346219943905,-0.21965523563327385
D,3.6114957068280864,0.48936926262002156,-0.43632759989689995,-0.22158632802019715
D,3.614638871063794,0.4906174603858773,-0.43674008986239654,-0.22352535950641844
D,3.6177820352995016,0.49187266438629135,-0.4371509169465972,-0.22547237920246127
D,3.6209251995352094,0.4931349208160133,-0.43756006582777185,-0.2274274366056383
D,3.624068363770917,0.4944042762638328,-0.4379675210098215,-0.22939058160368286
D,3.6272115280066246,0.4956807777164836,-0.4383732668202829,-0.23136186447842075
D,3.630354692242332,0.49696447256258763,-0.4387772874083058,-0.23334133590947823
D,3.63349785647804,0.49825540859665,-0.43917956674260716,-0.23532904697803564
D,3.6366410207137476,0.49955363402309466,-0.43958008860939585,-0.2373250491706168
D,3.639784184949455,0.5008591974603493,-0.43997883661027204,-0.23932939438292317
D,3.642927349185163,0.5021721479449778,-0.4403757941600997,-0.24134213492370976
D,3.6460705134208706,0.5034925349358572,-0.4407709444848508,-0.24336332351870105
D,3.649213677656578,0.504820408318406,-0.44116427061942154,-0.2453930133145522
D,3.652356841892286,0.5061558184088603,-0.44155575540542086,-0.24743125788285378
D,3.655500006127993,0.5074988159585979,-0.44194538148892965,-0.24947811122417796
D,3.658643170363701,0.5088494521585156,-0.44233313131823093,-0.2515336277721731
D,3.661786334599409,0.5102077786434536,-0.44271898714151053,-0.25359786239769916
D,3.664929498835116,0.5115738474966746,-0.44310293100452786,-0.25567087041301256
D,3.668072663070824,0.5129477112543926,-0.4434849447482555,-0.25775270757599533
D,3.6712158273065314,0.514329422910356,-0.4438650100064891,-0.2598434300944304
D,3.674358991542239,0.5157190359204835,-0.44424310820342555,-0.2619430946303271
D,3.677502155777947,0.5171166042075532,-0.44461922055120806,-0.2640517583042905
D,3.6806453200136544,0.5185221821659488,-0.44499332804744174,-0.2661694786999428
D,3.6837884842493622,0.5199358246664594,-0.44536541147267356,-0.26829631386839325
D,3.68693164848507,0.5213575870611361,-0.44573545138784154,-0.2704323223327553
D,3.6900748127207774,0.5227875251882057,-0.44610342813168846,-0.27257756309271725
D,3.6932179769564852,0.5242256953770432,-0.4464693218181433,-0.27473209562916323
D,3.6963611411921926,0.5256721544532001,-0.446833112333666,-0.27689597990884324
D,3.6995043054279004,0.5271269597434957,-0.44719477933455914,-0.27906927638909995
D,3.7026474696636082,0.5285901690811644,-0.4475543022442422,-0.28125204602264403
D,3.7057906338993156,0.5300618408110671,-0.447911660250491,-0.28344435026238524
D,3.7089337981350234,0.5315420337949639,-0.4482668323026405,-0.2856462510663195
D,3.712076962370731,0.5330308074168463,-0.448619797108749,-0.2878578109024662
D,3.7152201266064386,0.5345282215883367,-0.4489705331327256,-0.2900790927538661
D,3.7183632908421465,0.5360343367541497,-0.4493190185914207,-0.29231016012363253
D,3.721506455077854,0.537549213897618,-0.4496652314516743,-0.2945510770400598
D,3.7246496193135616,0.5390729145462869,-0.4500091494273286,-0.2968019080617923
D,3.7277927835492695,0.5406055007775715,-0.45035074997619745,-0.2990627182830473
D,3.730935947784977,0.5421470352244853,-0.4506900102969982,-0.3013335733389012
D,3.7340791120206847,0.5436975810814348,-0.4510269073262391,-0.30361453941063415
D,3.737222276256392,0.5452572021100847,-0.4513614177350683,-0.305905683231134
D,3.7403654404921,0.5468259626452935,-0.4516935179260781,-0.3082070720903654
D,3.7435086047278077,0.5484039276011191,-0.4520231840300668,-0.31051877384089654
D,3.746651768963515,0.5499911624768978,-0.4523503919027571,-0.3128408569034925
D,3.749794933199223,0.5515877333633976,-0.45267511712147074,-0.31517339027277247
D,3.7529380974349302,0.5531937069490422,-0.45299733498175687,-0.317516443522928
D,3.756081261670638,0.5548091505262146,-0.45331702049397626,-0.3198700868135121
D,3.759224425906346,0.5564341319976323,-0.45363414837983745,-0.32223439089528916
D,3.7623675901420532,0.5580687198828037,-0.4539486930688884,-0.32460942711615653
D,3.765510754377761,0.5597129833245613,-0.454260628694958,-0.32699526742713286
D,3.7686539186134684,0.5613669920956723,-0.4545699290925505,-0.3293919843884126
D,3.7717970828491763,0.5630308166055336,-0.4548765677931911,-0.33179965117549537
D,3.774940247084884,0.5647045279069438,-0.45518051802172044,-0.33421834158538116
D,3.7780834113205914,0.5663881977029613,-0.4554817526925399,-0.33664813004283983
D,3.7812265755562993,0.5680818983538453,-0.4557802444058047,-0.3390890916067538
D,3.784369739792007,0.569785702884079,-0.45607596544356527,-0.3415413019765309
D,3.7875129040277145,0.5714996849894828,-0.45636888776585516,-0.34400483749859445
D,3.7906560682634223,0.5732239190444123,-0.4566589830067263,-0.3464797751729491
D,3.7937992324991296,0.5749584801090444,-0.45694622247022915,-0.3489661926598195
D,3.7969423967348375,0.5767034439367547,-0.45723057712633697,-0.35146416828637084
D,3.8000855609705453,0.5784588869815833,-0.45751201760681504,-0.3539737810535034
D,3.8032287252062527,0.580224886405795,-0.4577905142010325,-0.3564951106427295
D,3.8063718894419605,0.5820015200875314,-0.45806603685171604,-0.35902823742313017
D,3.809515053677668,0.5837888666285572,-0.4583385551506449,-0.36157324245839123
D,3.8126582179133757,0.5855870053621043,-0.45860803833428704,-0.3641302075139252
D,3.8158013821490835,0.58739601636081,-0.4588744552793733,-0.36669921506407305
D,3.818944546384791,0.5892159804447561,-0.45913777449841164,-0.3692803482993929
D,3.8220877106204987,0.5910469791896084,-0.45939796413513806,-0.3718736911340351
D,3.8252308748562065,0.5928890949348539,-0.4596549919599046,-0.37447932821320085
D,3.828374039091914,0.5947424107921442,-0.4599088253650029,-0.37709734492069136
D,3.8315172033276217,0.5966070106537424,-0.4601594313599226,-0.37972782738654726
D,3.834660367563329,0.5984829792010724,-0.4604067765665431,-0.3823708624947729
D,3.837803531799037,0.6003704019133801,-0.46065082721425865,-0.3850265378911599
D,3.8409466960347447,0.602269365076498,-0.46089154913503455,-0.387694941991195
D,3.844089860270452,0.6041799557917232,-0.46112890775839444,-0.39037616398806785
D,3.84723302450616,0.6061022619848063,-0.4613628681063365,-0.39307029386077247
D,3.8503761887418673,0.608036372415051,-0.46159339478817896,-0.3957774223823019
D,3.853519352977575,0.6099823766845321,-0.4618204519953328,-0.39849764112794567
D,3.856662517213283,0.6119403652474256,-0.46204400349599967,-0.40123104248368074
D,3.8598056814489903,0.613910429419459,-0.4622640126297966,-0.40397771965466583
D,3.862948845684698,0.615892661387482,-0.4624804423023033,-0.40673776667383804
D,3.866092009920406,0.6178871542191549,-0.4626932549795329,-0.40951127841060814
D,3.8692351741561133,0.6198940018727624,-0.46290241268232446,-0.41229835057966385
D,3.872378338391821,0.6219132992071524,-0.4631078769806549,-0.41509907974987814
D,3.8755215026275285,0.6239451419917977,-0.4633096089878714,-0.41791356335332125
D,3.8786646668632363,0.6259896269169904,-0.46350756935484017,-0.4207418996943862
D,3.881807831098944,0.6280468516041617,-0.46370171826401346,-0.42358418795901887
D,3.8849509953346515,0.630116914616336,-0.4638920154234103,-0.42644052822406237
D,3.8880941595703593,0.6321999154687188,-0.4640784200605122,-0.4293110214667147
D,3.8912373238060667,0.6342959546394172,-0.4642608909160711,-0.4321957695740966
D,3.8943804880417745,0.6364051335803018,-0.46443938623782854,-0.4350948753529406
D,3.8975236522774823,0.6385275547280035,-0.46461386377414504,-0.43800844253939175
D,3.9006668165131897,0.6406633215150546,-0.46478428076753736,-0.44093657580893103
D,3.9038099807488975,0.6428125383811731,-0.46495059394812344,-0.4438793807864187
D,3.9069531449846053,0.6449753107846894,-0.4651127595269717,-0.44683696405625634
D,3.9100963092203127,0.6471517452141231,-0.4652707331893562,-0.4498094331726762
D,3.9132394734560205,0.6493419491999095,-0.46542447008791255,-0.4527968966701557
D,3.916382637691728,0.6515460313262742,-0.46557392483569604,-0.4557994640739543
D,3.9195258019274357,0.6537641012432657,-0.4657190514991381,-0.4588172459107853
D,3.9226689661631435,0.6559962696789402,-0.46585980359090207,-0.4618503537196123
D,3.925812130398851,0.6582426484517071,-0.4659961340626337,-0.46489890006258094
D,3.9289552946345587,0.6605033504828342,-0.4661279952976066,-0.46796299853608514
D,3.932098458870266,0.6627784898091135,-0.4662553391032619,-0.4710427637819643
D,3.935241623105974,0.6650681815956961,-0.46637811670363655,-0.47413831149884417
D,3.9383847873416817,0.66737254214909,-0.4664962787316837,-0.47724975845361123
D,3.941527951577389,0.6696916889303304,-0.4666097752214788,-0.4803772224930315
D,3.944671115813097,0.6720257405683223,-0.4667185556003127,-0.483520822555513
D,3.9478142800488047,0.6743748168733551,-0.46682256868066835,-0.4866806786830087
D,3.950957444284512,0.6767390388507974,-0.4669217626520798,-0.48985691203307113
D,3.95410060852022,0.6791185287149708,-0.4670160850728714,-0.49304964489105474
D,3.9572437727559273,0.6815134099032032,-0.4671054828617756,-0.4962590006824651
D,3.960386936991635,0.6839238070900722,-0.4671899022894272,-0.49948510398546797
D,3.963530101227343,0.6863498462018303,-0.4672692889697314,-0.5027280805435457
D,3.9666732654630503,0.688791654431025,-0.46734358785110547,-0.5059880572783162
D,3.969816429698758,0.6912493602513102,-0.4674127432075894,-0.50926516230251
D,3.9729595939344655,0.6937230934324519,-0.4674766986298258,-0.5125595249331041
D,3.9761027581701733,0.6962129850555365,-0.4675353970159061,-0.5158712757046275
D,3.979245922405881,0.6987191675283759,-0.4675887805620791,-0.5192005463826233
D,3.9823890866415885,0.7012417746011204,-0.4676367907533236,-0.5225474699772842
D,3.9855322508772963,0.7037809413820789,-0.46767936835377844,-0.5259121807572592
D,3.9886754151130037,0.7063368043537468,-0.46771645339703116,-0.5292948142636257
D,3.9918185793487115,0.708909501389052,-0.4677479851762611,-0.5326955073240457
D,3.9949617435844194,0.711499171767812,-0.4677739022342348,-0.5361143980670907
D,3.9981049078201267,0.7141059561934153,-0.46779414235315175,-0.5395516259367505
D,4.0012480720558345,0.716729996809725,-0.46780864254433824,-0.5430073317071253
D,4.004391236291542,0.7193714372182054,-0.4678173390377855,-0.5464816574972962
D,4.00753440052725,0.7220304224952832,-0.4678201672715311,-0.54997474678639
D,4.010677564762958,0.7247070992099355,-0.46781706188088074,-0.5534867444288251
D,4.013820728998665,0.7274016154415215,-0.4678079566874664,-0.5570177966697587
D,4.016963893234373,0.7301141207978489,-0.4677927846881409,-0.5605680511607226
D,4.020107057470081,0.7328447664334807,-0.4677714780437026,-0.564137656975452
D,4.023250221705788,0.7355937050682991,-0.4677439680674512,-0.5677267646259273
D,4.026393385941495,0.7383610910063095,-0.4677101852135689,-0.5713355260786054
D,4.029536550177204,0.7411470801547044,-0.46767005906532527,-0.574964094770864
D,4.032679714412911,0.7439518300431811,-0.46762351832310406,-0.5786126256276471
D,4.035822878648618,0.7467754998435265,-0.4675704907922455,-0.5822812750783315
D,4.038966042884327,0.7496182503894644,-0.4675109033707058,-0.5859702010737988
D,4.042109207120034,0.7524802441967672,-0.4674446820365264,-0.5896795631037226
D,4.045252371355741,0.7553616454836523,-0.4673717518351127,-0.5934095222140849
D,4.04839553559145,0.758262620191447,-0.46729203686631837,-0.5971602410249077
D,4.051538699827157,0.7611833360055348,-0.4672054602713309,-0.600931883748207
D,4.054681864062864,0.7641239623765942,-0.46711194421935626,-0.6047246162061867
D,4.057825028298573,0.7670846705421218,-0.46701140989409984,-0.6085386058496541
D,4.06096819253428,0.7700656335482482,-0.4669037774800384,-0.6123740217766718
D,4.064111356769987,0.7730670262718591,-0.46678896614848125,-0.6162310347514536
D,4.067254521005695,0.776089025443013,-0.46666689404341577,-0.6201098172234955
D,4.070397685241403,0.7791318096676695,-0.4665374782671353,-0.6240105433469532
D,4.07354084947711,0.7821955594507264,-0.46640063486564487,-0.6279333890002652
D,4.076684013712818,0.7852804572193792,-0.46625627881383924,-0.6318785318060337
D,4.079827177948526,0.7883866873467966,-0.4661043240004536,-0.6358461511511537
D,4.082970342184233,0.7915144361761203,-0.4659446832127788,-0.6398364282071979
D,4.086113506419941,0.7946638920448048,-0.46577726812114056,-0.6438495459510741
D,4.089256670655649,0.7978352453092846,-0.46560198926313584,-0.6478856891859374
D,4.092399834891356,0.8010286883699808,-0.46541875602762434,-0.6519450445623699
D,4.095542999127064,0.8042444156966634,-0.46522747663846986,-0.6560278005998446
D,4.098686163362771,0.8074826238541553,-0.4650280581380287,-0.6601341477084528
D,4.101829327598479,0.8107435115283964,-0.46482040637037836,-0.6642642782109176
D,4.104972491834187,0.8140272795528649,-0.4646044259642845,-0.6684183863648844
D,4.108115656069894,0.8173341309353743,-0.46438002031590037,-0.6725966683855099
D,4.111258820305602,0.8206642708852344,-0.4641470915711957,-0.6767993224683322
D,4.11440198454131,0.8240179068407893,-0.4639055406081077,-0.6810265488124345
D,4.117545148777017,0.827395248497349,-0.4636552670184125,-0.68527854964392
D,4.120688313012725,0.8307965078354993,-0.4633961690893103,-0.6895555292396779
D,4.123831477248433,0.8342218991498078,-0.46312814378472,-0.6938576939514557
D,4.12697464148414,0.8376716390779406,-0.46285108672627867,-0.6981852522302562
D,4.130117805719848,0.8411459466301738,-0.46256489217404007,-0.7025384146510353
D,4.133260969955556,0.8446450432193211,-0.46226945300686795,-0.7069173939377217
D,4.136404134191263,0.8481691526910866,-0.46196466070251774,-0.7113224049885701
D,4.139547298426971,0.8517185013548342,-0.46165040531740265,-0.7157536649018309
D,4.142690462662679,0.855293318014795,-0.46132657546603845,-0.7202113930017595
D,4.145833626898386,0.8588938340017044,-0.46099305830015985,-0.7246958108649537
D,4.148976791134094,0.8625202832048959,-0.46064973948750576,-0.7292071423470473
D,4.152119955369802,0.8661729021048358,-0.46029650319026455,-0.7337456136097361
D,4.155263119605509,0.8698519298061158,-0.4599332320431768,-0.7383114531481556
D,4.158406283841217,0.8735576080709192,-0.4595598071312858,-0.7429048918186237
D,4.161549448076925,0.8772901813529496,-0.45917610796733355,-0.7475261628667339
D,4.164692612312632,0.8810498968318377,-0.4587820124687941,-0.7521755019558102
D,4.16783577654834,0.884837004448043,-0.45837739693453733,-0.7568531471957447
D,4.170978940784048,0.8886517569382401,-0.4579621360211192,-0.7615593391721979
D,4.174122105019755,0.892494409871203,-0.45753610271868994,-0.7662943209761764
D,4.177265269255463,0.8963652216842085,-0.4570991683265141,-0.7710583382340077
D,4.18040843349117,0.9002644537199418,-0.456651202428096,-0.7758516391376893
D,4.183551597726878,0.9041923702639343,-0.4561920728659043,-0.7806744744756428
D,4.186694761962586,0.9081492385825221,-0.4557216457156878,-0.7855270976638551
D,4.189837926198293,0.912135328961356,-0.4552397852603747,-0.7904097647774406
D,4.192981090434001,0.9161509147444472,-0.454746353963551,-0.7953227345825996
D,4.196124254669709,0.9201962723737671,-0.45424121244250815,-0.8002662685689909
D,4.199267418905416,0.9242716814294201,-0.4537242194408521,-0.8052406309825386
D,4.202410583141124,0.928377424670377,-0.4531952318006687,-0.8102460888586502
D,4.205553747376832,0.9325137880757881,-0.4526541044342365,-0.8152829120558674
D,4.208696911612539,0.9366810608868941,-0.45210069029527705,-0.820351373289965
D,4.211840075848247,0.9408795356495226,-0.45153484034973823,-0.8254517481684788
D,4.214983240083955,0.9451095082571924,-0.450956403546101,-0.8305843152256838
D,4.218126404319662,0.949371277994839,-0.4503652267851991,-0.8357493559580348
D,4.221269568555369,0.9536651475831542,-0.4497611548895466,-0.8409471548600546
D,4.224412732791078,0.9579914232235651,-0.4491440305721637,-0.8461779994606945
D,4.227555897026785,0.9623504146438466,-0.4485136944048908,-0.851442180360158
D,4.230699061262492,0.9667424351443972,-0.44786998478618256,-0.8567399912672126
D,4.233842225498201,0.9711678016451661,-0.4472127379083738,-0.8620717290369757
D,4.236985389733908,0.975626834733248,-0.44654178772440706,-0.8674376937091832
D,4.240128553969615,0.9801198587111724,-0.44585696591401297,-0.8728381885469719
D,4.243271718205324,0.9846472016458679,-0.4451581018493318,-0.8782735200761426
D,4.246414882441031,0.9892091954183306,-0.4444450225599723,-0.883743998124936
D,4.249558046676738,0.993806175774011,-0.443717552697489,-0.8892499358643302
D,4.252701210912447,0.9984384823739105,-0.4429755144992754,-0.894791649848846
D,4.255844375148154,1.0031064588464114,-0.44221872775186166,-0.9003694600578764
D,4.258987539383861,1.0078104528398564,-0.44144700975360074,-0.9059836899375621
D,4.262130703619569,1.0125508160758698,-0.44066017527674045,-0.9116346664431879
D,4.265273867855277,1.0173279044034491,-0.439858036528864,-0.9173227200821343
D,4.268417032090984,1.0221420778538224,-0.43904040311369347,-0.92304818495737
D,4.271560196326692,1.0269937006961032,-0.43820708199123826,-0.9288113988115141
D,4.2747033605624,1.0318831414937328,-0.4373578774372852,-0.9346127030714528
D,4.2778465247981075,1.0368107731617269,-0.4364925910022132,-0.9404524428935216
D,4.280989689033815,1.0417769730247546,-0.4356110214691204,-0.9463309672092791
D,4.284132853269523,1.0467821228760374,-0.4347129648112559,-0.9522486287718515
D,4.2872760175052305,1.051826609037089,-0.4337982141487415,-0.9582057842028631
D,4.290419181740938,1.0569108224183232,-0.4328665597045693,-0.9642027940399815
D,4.293562345976646,1.0620351585805154,-0.43191778875986525,-0.9702400227850473
D,4.2967055102123535,1.0672000177971428,-0.4309516856084068,-0.976317838952815
D,4.299848674448061,1.0724058051176268,-0.4299680315103749,-0.9824366151203235
D,4.302991838683768,1.0776529304314693,-0.42896660464533765,-0.9885967279768751
D,4.3061350029194765,1.082941808533306,-0.4279471800644409,-0.9947985583746494
D,4.309278167155184,1.0882728591888882,-0.4269095296418027,-1.0010424913799476
D,4.312421331390891,1.0936465072020125,-0.4258534220250866,-1.0073289163250925
D,4.3155644956265995,1.0990631824823984,-0.42477862258524995,-1.013658226860965
D,4.318707659862307,1.1045233201145293,-0.4236848933654469,-1.0200308210101952
D,4.321850824098014,1.110027360427488,-0.42257199302907034,-1.0264471012210301
D,4.3249939883337225,1.115575749065774,-0.42143967680692257,-1.0329074744218572
D,4.32813715256943,1.121168937061128,-0.4202876964434976,-1.0394123520764018
D,4.331280316805137,1.1268073809053885,-0.41911580014235555,-1.0459621502396224
D,4.3344234810408455,1.1324915426243727,-0.41792373251057985,-1.0525572896142787
D,4.337566645276553,1.138221889852803,-0.41671123450229874,-1.059198195608195
D,4.34070980951226,1.1439988959103113,-0.41547804336125166,-1.0658852983922413
D,4.343852973747968,1.1498230398785025,-0.4142238925623888,-1.0726190329590013
D,4.346996137983676,1.155694806679118,-0.41294851175248404,-1.079399839182169
D,4.350139302219383,1.1616146871532949,-0.41165162668974803,-1.0862281618766527
D,4.353282466455091,1.167583178141959,-0.41033295918241564,-1.0931044508594225
D,4.356425630690799,1.1736007825673374,-0.4089922270263013,-1.1000291610110766
D,4.359568794926506,1.1796680095156153,-0.4076291439412966,-1.1070027523381412
D,4.362711959162214,1.1857853743207745,-0.4062434195067928,-1.1140256900361352
D,4.365855123397922,1.1919533986495892,-0.4048347590960137,-1.121098444553367
D,4.368998287633629,1.1981726105878163,-0.40340286380923773,-1.1282214916554854
D,4.372141451869337,1.2044435447276036,-0.4019474304058864,-1.1353953124908083
D,4.375284616105045,1.210766742256106,-0.40046815123546714,-1.142620393656402
D,4.378427780340752,1.2171427510453365,-0.39896471416734824,-1.1498972272649308
D,4.38157094457646,1.2235721257432828,-0.3974368025193393,-1.1572263110123013
D,4.384714108812167,1.2300554278662716,-0.39588409498506855,-1.1646081482460655
D,4.387857273047875,1.2365932258926238,-0.3943062655601263,-1.1720432480346246
D,4.391000437283583,1.2431860953575962,-0.39270298346696303,-1.1795321252372113
D,4.39414360151929,1.2498346189496463,-0.39107391307850803,-1.1870753005746817
D,4.397286765754998,1.2565393866080121,-0.3894187138405022,-1.1946733007010948
D,4.400429929990706,1.2633009956216263,-0.3877370401925133,-1.2023266582760868
D,4.403573094226413,1.2701200507294057,-0.38602854148761234,-1.2100359120380746
D,4.406716258462121,1.2769971642218907,-0.38429286191069206,-1.217801606878247
D,4.409859422697829,1.283932956044272,-0.38252964039540627,-1.2256242939153676
D,4.413002586933536,1.2909280539008314,-0.3807385105396973,-1.2335045305714125
D,4.416145751169244,1.2979830933607794,-0.3789191005199001,-1.2414428806480013
D,4.419288915404952,1.3050987179655225,-0.377071033003394,-1.2494399144036514
D,4.422432079640659,1.3122755793373893,-0.3751939250597741,-1.2574962086318675
D,4.4255752438763665,1.3195143372897955,-0.3732873880705268,-1.2656123467400324
D,4.428718408112075,1.3268156599388907,-0.37135102763717626,-1.2737889188291314
D,4.431861572347782,1.3341802238166784,-0.3693844434878853,-1.2820265217742834
D,4.4350047365834895,1.341608713985657,-0.367387229382475,-1.2903257593061208
D,4.438147900819198,1.3491018241549528,-0.3653589730158472,-1.2986872420929632
D,4.441291065054905,1.3566602567979815,-0.36329925591978196,-1.3071115878238162
D,4.4444342292906125,1.364284723271664,-0.3612076533630753,-1.3155994212922035
D,4.447577393526321,1.3719759439371804,-0.35908373425000384,-1.3241513744807991
D,4.450720557762028,1.3797346482822832,-0.35692706101708155,-1.3327680866468645
D,4.4538637219977355,1.3875615750452095,-0.35473718952807953,-1.3414502044085206
D,4.457006886233444,1.3954574723401623,-0.35251366896728914,-1.3501983818318015
D,4.460150050469151,1.4034230977843911,-0.35025604173099745,-1.3590132805185058
D,4.4632932147048585,1.4114592186269048,-0.3479638433171405,-1.3678955696948643
D,4.466436378940566,1.4195666118787797,-0.34563660221311737,-1.3768459263009676
D,4.469579543176274,1.4277460644451219,-0.34327383978172965,-1.385865035080993
D,4.4727227074119815,1.435998373258645,-0.3408750701452196,-1.3949535886741775
D,4.475865871647689,1.4443243454149364,-0.3384398000673751,-1.404112287706592
D,4.479009035883397,1.452724798309346,-0.3359675288336765,-1.4133418408836282
D,4.4821522001191045,1.4612005597755546,-0.3334577481294565,-1.4226429650832377
D,4.485295364354812,1.4697524682258314,-0.33090994191603473,-1.4320163854499186
D,4.48843852859052,1.4783813727929498,-0.3283235863048077,-1.4414628354893915
D,4.4915816928262275,1.4870881334737946,-0.3256981494292621,-1.4509830571639797
D,4.494724857061935,1.4958736212746746,-0.3230330913148701,-1.4605778009886936
D,4.497868021297643,1.5047387183583165,-0.3203278637468533,-1.4702478261279648
D,4.501011185533351,1.5136843181925486,-0.3175819101357748,-1.4799939004930234
D,4.504154349769058,1.5227113257007137,-0.31479466538092504,-1.4898168008399344
D,4.507297514004765,1.5318206574137523,-0.3119655557314817,-1.4997173128682113
D,4.510440678240474,1.5410132416240085,-0.3090939986454045,-1.5096962313200393
D,4.513583842476181,1.5502900185407136,-0.30617940264603904,-1.5197543600800363
D,4.516727006711888,1.5596519404471945,-0.30322116717638875,-1.5298925122755807
D,4.519870170947597,1.5690999718597585,-0.3002186824510399,-1.5401115103776273
D,4.523013335183304,1.5786350896882562,-0.29717132930569745,-1.5504121863019953
D,4.526156499419011,1.5882582833983558,-0.2940784790442977,-1.5607953815111335
D,4.52929966365472,1.5979705551754675,-0.2909394932836795,-1.571261947116275
D,4.532442827890427,1.607772920090327,-0.28775372379577635,-1.5818127439799696
D,4.535585992126134,1.61766640626626,-0.2845205123472902,-1.5924486428189866
D,4.538729156361842,1.627652055048054,-0.28123919053683405,-1.603170524307486
D,4.54187232059755,1.6377309211724747,-0.27790907962949907,-1.6139792791804755
D,4.545015484833257,1.6479040729403671,-0.2745294903888251,-1.6248758083374566
D,4.548158649068965,1.6581725923903736,-0.27109972290613277,-1.635861022946274
D,4.551301813304673,1.6685375754741922,-0.267619066427203,-1.6469358445470572
D,4.55444497754038,1.6790001322333747,-0.2640867991762687,-1.658101205156224
D,4.557588141776088,1.6895613869776676,-0.26050218817728016,-1.66935804737053
D,4.560731306011796,1.700222478464809,-0.2568644890724328,-1.6807073244710322
D,4.563874470247503,1.7109845600817826,-0.25317294593792333,-1.692150000526952
D,4.567017634483211,1.721848800027516,-0.24942679109689578,-1.7036870504993875
D,4.570160798718919,1.7328163814969386,-0.24562524492957172,-1.7153194603447581
D,4.573303962954626,1.743888502866372,-0.2417675156805281,-1.727048227117929
D,4.576447127190334,1.7550663778802527,-0.23785279926308975,-1.73887435907498
D,4.579590291426041,1.7663512358390716,-0.23388027906083278,-1.750798875775468
D,4.582733455661749,1.7777443217885294,-0.22984912572615868,-1.7628228081841575
D,4.585876619897457,1.7892468967098152,-0.22575849697593028,-1.7749471987720855
D,4.589019784133164,1.8008602377110083,-0.22160753738413275,-1.7871731016169332
D,4.592162948368872,1.812585638219469,-0.2173953781715598,-1.799501582502534
D,4.59530611260458,1.8244244081751755,-0.2131211369924971,-1.8119337190174383
D,4.598449276840287,1.836377874224992,-0.20878391771837887,-1.8244706006524924
D,4.601592441075995,1.8484473799176893,-0.20438281021841853,-1.837113328897211
D,4.604735605311703,1.860634285899708,-0.19991689013719563,-1.8498630173349022
D,4.60787876954741,1.872939970111577,-0.19538521866917138,-1.86272079173642
D,4.611021933783118,1.8853658279848486,-0.19078684233014856,-1.875687790152371
D,4.614165098018826,1.8979132726394798,-0.18612079272565626,-1.8887651630036684
D,4.617308262254533,1.910583735081583,-0.18138608631624253,-1.9019540731703195
D,4.6204514264902405,1.923378664401375,-0.1765817241796966,-1.9152556960782399
D,4.623594590725949,1.9362995279712565,-0.1717066917701796,-1.9286712197839866
D,4.626737754961656,1.949347811643864,-0.16675995867428253,-1.942201845057221
D,4.6298809191973636,1.962525019950003,-0.16174047836399275,-1.9558487854607642
D,4.633024083433072,1.975832676296287,-0.15664718794660684,-1.969613267428042
D,4.636167247668779,1.9892723231623233,-0.15147900791158508,-1.9834965303377137
D,4.639310411904487,2.002845522297373,-0.14623484187435246,-1.9974998265853794
D,4.642453576140195,2.0165538549162103,-0.140913576317088,-2.0116244216520527
D,4.645596740375902,2.0303989218940752,-0.13551408032651402,-2.025871594169256
D,4.64873990461161,2.044382343960554,-0.13003520532869633,-2.040242635980528
D,4.651883068847318,2.058505761892132,-0.12447578482091384,-2.0547388521990633
D,4.655026233083025,2.0727708367032576,-0.11883463410061973,-2.0693615612612732
D,4.658169397318733,2.08717924983573,-0.11311054999151908,-2.0841120949760494
D,4.66131256155444,2.1017327033461157,-0.10730231056683825,-2.098991798569396
D,4.664455725790148,2.1164329200910332,-0.10140867486981203,-2.114002030724239
D,4.667598890025856,2.131281643909993,-0.0954283826314628,-2.1291441636150488
D,4.670742054261563,2.146280639805613,-0.08936015398570879,-2.1444195829370805
D,4.673885218497271,2.161431694120857,-0.08320268918190071,-2.159829687929828
D,4.677028382732979,2.176736614713038,-0.07695466829484764,-2.175375891394406
D,4.680171546968686,2.1921972311243354,-0.07061475093239865,-2.1910596197045753
D,4.683314711204394,2.207815394748428,-0.06418157594070063,-2.2068823128109765
D,4.686457875440102,2.2235929789929583,-0.05765376110721554,-2.22284542423826
D,4.689601039675809,2.2395318794375174,-0.051029902861585145,-2.238950421074767
D,4.692744203911517,2.255634013986698,-0.04430857597449071,-2.255198783954279
D,4.695887368147225,2.2719013230179033,-0.03748833325461575,-2.2715920070294953
D,4.699030532382932,2.2883357695235214,-0.030567705243826574,-2.288131597936826
D,4.702173696618639,2.3049393392469915,-0.023545199910750634,-2.3048190777519872
D,4.705316860854348,2.321714040812381,-0.016419302342875596,-2.321655980936006
D,4.708460025090055,2.3386619058469624,-0.009188474437357538,-2.3386438552710973
D,4.711603189325762,2.355784989096402,-0.0018511545906828293,-2.3557842617860016
D,4.714746353561471,2.37308536853196,0.005594242612589601,-2.3730787746701667
D,4.717889517797178,2.390565145449223,0.013149326711821346,-2.3905289811762773
D,4.721032682032885,2.4082264445578723,0.020815731682827493,-2.4081364815106223
D,4.724175846268594,2.4260714140618305,0.02859511625068243,-2.42590288871063
D,4.727319010504301,2.4441022257292344,0.036489164202572685,-2.443829828509014
D,4.730462174740008,2.4623210749516584,0.04449958470045793,-2.4619189391839402
D,4.733605338975717,2.480730180791842,0.052628112593224405,-2.4801718713944805
D,4.736748503211424,2.499331786019313,0.06087650872805778,-2.49859028800073
D,4.739891667447131,2.518128157133216,0.06924656026074548,-2.5171758638679145
D,4.743034831682839,2.5371215843715333,0.07774008096453608,-2.5359302856536785
D,4.746177995918547,2.5563143817060117,0.08635891153724391,-2.5548552515778837
D,4.749321160154254,2.5757088868219205,0.09510491990620103,-2.5739524711740605
D,4.752464324389962,2.5953074610818914,0.10398000153070529,-2.5932236650217826
D,4.75560748862567,2.615112489472898,0.11298607970150634,-2.61267056445906
D,4.758750652861377,2.6351263805354694,0.12212510583691365,-2.632294911273865
D,4.761893817097085,2.6553515662742866,0.13139905977509128,-2.652098457373996
D,4.765036981332793,2.6757905020490527,0.14080995006200717,-2.672082964434199
D,4.7681801455685004,2.696445666444692,0.1503598142345484,-2.6922502035196714
D,4.771323309804208,2.717319561119824,0.16005071909828547,-2.71260195468494
D,4.774466474039916,2.7384147106323637,0.16988476099927285,-2.73314000654704
D,4.7776096382756235,2.7597336622410693,0.17986406608930589,-2.7538661558318926
D,4.780752802511331,2.781278985681987,0.18999079058403603,-2.7747822068929078
D,4.783895966747038,2.8030532729183615,0.20026712101322455,-2.7958899712004786
D,4.7870391309827465,2.8250591378628447,0.21069527446248568,-2.817191266801304
D,4.790182295218454,2.8472992160706054,0.22127749880575376,-2.838687917746252
D,4.793325459454161,2.86977616440201,0.23201607292775214,-2.8603817534855547
D,4.7964686236898695,2.8924926606533443,0.2429133069356034,-2.882274608229943
D,4.799611787925577,2.9154514031541066,0.25397154235875946,-2.904368320276401
D,4.802754952161284,2.938655110329384,0.2651931523363934,-2.9266647312971963
D,4.8058981163969925,2.962106520225584,0.27658054179126856,-2.9491656855906494
D,4.8090412806327,2.9858083899979064,0.2881361475891371,-2.971873029292197
D,4.812184444868407,3.009763495357858,0.2998624386826745,-2.9947886095442575
D,4.8153276091041155,3.0339746299789403,0.31176191623883037,-3.0179142736232483
D,4.818470773339823,3.0584446048586638,0.3238371137484983,-3.0412518680221323
D,4.82161393757553,3.083176247635037,0.3360905971173698,-3.0648032374868954
D,4.824757101811238,3.108172401855431,0.3485249647366885,-3.088570224005122
D,4.827900266046946,3.1334359261958395,0.36114284753267495,-3.112554665744968
D,4.831043430282653,3.15896969362831,0.3739469089932484,-3.136758395942622
D,4.834186594518361,3.184776590534513,0.3869398451707128,-3.161183241736534
D,4.837329758754069,3.21085951576297,0.4001243846588765,-3.1858310229462843
D,4.840472922989776,3.2372213796276754,0.4135032885431249,-3.2107035507942077
D,4.843616087225484,3.2638651028457955,0.42707935032189853,-3.2358026265678226
D,4.846759251461192,3.2907936154117325,0.44085539579785493,-3.261130040220803
D,4.849902415696899,3.3180098554051174,0.45483428293703565,-3.286687568910474
D,4.853045579932607,3.3455167677300697,0.46901890169427723,-3.312476975469648
D,4.856188744168315,3.3733173027829015,0.4834121738029395,-3.3385000068104875
D,4.859331908404022,3.4014144150454966,0.4980170525270461,-3.364758392258138
D,4.86247507263973,3.429811061601511,0.5128365223738564,-3.3912538418118414
D,4.865618236875437,3.4585102005722974,0.5278735987647022,-3.4179880443310267
D,4.868761401111145,3.4875147894695924,0.5431313276619766,-3.4449626656440375
D,4.871904565346853,3.5168277834617174,0.5586127851499648,-3.4721793465769095
D,4.87504772958256,3.5464521335502353,0.5743210769672489,-3.499639700899822
D,4.878190893818268,3.5763907846534937,0.5902593379881584,-3.527345313188406
D,4.881334058053976,3.6066466735938727,0.6064307316508084,-3.5552977365974865
D,4.884477222289683,3.6372227269852084,0.6228384493291328,-3.58349849054454
D,4.887620386525391,3.6681218590167397,0.6394857096461422,-3.611949058300074
D,4.890763550761099,3.699346969130049,0.6563757577256527,-3.6406508844823002
D,4.893906714996806,3.730900939585266,0.6735118643796224,-3.6696053724532978
D,4.897049879232514,3.762786632912703,0.6908973252280419,-3.698813881613842
D,4.900193043468222,3.7950068892460282,0.7085354597483167,-3.7282777245940326
D,4.903336207703929,3.8275645235332263,0.7264296102510179,-3.7579981643370566
D,4.9064793719396365,3.8604623226210784,0.7445831407786114,-3.7879764110729606
D,4.909622536175345,3.893703042209314,0.7629994359238674,-3.8182136191797764
D,4.912765700411052,3.927289403670181,0.7816818995644068,-3.8487108839289896
D,4.9159088646467595,3.961224090729371,0.8006339535098745,-3.8794692381125904
D,4.919052028882468,3.995509746003966,0.8198590360579688,-3.9104896485487304
D,4.922195193118175,4.030148967393147,0.8393606004555773,-3.9417730124631616
D,4.9253383573538825,4.065144304317499,0.8591421132611904,-3.9733201537437304
D,4.928481521589591,4.100498253802385,0.8792070526045186,-4.005131819064997
D,4.931624685825298,4.136213256401117,0.8995589063392773,-4.0372086738802615
D,4.9347678500610055,4.1722916919536654,0.9202011700850287,-4.069551298278439
D,4.937911014296713,4.208735875176335,0.9411373451537081,-4.102160182702931
D,4.941054178532421,4.245548051078236,0.9623709363565836,-4.135035723530132
D,4.9441973427681285,4.282730390200041,0.9839054496871337,-4.1681782185049325
D,4.947340507003836,4.320284983670972,1.005744389875447,-4.2015878620310865
D,4.950483671239544,4.358213838079512,1.02789125780943,-4.235264740313963
D,4.9536268354752515,4.396518870153722,1.0503495478182132,-4.269208826353641
D,4.956769999710959,4.435201901247269,1.0731227448131277,-4.30341997478658
D,4.959913163946667,4.47426465162681,1.0962143212813278,-4.337897916573752
D,4.9630563281823745,4.513708734557048,1.1196277341273217,-4.372642253533841
D,4.966199492418082,4.553535650179784,1.143366421357616,-4.407652452720167
D,4.96934265665379,4.593746779183091,1.1674337986034444,-4.442927840639926
D,4.9724858208894975,4.634343376257416,1.1918332554767765,-4.478467597315025
D,4.975628985125205,4.67532656333542,1.2165681517547378,-4.5142707501838935
D,4.978772149360912,4.716697322612383,1.241641813387423,-4.550336167843735
D,4.9819153135966205,4.7584564893446535,1.2670575283243468,-4.586662553633398
D,4.985058477832328,4.800604744423596,1.2928185421546161,-4.623248439057061
D,4.988201642068035,4.843142606723073,1.318928053556154,-4.660092177049607
D,4.9913448063037436,4.886070425218575,1.3453892095491637,-4.6971919350846525
D,4.994487970539451,4.92938837087665,1.3722051005492644,-4.734545688126849
D,4.997631134775158,4.973096428313936,1.399378755215919,-4.772151211430666
D,5.000774299010867,5.017194387225014,1.4269131350916453,-4.810006073187966
D,5.003917463246574,5.061681833579326,1.4548111290279262,-4.848107627027628
D,5.007060627482281,5.106558140587794,1.4830755473938866,-4.88645300437094
D,5.01020379171799,5.1518224594402,1.5117091160638543,-4.925039106646962
D,5.013346955953697,5.197473709815232,1.540714470180361,-4.963862597372872
D,5.016490120189404,5.243510570165785,1.5700941476894104,-5.00291989410502
D,5.019633284425112,5.289931467782728,1.5998505826450067,-5.042207160267056
D,5.02277644866082,5.336734568641124,1.6299860982804442,-5.081720296862241
D,5.025919612896527,5.383917767033994,1.6605028998441924,-5.121454934078141
D,5.029062777132235,5.431478674999302,1.6914030671986908,-5.161406422792439
D,5.032205941367943,5.479414611546989,1.7226885471807238,-5.201569825989747
D,5.03534910560365,5.527722591693738,1.754361145722663,-5.2419399101000765
D,5.038492269839358,5.576399315314593,1.786422519734517,-5.282511136270935
D,5.041635434075066,5.625441155821104,1.818874168747062,-5.323277651585586
D,5.044778598310773,5.6748441486773755,1.8517174263172507,-5.364233280241536
D,5.047921762546481,5.724603979766579,1.8849534511977926,-5.405371514704321
D,5.051064926782189,5.774715973621504,1.9185832182733566,-5.446685506852695
D,5.054208091017896,5.825175081534328,1.9526075092668438,-5.488168059132592
D,5.057351255253604,5.875975869562505,1.9870269032201584,-5.5298116157388355
D,5.060494419489311,5.927112506448553,2.021841766754517,-5.57160825384429
D,5.063637583725019,5.978578751473589,2.057052244116629,-5.613549674897893
D,5.066780747960727,6.0303679422659595,2.0926582470180004,-5.655627196014296
D,5.069923912196434,6.08247298258796,2.128659444275822,-5.697831741479194
D,5.073067076432142,6.134886330125408,2.165055251264946,-5.740153834395876
D,5.07621024066785,6.187599984306399,2.2018448191917273,-5.782583588499789
D,5.079353404903557,6.240605474178149,2.239027024202097,-5.825110700169995
D,5.082496569139265,6.293893846371596,2.276600456337039,-5.867724440666946
D,5.085639733374973,6.347455653186242,2.314563408350538,-5.910413648628218
D,5.08878289761068,6.401280940829573,2.3529138644064997,-5.953166722855292
D,5.091926061846388,6.4553592378467135,2.391649488672314,-5.99597161542534
D,5.095069226082096,6.509679543778862,2.4307676138287757,-6.038815825164246
D,5.098212390317803,6.564230318090483,2.470265229517522,-6.081686391517983
D,5.1013555545535105,6.618999469407385,2.510138970748728,-6.124569888861075
D,5.104498718789219,6.673974345109998,2.550385106293804,-6.167452421282322
D,5.107641883024926,6.729141721327747,2.590999527089294,-6.210319617888986
D,5.1107850472606335,6.784487793383043,2.6319777346804023,-6.2531566286724445
D,5.113928211496342,6.839998166734507,2.6733148297338944,-6.295948120978782
D,5.117071375732049,6.895657848471536,2.715005500652381,-6.338678276629474
D,5.1202145399677566,6.951451239414003,2.7570440123238096,-6.381330789738133
D,5.123357704203465,7.007362126872204,2.79942419504157,-6.423888865269915
D,5.126500868439172,7.063373678124202,2.8421394336327985,-6.466335218391268
D,5.12964403267488,7.119468434669149,2.885182656834306,-6.508652074658233
D,5.132787196910588,7.175628307316121,2.92854632695705,-6.550821171091666
D,5.135930361146295,7.231834572169626,2.9722224298822013,-6.592823758188367
D,5.139073525382003,7.288067867573917,3.0162024654335466,-6.634640602917087
D,5.14221668961771,7.3443081920785245,3.0604774381722817,-6.676251992747888
D,5.145359853853418,7.400534903488858,3.1050378486623256,-6.717637740763585
D,5.148503018089126,7.456726719065274,3.1498736852553297,-6.758777191900763
D,5.151646182324833,7.512861716934608,3.1949744164462506,-6.79964923036737
D,5.154789346560541,7.568917338777896,3.2403289838513625,-6.840232288282721
D,5.157932510796249,7.624870393856997,3.285925795861633,-6.880504355583829
D,5.161075675031956,7.680697064443122,3.331752722025755,-6.92044299124118
D,5.164218839267664,7.736372912707645,3.377797088217087,-6.960025335823767
D,5.167362003503372,7.791872889135351,3.4240456726400113,-6.999228125451955
D,5.170505167739079,7.847171342517518,3.4704847027311603,-7.038027707173168
D,5.173648331974787,7.902242031580149,3.5170998530109707,-7.0764000557926465
D,5.176791496210495,7.957058138299879,3.563876243940972,-7.114320792187932
D,5.179934660446202,8.011592282957196,3.610798441841874,-7.151765203132133
D,5.183077824681909,8.065816540972243,3.6578504599262582,-7.188708262646267
D,5.186220988917618,8.11970246156508,3.705015760499087,-7.2251246548969235
D,5.189364153153325,8.173221088277238,3.7522772583774917,-7.260988798650144
D,5.192507317389032,8.226342981386766,3.7996173255798436,-7.296274873287381
D,5.195650481624741,8.279038242242772,3.8470177973315054,-7.330956846383215
D,5.198793645860448,8.331276539540054,3.894459979432582,-7.365008502838844
D,5.201936810096155,8.3830271375478,3.941924657030062,-7.39840347555885
D,5.205079974331864,8.434258926299007,3.9893921048331316,-7.43111527765177
D,5.208223138567571,8.484940453740222,4.036842098807079,-7.4631173361281276
D,5.211366302803278,8.53503995983345,4.0842539293772315,-7.494383027062362
D,5.214509467038987,8.584525412593257,4.131606416169418,-7.524885712177104
D,5.217652631274694,8.633364546034143,4.178877924309105,-7.55459877680088
D,5.220795795510401,8.68152489999387,4.22604638229595,-7.583495669142092
D,5.223938959746109,8.728973861789026,4.273089301464612,-7.61154994081394
D,5.227082123981817,8.775678709650014,4.319983797037185,-7.638735288537019
D,5.230225288217524,8.82160665787216,4.366706610765753,-7.66502559693763
D,5.233368452453232,8.866724903610406,4.413234135157483,-7.6903949823520605
D,5.23651161668894,8.911000675234298,4.459542439267146,-7.714817837538444
D,5.239654780924647,8.954401282150181,4.505607296035149,-7.738268877190017
D,5.242797945160355,8.996894165987355,4.551404211141658,-7.760723184135566
D,5.245941109396063,9.038446953034924,4.596908453339658,-7.782156256105418
D,5.24908427363177,9.079027507805582,4.642095086221835,-7.802544052933348
D,5.252227437867478,9.11860398759423,4.686939001369006,-7.821863044058973
D,5.255370602103186,9.157144897888127,4.731414952818738,-7.840090256187222
D,5.2585137663388934,9.194619148478184,4.775497592785989,-7.857203320956949
D,5.261656930574601,9.230996110110762,4.819161508558858,-7.873180522463888
D,5.264800094810308,9.266245671512916,4.862381260485294,-7.888000844479754
D,5.2679432590460165,9.300338296615205,4.905131420958517,-7.901644017203818
D,5.271086423281724,9.333245081790993,4.947386614302044,-7.9140905633812855
D,5.274229587517431,9.364937812924069,4.989121557447643,-7.925321843619112
D,5.2773727517531395,9.395389022112198,5.030311101292986,-7.935320100729078
D,5.280515915988847,9.424572043809667,5.070930272619349,-7.944068502926657
D,5.283659080224554,9.452461070209448,5.110954316444217,-7.951551185714985
D,5.2868022444602625,9.479031205662501,5.150358738677531,-7.957753292283663
D,5.28994540869597,9.504258519931808,5.189119348946366,-7.9626610122550625
D,5.293088572931677,9.528120100078333,5.227212303448338,-7.96626161861353
D,5.2962317371673855,9.550594100777667,5.264614147690634,-7.968543502657483
D,5.299374901403093,9.571659792868282,5.301301858968806,-7.969496206819171
D,5.3025180656388,9.591297609936968,5.337252888438087,-7.969110455204011
D,5.305661229874508,9.609489192750662,5.372445202627962,-7.967378181707679
D,5.308804394110216,9.626217431351298,5.406857324251421,-7.964292555578327
D,5.311947558345923,9.64146650463693,5.440468372160276,-7.959848004300056
D,5.315090722581631,9.655221917261146,5.473258100299798,-7.9540402336839255
D,5.318233886817339,9.667470533692413,5.505206935517962,-7.946866245063899
D,5.321377051053046,9.678200609285543,5.536296014087951,-7.93832434950657
D,5.324520215288754,9.687401818229873,5.566507216807071,-7.928414178956485
D,5.327663379524462,9.695065278250285,5.59582320253928,-7.917136694251104
D,5.330806543760169,9.70118357195196,5.6242274400753,-7.904494189953879
D,5.333949707995877,9.705750764713203,5.651704238190254,-7.890490295967244
D,5.337092872231585,9.708762419046241,5.6782387737863464,-7.875129975902236
D,5.340236036467292,9.710215605361093,5.703817118016025,-7.858419522195634
D,5.343379200703,9.710108909084026,5.728426260290081,-7.840366547980519
D,5.346522364938707,9.70844243409809,5.7520541300839065,-7.820979975730735
D,5.349665529174415,9.705217802490461,5.774689616465634,-7.800270022714712
D,5.352808693410123,9.70043815060741,5.79632258527957,-7.778248183308223
D,5.35595185764583,9.694108121434974,5.816943893929485,-7.754927208230132
D,5.359095021881538,9.686233853339921,5.83654540371707,-7.730321080779082
D,5.362238186117246,9.67682296522155,5.855119989701969,-7.704444990161953
D,5.365381350352953,9.665884538141729,5.872661548061737,-7.677315302018308
D,5.368524514588661,9.653429093515019,5.889165000940634,-7.648949526256406
D,5.371667678824369,9.639468567956717,5.90462629878838,-7.61936628232835
D,5.374810843060076,9.624016284899982,5.919042420200801,-7.588585262081694
D,5.377954007295783,9.607086923107314,5.932411369285582,-7.556627190335032
D,5.381097171531492,9.58869648221374,5.94473217058713,-7.523513783333196
D,5.384240335767199,9.568862245451129,5.956004861615217,-7.489267705245682
D,5.3873835000029064,9.547602739712953,5.966230483031851,-7.453912522877889
D,5.390526664238615,9.52493769312937,5.975411066560983,-7.417472658771126
D,5.393669828474322,9.500887990329629,5.983549620694052,-7.379973342870679
D,5.3968129927100295,9.475475625576934,5.9906501142735875,-7.341440562945152
D,5.399956156945738,9.448723653966608,5.996717458044479,-7.301901013942373
D,5.403099321181445,9.420656140883084,6.001757484269929,-7.261382046468018
D,5.4062424854171525,9.391298109914793,6.005776924515496,-7.219911614573016
D,5.409385649652861,9.36067548942882,6.008783385710521,-7.177518223035222
D,5.412528813888568,9.328815058007903,6.01078532460105,-7.134230874318242
D,5.4156719781242755,9.295744388952418,6.011792020712682,-7.0900790153873245
D,5.418815142359983,9.261491794049341,6.0118135479452315,-7.0450924845586975
D,5.421958306595691,9.226086266807338,6.010860744923678,-6.999301458553312
D,5.4251014708313985,9.189557425354387,6.00894518423181,-6.9527363999207745
D,5.428244635067106,9.151935455189877,6.006079140656191,-6.905428004992603
D,5.431387799302814,9.113251051978054,6.002275558568261,-6.857407152517136
D,5.4345309635385215,9.0735353645639,5.99754801857238,-6.808704853120766
D,5.437674127774229,9.032819938385336,5.991910703546333,-6.759352199731757
D,5.440817292009937,8.99113665944864,5.985378364199279,-6.709380319094785
D,5.4439604562456445,8.948517699026109,5.977966284270201,-6.658820324495341
D,5.447103620481352,8.904995459225256,5.969690245486302,-6.607703269803217
D,5.45024678471706,8.860602519571447,5.9605664923983745,-6.556060104936013
D,5.4533899489527675,8.815371584735304,5.95061169720579,-6.5039216328332445
D,5.456533113188475,8.769335433526402,5.939842924679368,-6.451318468021722
D,5.459676277424182,8.722526869266053,5.928277597286433,-6.398280996844391
D,5.4628194416598905,8.674978671640329,5.915933460616508,-6.344839339413771
D,5.465962605895598,8.62672355012569,5.902828549201619,-6.291023313342869
D,5.469105770131305,8.577794099068328,5.888981152819032,-6.236862399296111
D,5.4722489343670135,8.528222754489217,5.874409783359097,-6.182385708394664
D,5.475392098602721,8.478041752676232,5.859133142334635,-6.127621951501034
D,5.478535262838428,8.427283090614992,5.843170089102521,-6.072599410399389
D,5.4816784270741366,8.375978488301019,5.826539609862199,-6.0173459108803335
D,5.484821591309844,8.324159352966065,5.809260787489792,-5.961888797730624
D,5.487964755545551,8.271856745242351,5.791352772260264,-5.906254911620793
D,5.49110791978126,8.21910134728067,5.772834753504667,-5.850470567877394
D,5.494251084016967,8.165923432829443,5.753725932243289,-5.794561537119447
D,5.497394248252674,8.112352839273635,5.73404549482955,-5.738553027732336
D,5.500537412488382,8.058418941626664,5.713812587634895,-5.682469670148045
D,5.50368057672409,8.004150628459623,5.693046292798365,-5.6263355028939905
D,5.506823740959797,7.949576279747014,5.67176560506008,-5.570173960369087
D,5.509966905195505,7.894723746601739,5.6499894096927346,-5.514007862301009
D,5.513110069431213,7.839620332866673,5.627736461540225,-5.457859404835129
D,5.51625323366692,7.784292778525253,5.605025365168307,-5.401750153202228
D,5.519396397902628,7.728767244888697,5.5818745561276355,-5.345701035909072
D,5.522539562138336,7.673069301513926,5.558302283325805,-5.289732340394035
D,5.525682726374043,7.617223914802135,5.534326592500972,-5.233863710087428
D,5.528825890609751,7.561255438225116,5.509965310786415,-5.1781141428148585
D,5.531969054845459,7.505187604123771,5.485236032352026,-5.122501990480833
D,5.535112219081166,7.449043517020811,5.460156105105857,-5.067044959968779
D,5.538255383316874,7.392845648387643,5.434742618435995,-5.011760115193022
D,5.541398547552581,7.33661583280459,5.409012391971057,-4.956663880238656
D,5.544541711788289,7.280375265451441,5.382981965334753,-4.901772043524459
D,5.547684876023997,7.224144500865602,5.35666758886875,-4.847099762925225
D,5.550828040259704,7.167943452903787,5.330085215295864,-4.792661571789802
D,5.553971204495412,7.1117913958436745,5.303250492294464,-4.738471385792537
D,5.55711436873112,7.055706966561736,5.2761787559536355,-4.684542510556539
D,5.560257532966827,6.999708167723834,5.248885025077649,-4.63088764998843
D,5.563400697202535,6.9438123719258975,5.221383996307375,-4.577518915265823
D,5.566543861438243,6.888036326723052,5.1936900400260155,-4.524447834420346
D,5.56968702567395,6.832396160485882,5.165817197015479,-4.471685362460262
D,5.572830189909658,6.776907389024634,5.137779175830043,-4.419241891979193
D,5.575973354145366,6.721584922922936,5.1095893508535095,-4.367127264198897
D,5.579116518381073,6.666443075524085,5.0812607610060265,-4.315350780395898
D,5.5822596826167805,6.611495571515048,5.052806109067185,-4.263921213664299
D,5.585402846852489,6.556755556054441,5.024237761581934,-4.212846820968563
D,5.588546011088196,6.502235604393188,4.995567749316628,-4.16213535544269
D,5.5916891753239035,6.447947731937531,4.966807768232415,-4.1117940788936025
D,5.594832339559612,6.393903404707181,4.937969180944537,-4.061829774469632
D,5.597975503795319,6.340113550142323,4.909063018636068,-4.012248759456226
D,5.6011186680310265,6.286588568215545,4.880099983395597,-3.96305689816342
D,5.604261832266735,6.233338342807099,4.851090450949323,-3.9142596148719413
D,5.607404996502442,6.180372253303434,4.822044473758577,-3.8658619068064675
D,5.6105481607381495,6.127699186381032,4.792971784454707,-3.8178683571065966
D,5.613691324973858,6.075327547939964,4.763881799584413,-3.770283147768425
D,5.616834489209565,6.023265275153146,4.734783623639291,-3.723110072531149
D,5.619977653445273,5.971519848599245,4.705686053344352,-3.676352549684973
D,5.62312081768098,5.920098304449446,4.676597582181446,-3.6300136347787815
D,5.626263981916688,5.869007246679863,4.647526405124332,-3.5840960332073757
D,5.629407146152396,5.818252859283264,4.618480423563173,-3.538602112659972
D,5.632550310388103,5.767840918455574,4.589467250397229,-3.4935339154131215
D,5.635693474623811,5.717776804734483,4.560494215275612,-3.4488931704530015
D,5.638836638859519,5.668065515069088,4.531568369966871,-3.404681305413357
D,5.641979803095226,5.6187116748007515,4.502696493838974,-3.3608994583165486
D,5.645122967330934,5.569719549537778,4.473885099432711,-3.3175484891071707
D,5.648266131566642,5.521093056907175,4.445140438111976,-3.2746289909683317
D,5.651409295802349,5.472835778168407,4.41646850577546,-3.2321413014120632
D,5.654552460038057,5.424950969675932,4.387875048615464,-3.190085513136862
D,5.657695624273765,5.377441574177924,4.359365568910029,-3.1484614846459356
D,5.660838788509472,5.330310231940206,4.330945330835654,-3.1072688506209594
D,5.663981952745179,5.283559291685631,4.302619366288683,-3.0665070320472343
D,5.667125116980888,5.237190821340164,4.274392480704249,-3.0261752460868223
D,5.670268281216595,5.191206618578044,4.246269258862396,-2.986272515697235
D,5.673411445452302,5.145608221159196,4.218254070671661,-2.9467976789937693
D,5.676554609688011,5.100396917053548,4.190351076921452,-2.9077493983547757
D,5.679697773923718,5.055573754347228,4.162564234994845,-2.8691261692693666
D,5.682840938159425,5.011139550926633,4.134897304534248,-2.8309263289277924
D,5.685984102395134,4.967094903937467,4.107353853053195,-2.7931480645555893
D,5.689127266630841,4.923440199016105,4.079937261487799,-2.7557894214927217
D,5.692270430866548,4.880175619291481,4.052650729682135,-2.7188483110195474
D,5.695413595102257,4.837301154156646,4.025497281802525,-2.682322517932118
D,5.698556759337964,4.79481660780927,3.998479771675911,-2.6462097078693803
D,5.701699923573671,4.752721607561075,3.971600888048148,-2.610507434395293
D,5.704843087809379,4.711015611916894,3.9448631597585964,-2.575213145839413
D,5.707986252045087,4.669697918424215,3.918268960827682,-2.540324191899491
D,5.711129416280794,4.628767671294674,3.891820515454574,-2.5058378300100768
D,5.714272580516502,4.588223868799182,3.8655199029224763,-2.471751231481183
D,5.71741574475221,4.548065370439024,3.83936906240953,-2.4380614874115087
D,5.720558908987917,4.5082909038952375,3.8133697977034777,-2.4047656143806355
D,5.723702073223625,4.468899071759049,3.7875237818186682,-2.371860559924824
D,5.726845237459333,4.429888358046406,3.761832561514277,-2.339343207801287
D,5.72998840169504,4.39125713449988,3.7362975617129095,-2.307210383045782
D,5.733131565930748,4.353003666681248,3.710920089818914,-2.2754588568283927
D,5.736274730166456,4.315126119858532,3.6857013399361267,-2.2440853511126515
D,5.739417894402163,4.277622564691177,3.660642396984869,-2.2130865431229743
D,5.742561058637871,4.240490982717275,3.635744240718269,-2.1824590696254664
D,5.745704222873578,4.20372927164689,3.6110077496381696,-2.1521995310272635
D,5.7488473871092864,4.167335250465634,3.586433704811114,-2.1223044952994594
D,5.751990551344994,4.131306664352636,3.562022793584939,-2.0927705017287144
D,5.755133715580701,4.095641189417129,3.5377756132067137,-2.063594064502516
D,5.7582768798164095,4.060336437258063,3.5136926743429724,-2.034771676133229
D,5.761420044052117,4.025389959351077,3.489774404503227,-2.0062998107258583
D,5.764563208287824,3.990799251267006,3.466021151367753,-1.9781749270943283
D,5.7677063725235325,3.956561756726544,3.442433186021026,-1.950393471731323
D,5.77084953675924,3.9226748714952904,3.4190107060920103,-1.9229518816363569
D,5.773992700994947,3.8891359471234996,3.3957538388026576,-1.8958465870067696
D,5.7771358652306555,3.8559422945349193,3.3726626439260774,-1.8690740137963453
D,5.780279029466363,3.82309118746912,3.3497371166559886,-1.8426305861461403
D,5.78342219370207,3.7905798657812793,3.3269771903887584,-1.8165127286918037
D,5.786565357937778,3.758405538604016,3.304382739419925,-1.7907168687520132
D,5.789708522173486,3.7265653873751208,3.2819535815565923,-1.7652394384020935
D,5.792851686409193,3.695056568735581,3.2596894806475922,-1.7400768764371868
D,5.795994850644901,3.6638762173016435,3.237590149032861,-1.715225630228856
D,5.799138014880609,3.6330214483152012,3.2156552499139814,-1.6906821574793207
D,5.802281179116316,3.602489360176299,3.193884399647516,-1.6664429278771185
D,5.805424343352024,3.5722770368615016,3.1722771699627974,-1.642504424657911
D,5.808567507587732,3.5423815502321565,3.1508330901061092,-1.6188631460742953
D,5.811710671823439,3.512799962236044,3.1295516489128468,-1.5955156067780825
D,5.814853836059147,3.4835293270061025,3.108432296809463,-1.5724583391185398
D,5.817997000294854,3.4545666928598173,3.0874744477469465,-1.5496878943600558
D,5.821140164530562,3.425909104202693,3.0666774810675625,-1.5272008438224516
D,5.82428332876627,3.3975536033392464,3.046040743306592,-1.504993779947187
D,5.827426493001977,3.369497232194699,3.025563549930695,-1.4830633172924572
D,5.830569657237685,3.341737033950757,3.0052451870147157,-1.461406093460298
D,5.833712821473393,3.3142700545985377,2.985084912858538,-1.4400187699585467
D,5.8368559857091,3.287093344411609,2.965081959545584,-1.418898033000405
D,5.839999149944808,3.2602039593423022,2.945235534444719,-1.3980405942444423
D,5.843142314180516,3.2335989623440375,2.925544821657068,-1.3774431914775827
D,5.846285478416223,3.20727542462251,2.9060089834093445,-1.3571025892436022
D,5.849428642651931,3.18123042681851,2.886627161395287,-1.3370155794196512
D,5.852571806887639,3.1554610601249826,2.8673984780666997,-1.3171789817431245
D,5.855714971123346,3.1299644273408824,2.848322037875589,-1.297589644291133
D,5.858858135359053,3.104737643864374,2.8293969284689147,-1.2782444439148462
D,5.862001299594762,3.0797778386277286,2.810622221837344,-1.2591402866307608
D,5.865144463830469,3.0550821549763407,2.7919969754194973,-1.2402741079709998
D,5.868287628066176,3.0306477514939965,2.7735202331629623,-1.221642873294517
D,5.871430792301885,3.006471802776731,2.7551910265435384,-1.203243578061205
D,5.874573956537592,2.982551500157351,2.73700837554401,-1.1850732480706858
D,5.877717120773299,2.9588840523825737,2.718971289593655,-1.16712893966748
D,5.880860285009008,2.9354666862449355,2.701078768469891,-1.149407739914343
D,5.884003449244715,2.912296647171284,2.6833298031632022,-1.1319067667353326
D,5.8871466134804225,2.8893711997696827,2.6657233767065427,-1.1146231690301271
D,5.890289777716131,2.8666876283366034,2.6482584649704535,-1.097554126761172
D,5.893432941951838,2.844243237326101,2.630934037425001,-1.0806968510150479
D,5.8965761061875455,2.8220353517825436,2.613749057869595,-1.0640485840393883
D,5.899719270423253,2.8000613177386784,2.596702485131888,-1.0476065992567722
D,5.902862434658961,2.7783185025804196,2.579793273736695,-1.031368201256763
D,5.9060055988946685,2.7568042953799763,2.563020374546049,-1.015330725767382
D,5.909148763130376,2.735516107198627,2.5463827353712913,-0.9994915396070891
D,5.912291927366084,2.714451371360666,2.5298793015582692,-0.9838480406184913
D,5.9154350916017915,2.6936075436997866,2.5135090165465286,-0.9683976575847856
D,5.918578255837499,2.6729821027791396,2.497270822403385,-0.9531378501299337
D,5.921721420073207,2.6525725500864055,2.4811636603338294,-0.9380661086036145
D,5.9248645843089145,2.6323764102050213,2.4651864711671045,-0.9231799539518574
D,5.928007748544622,2.612391230962652,2.44933819582073,-0.9084769375742071
D,5.93115091278033,2.5926145835581083,2.433617775742884,-0.8939546411683542
D,5.9342940770160375,2.573044062667729,2.4180241533338775,-0.8796106765630102
D,5.937437241251745,2.5536772865321655,2.4025562723474354,-0.8654426855397643
D,5.940580405487452,2.5345118970246947,2.3872130782726333,-0.8514483396447573
D,5.9437235697231605,2.515545559701861,2.3719935186970984,-0.8376253399908012
D,5.946866733958868,2.4967759638374494,2.3568965436522467,-0.8239714170506867
D,5.950009898194575,2.4782008224405585,2.341921105941153,-0.8104843304422535
D,5.9531530624302835,2.459817872258699,2.3270661614497774,-0.7971618687059187
D,5.956296226665991,2.4416248737666595,2.3123306694421344,-0.7840018490752093
D,5.959439390901698,2.4236196111418837,2.297713592839996,-0.7710021172408357
D,5.9625825551374065,2.4057998922271504,2.2832138984877672,-0.758160547108896
D,5.965725719373114,2.3881635484812413,2.2688305574030827,-0.7454750405536934
D,5.968868883608821,2.3707084349182024,2.254562545013632,-0.7329435271656112
D,5.9720120478445295,2.353432430035941,2.24040884138081,-0.7205639639945715
D,5.975155212080237,2.3363334357347387,2.2263684314106897,-0.7083343352894833
D,5.978298376315944,2.319409377226217,2.212440305052759,-0.6962526522340602
D,5.981441540551652,2.302658202933416,2.198623457486987,-0.6843169526794698
D,5.98458470478736,2.286077884382457,2.1849168892996196,-0.6725253008741338
D,5.987727869023067,2.2696664160863596,2.171319606648197,-0.6608757871910713
D,5.990871033258775,2.253421815421422,2.157830621416154,-0.6493665278530693
D,5.994014197494483,2.237342122496765,2.1444489513575262,-0.6379956646560665
D,5.99715736173019,2.221425400017399,2.1311736202320826,-0.6267613646910131
D,6.000300525965898,2.2056697331412503,2.1180036579312826,-0.615661820064473
D,6.003443690201606,2.19007322933061,2.1049381005954704,-0.604695247618287
D,6.006586854437313,2.174634018198395,2.091975990722658,-0.5938598886485351
D,6.009730018673021,2.1593502513495166,2.0791163772691954,-0.5831540086239981
D,6.012873182908729,2.1442201022178335,2.066358315742738,-0.5725758969044129
D,6.016016347144436,2.12924176589897,2.053700868287805,-0.5621238664587016
D,6.019159511380144,2.1144134589792993,2.041143103764207,-0.5517962535833542
D,6.022302675615851,2.099733419361479,2.028684097818706,-0.5415914176212082
D,6.025445839851559,2.0851999060867823,2.0163229329501653,-0.5315077406807638
D,6.028589004087267,2.070811199154539,2.0040586985684743,-0.5215436273562293
D,6.031732168322974,2.0565655993389074,1.9918904910475026,-0.5116975044484173
D,6.034875332558682,2.042461428003304,1.979817413772379,-0.5019678206866901
D,6.03801849679439,2.028497026912702,1.9678385771813296,-0.4923530464520676
D,6.041161661030097,2.0146707580439966,1.955953098802287,-0.48285167350160707
D,6.044304825265805,2.0009810033947275,1.9441601032845555,-0.4734622146942213
D,6.047447989501513,1.9874261647903364,1.9324587224257324,-0.46418320371802724
D,6.05059115373722,1.974004663690123,1.920848095194069,-0.45501319481930635
D,6.053734317972928,1.9607149409921598,1.9093273677465388,-0.4459507625332223
D,6.056877482208636,1.9475554568373166,1.8978956934427853,-0.43699450141636587
D,6.060020646444343,1.9345246904125144,1.886552232855101,-0.4281430257811841
D,6.0631638106800505,1.9216211397534724,1.8752961537747064,-0.4193949694324282
D,6.066306974915759,1.9088433215470089,1.8641266312144276,-0.4107489854056451
D,6.069450139151466,1.8961897709331097,1.8530428474080043,-0.40220374570781237
D,6.0725933033871735,1.8836590413068388,1.8420439918061342,-0.3937579410601404
D,6.075736467622882,1.8712497041202787,1.8311292610694656,-0.3854102806431396
D,6.078879631858589,1.8589603486846042,1.8202978590586685,-0.37715949184398534
D,6.0820227960942965,1.8467895819723759,1.8095489968217109,-0.3690043200062059
D,6.085165960330005,1.8347360284202066,1.7988818925785108,-0.36094352818177455
D,6.088309124565712,1.8227983297319041,1.7882957717031058,-0.3529758968856269
D,6.0914522888014195,1.810975144682122,1.7777898667034049,-0.34510022385261185
D,6.094595453037128,1.799265148920706,1.76736341719874,-0.3373153237969526
D,6.097738617272835,1.7876670347777623,1.757015669895276,-0.32962002817421787
D,6.1008817815085425,1.776179511069519,1.7467458785593888,-0.3220131849458107
D,6.10402494574425,1.7648013029051133,1.7365533039891727,-0.3144936583460351
D,6.107168109979958,1.7535311514943164,1.7264372139841289,-0.30706032865172067
D,6.1103112742156656,1.742367813956318,1.7163968833131824,-0.29971209195444787
D,6.113454438451373,1.7313100631295606,1.7064315936810706,-0.29244785993534755
D,6.116597602687081,1.7203566873827645,1.6965406336932563,-0.28526655964252673
D,6.119740766922789,1.7095064904271526,1.6867232988194285,-0.27816713327110526
D,6.122883931158496,1.6987582911299053,1.6769788913556498,-0.2711485379458492
D,6.126027095394204,1.6881109233289415,1.6673067203852787,-0.2642097455064397
D,6.129170259629912,1.677563235649059,1.657706101738741,-0.25734974229535973
D,6.132313423865619,1.6671140913194211,1.6481763579521715,-0.2505675289483748
D,6.135456588101327,1.6567623679925034,1.6387168182250753,-0.24386212018764405
D,6.138599752337035,1.646506957564495,1.6293268183770337,-0.2372325446174336
D,6.141742916572742,1.6363467659971638,1.6200057008035098,-0.23067784452241016
D,6.144886080808449,1.626280713141274,1.6107528144308687,-0.22419707566854252
D,6.148029245044158,1.61630773256152,1.6015675146706128,-0.21778930710656713
D,6.151172409279865,1.6064267713630602,1.592449163372955,-0.21145362097803327
D,6.154315573515572,1.596636790019598,1.583397128779708,-0.2051891123238808
D,6.157458737751281,1.5869367622031079,1.5744107854766243,-0.19899488889557537
D,6.160601901986988,1.5773256746151798,1.5654895143451888,-0.19287007096876602
D,6.163745066222695,1.567802526819981,1.5566327025139088,-0.18681379115943597
D,6.166888230458404,1.5583663310788984,1.5478397433091862,-0.1808251942425603
D,6.170031394694111,1.5490161121868455,1.5391100362057935,-0.17490343697323668
D,6.173174558929818,1.5397509073102158,1.5304429867769755,-0.16904768791025576
D,6.176317723165527,1.530569765826548,1.5218380066442627,-0.1632571272421225
D,6.179460887401234,1.5214717491658758,1.5132945134270117,-0.1575309466154927
D,6.182604051636941,1.5124559306537533,1.5048119306916912,-0.15186834896599047
D,6.185747215872649,1.5035213953559965,1.4963896879009868,-0.14626854835141528
D,6.188890380108357,1.494667239925119,1.4880272203627356,-0.1407307697872923
D,6.192033544344064,1.4858925724484733,1.4797239691787312,-0.135254249084762
D,6.195176708579772,1.4771965122980772,1.4714793811934108,-0.12983823269076233
D,6.19831987281548,1.4685781899821582,1.463292908942487,-0.12448197753050966
D,6.201463037051187,1.4600367469983928,1.4551640106015329,-0.11918475085224113
D,6.204606201286895,1.4515713356888267,1.4470921499345335,-0.11394583007418196
D,6.207749365522603,1.4431811190964967,1.4390767962424562,-0.10876450263374042
D,6.21089252975831,1.4348652708237464,1.4311174243118603,-0.10364006583889335
D,6.214035693994018,1.4266229748921964,1.4232135143635345,-0.09857182672172461
D,6.217178858229726,1.4184534256044083,1.4153645520012315,-0.09355910189411862
D,6.220322022465433,1.4103558274072174,1.4075700281604988,-0.08860121740557107
D,6.223465186701141,1.4023293947566988,1.399829439057604,-0.0836975086030796
D,6.226608350936848,1.394373351984809,1.392142286138617,-0.0788473199931168
D,6.229751515172556,1.3864869331676533,1.3845080760286304,-0.07405000510563806
D,6.232894679408264,1.3786693819953946,1.3769263204811586,-0.06930492636011587
D,6.236037843643971,1.3709199516437667,1.3693965363277054,-0.06461145493355475
D,6.239181007879679,1.3632379046472078,1.3619182454275403,-0.059968970630486444
D,6.242324172115387,1.3556225127736017,1.3544909746176943,-0.05537686175490988
D,6.245467336351094,1.34807305690058,1.3471142556631608,-0.05083452498413793
D,6.2486105005868025,1.3405888268934236,1.3397876252073524,-0.04634136524455102
D,6.25175366482251,1.3331691214845225,1.3325106247228082,-0.0418967955892203
D,6.254896829058217,1.3258132481543698,1.3252828004621438,-0.037500237077364836
D,6.258039993293925,1.3185205230141146,1.318103703409293,-0.03315111865564264
D,6.261183157529633,1.3112902706896228,1.3109728892310184,-0.02884887704123044
D,6.26432632176534,1.3041218242070653,1.303889918228723,-0.024592956606683505
D,6.267469486001048,1.2970145248799803,1.2968543552905412,-0.020382809266531392
D,6.270612650236756,1.2899677221978394,1.289865769843757,-0.01621789436560929
D,6.273755814472463,1.2829807737160785,1.282923735807529,-0.012097678569089524
D,6.276898978708171,1.2760530449475742,1.276027831545928,-0.008021635754179727
D,6.280042142943879,1.2691839092555686,1.2691776398213097,-0.003989246903485011
D,6.283185307179586,1.262372747748028,1.262372747748028,-3.0919214897209433e-16
